IncidentID,AgencyORI,AgencyName,IncidentStatusDesc,County,RdwyNumber,Street,RoadwayName,StreetSfx,StreetDir,IntersectionRdwy,IntersectionRdwyName,BetweenStRdwy1,BetweenStRdwyName1,BetweenStRdwy2,BetweenStRdwyName2,Latitude,Longitude,Milepoint,CollisionDate,CollisionTime,UnitsInvolved,MotorVehiclesInvolved,NumberKilled,NumberInjured,Weather,RdwyConditionCode,HitandRun,DirAnalysisCode,MannerofCollision,RdwyCharacter,LightCondition,RampFromRdwyId,RampToRdwyId,AcceptedDate,IsSecondaryCollision,OwnerBadge,IncidentStatus,
28102001,0568000,LOUISVILLE METRO POLICE DEPT,Accepted,JEFFERSON,,811,WHITNEY,AVE,W,,,,,,,38.193854615,-85.773247694,0.539,5/6/2021 12:00:00 AM,1600,1,1,0,0,CLEAR,DRY,True,OTHER ROADWAY OR MID-BLOCK COLLISION,SINGLE VEHICLE,STRAIGHT & LEVEL,DAYLIGHT,,,5/7/2021 8:07:31 AM,False,5252,Accepted,
28097849,0568000,LOUISVILLE METRO POLICE DEPT,Accepted,JEFFERSON,,,KENTUCKY,ST,E,,1ST,,,,,38.238408285,-85.754660891,0.001,5/6/2021 12:00:00 AM,0055,2,2,0,0,CLEAR,DRY,False,ANGLE COLLISION - OTHER,ANGLE,STRAIGHT & LEVEL,DARK-HWY LIGHTED/OFF,,,5/6/2021 8:14:01 AM,False,5287,Accepted,
28097843,0568000,LOUISVILLE METRO POLICE DEPT,Accepted,JEFFERSON,,1923,CLUB HILL,DR,,,,,,,,38.105127786,-85.730480076,0.240,5/6/2021 12:00:00 AM,0506,2,2,0,0,CLEAR,DRY,True,1 VEHICLE ENTERING/LEAVING ENTRANCE,ANGLE,CURVE & HILLCREST,DARK (UNKNOWN ROADWAY LIGHTING),,,5/6/2021 8:13:44 AM,False,5293,Accepted,
28116682,0568000,LOUISVILLE METRO POLICE DEPT,Accepted,JEFFERSON,I 0264,,I264 W,,,,,,,,,38.190254904,-85.759679697,10.531,5/6/2021 12:00:00 AM,1646,2,2,0,0,CLOUDY,DRY,False,REAR END IN TRAFFIC LANES BOTH VEHICLES MOVING,REAR END,STRAIGHT & GRADE,DAYLIGHT,,,5/11/2021 8:38:50 AM,False,8278,Accepted,
28157900,0568000,LOUISVILLE METRO POLICE DEPT,Accepted,JEFFERSON,,,MARKET,ST,W,,SHAWNEE,,,,,38.264052457,-85.821484866,1.950,5/6/2021 12:00:00 AM,1738,2,2,0,1,CLEAR,DRY,False,SIDESWIPE-SAME DIRECTION,SIDESWIPE-SAME DIRECTION,STRAIGHT & LEVEL,DAYLIGHT,,,5/21/2021 8:44:55 AM,False,5003,Accepted,
28116681,0568000,LOUISVILLE METRO POLICE DEPT,Accepted,JEFFERSON,I 0065,,,,,,,,,,,38.109079323,-85.701464777,0.834,5/6/2021 12:00:00 AM,1336,1,1,0,0,CLOUDY,DRY,False,COLLISION WITH FIXED OBJECT NOT IN GORE ,SINGLE VEHICLE,CURVE & GRADE,DAYLIGHT,KY0481,I 0065,5/11/2021 8:38:46 AM,False,8278,Accepted,
28101999,0568000,LOUISVILLE METRO POLICE DEPT,Accepted,JEFFERSON,KY1931,,MANSLICK,RD,,,,,,,,38.191656386,-85.800915162,8.107,5/6/2021 12:00:00 AM,1655,2,2,0,0,CLEAR,DRY,False,REAR END IN TRAFFIC LANES BOTH VEHICLES MOVING,REAR END,STRAIGHT & LEVEL,DAYLIGHT,,,5/7/2021 8:07:21 AM,False,5252,Accepted,
28102000,0568000,LOUISVILLE METRO POLICE DEPT,Accepted,JEFFERSON,KY1447,,WESTPORT,RD,,,,,MURPHY,,COLLINS,38.302134144,-85.532158617,7.583,5/6/2021 12:00:00 AM,0908,2,2,0,1,CLEAR,DRY,False,1 VEHICLE ENTERING/LEAVING ENTRANCE,ANGLE,STRAIGHT & LEVEL,DAYLIGHT,,,5/7/2021 8:07:26 AM,False,7876,Accepted,
28102007,0568000,LOUISVILLE METRO POLICE DEPT,Accepted,JEFFERSON,KY0061,,PRESTON,HWY,,,PRESTON,,,,,38.178855500,-85.717147812,7.240,5/6/2021 12:00:00 AM,1900,2,2,0,0,CLEAR,DRY,False,OTHER INTERSECTION COLLISIONS,REAR END,STRAIGHT & LEVEL,DAYLIGHT,,,5/7/2021 8:07:50 AM,False,5189,Accepted,
28101983,0568000,LOUISVILLE METRO POLICE DEPT,Accepted,JEFFERSON,US0150,,BROADWAY,,E,KY0061,JACKSON,,,,,38.245135506,-85.745595816,3.075,5/6/2021 12:00:00 AM,0914,2,2,0,1,CLEAR,DRY,False,ANGLE COLLISION - OTHER,ANGLE,STRAIGHT & LEVEL,DAYLIGHT,,,5/7/2021 8:06:10 AM,False,7823,Accepted,
28101991,0568000,LOUISVILLE METRO POLICE DEPT,Accepted,JEFFERSON,KY1932,,BRECKENRIDGE,LN,,,SIX MILE,,,,,38.197613771,-85.625204997,1.135,5/6/2021 12:00:00 AM,1117,2,2,0,1,CLEAR,DRY,False,OTHER INTERSECTION COLLISIONS,REAR END,STRAIGHT & GRADE,DAYLIGHT,,,5/7/2021 8:06:44 AM,False,7482,Accepted,
28101980,0568000,LOUISVILLE METRO POLICE DEPT,Accepted,JEFFERSON,US0060,,SHELBYVILLE,RD,,,HOLLEY,,,,,38.248282722,-85.600128419,6.589,5/6/2021 12:00:00 AM,0723,2,2,0,0,CLOUDY,DRY,False,ANGLE COLLISION - OTHER,ANGLE,STRAIGHT & LEVEL,DAYLIGHT,,,5/7/2021 8:06:00 AM,False,6456,Accepted,
28101981,0568000,LOUISVILLE METRO POLICE DEPT,Accepted,JEFFERSON,,,MCCLOSKEY,AVE,,KY2054,ALGONQUIN,,,,,38.222844418,-85.787990910,0.286,5/6/2021 12:00:00 AM,0927,2,2,0,1,CLEAR,DRY,False,ANGLE COLLISION - OTHER,ANGLE,STRAIGHT & LEVEL,DAYLIGHT,,,5/7/2021 8:06:03 AM,False,7091,Accepted,
28101989,0568000,LOUISVILLE METRO POLICE DEPT,Accepted,JEFFERSON,,,ST CATHERINE,ST,E,,BROOK,,,,,38.236709861,-85.753270496,1.225,5/6/2021 12:00:00 AM,1102,2,2,0,0,CLEAR,DRY,False,ANGLE COLLISION - OTHER,ANGLE,STRAIGHT & LEVEL,DAYLIGHT,,,5/7/2021 8:06:37 AM,False,5111,Accepted,
28101990,0568000,LOUISVILLE METRO POLICE DEPT,Accepted,JEFFERSON,KY0155,,TAYLORSVILLE,RD,,,CHENOWETH RUN,,,,,38.188328198,-85.551952357,8.464,5/6/2021 12:00:00 AM,1515,2,2,0,4,CLEAR,DRY,False,ANGLE COLLISION - OTHER,ANGLE,STRAIGHT & LEVEL,DAYLIGHT,,,5/7/2021 8:06:40 AM,False,7486,Accepted,
28101998,0568000,LOUISVILLE METRO POLICE DEPT,Accepted,JEFFERSON,US0031E,,BARDSTOWN,RD,,,,,LANCASHIRE,,MANCHESTER,38.216186326,-85.675343631,12.433,5/6/2021 12:00:00 AM,1320,2,2,0,0,CLEAR,DRY,False,COLLISION WITH FIXED OBJECT NON - INTERSECTION - FIRST EVENT COLLISION 09 - 32 EXCLUDING 16,ANGLE,STRAIGHT & LEVEL,DAYLIGHT,,,5/7/2021 8:07:14 AM,False,7960,Accepted,
28102006,0568000,LOUISVILLE METRO POLICE DEPT,Accepted,JEFFERSON,,410,5TH,ST,S,,CATHEDRAL SCHOOL,,,,,38.252311651,-85.759007217,3.482,5/6/2021 12:00:00 AM,2000,2,2,0,0,CLOUDY,DRY,False,COLLISION WITH PARKED VEHICLE,SIDESWIPE-SAME DIRECTION,STRAIGHT & LEVEL,DAYLIGHT,,,5/7/2021 8:07:47 AM,False,5372,Accepted,
28101997,0568000,LOUISVILLE METRO POLICE DEPT,Accepted,JEFFERSON,KY0864,,FEGENBUSH,LN,,,SHERLOCK,,,,,38.158797771,-85.637524229,6.349,5/5/2021 12:00:00 AM,1739,2,2,0,0,CLEAR,DRY,False,ANGLE COLLISION - OTHER,ANGLE,STRAIGHT & LEVEL,DAYLIGHT,,,5/7/2021 8:07:11 AM,False,7484,Accepted,
28097845,0568000,LOUISVILLE METRO POLICE DEPT,Accepted,JEFFERSON,,,GRAY,ST,E,KY0864,SHELBY,,,,,38.245850753,-85.739254095,0.630,5/5/2021 12:00:00 AM,2040,2,2,0,0,CLEAR,DRY,False,SIDESWIPE-SAME DIRECTION,SIDESWIPE-SAME DIRECTION,STRAIGHT & LEVEL,DUSK,,,5/6/2021 8:13:50 AM,False,5268,Accepted,
28097829,0568000,LOUISVILLE METRO POLICE DEPT,Accepted,JEFFERSON,,,MUHAMMAD ALI,BLVD,W,,ROY WILKINS,,,,,38.252048647,-85.765777010,0.718,5/5/2021 12:00:00 AM,1652,2,1,0,0,CLEAR,DRY,True,COLLISION WITH PEDESTRIAN IN INTERSECTION,SINGLE VEHICLE,STRAIGHT & LEVEL,DAYLIGHT,,,5/6/2021 8:12:44 AM,False,5187,Accepted,
28097837,0568000,LOUISVILLE METRO POLICE DEPT,Accepted,JEFFERSON,I 0064,,I64 W,,,,,,,,,38.279213697,-85.822699603,0.091,5/5/2021 12:00:00 AM,2109,2,2,0,0,CLEAR,DRY,False,1 VEHICLE ENTERING/LEAVING ENTRANCE,ANGLE,CURVE & LEVEL,DARK-HWY LIGHTED/ON,,,5/6/2021 8:13:17 AM,False,5347,Accepted,
28097838,0568000,LOUISVILLE METRO POLICE DEPT,Accepted,JEFFERSON,KY1065,,OUTER,LOOP,,,,,,,,38.136964653,-85.709422493,4.782,5/5/2021 12:00:00 AM,2238,2,2,0,0,CLEAR,DRY,False,1 VEHICLE ENTERING/LEAVING ENTRANCE,ANGLE,STRAIGHT & HILLCREST,DARK-HWY LIGHTED/ON,,,5/6/2021 8:13:22 AM,False,5336,Accepted,
28093525,0568000,LOUISVILLE METRO POLICE DEPT,Accepted,JEFFERSON,,1850,BLUEGRASS,AVE,,,,,,,,38.179314245,-85.794974287,0.212,5/5/2021 12:00:00 AM,0116,2,1,0,0,RAINING,WET,False,COLLISION IN PARKING LOT,SINGLE VEHICLE,STRAIGHT & LEVEL,DARK-HWY LIGHTED/ON,,,5/5/2021 9:06:18 AM,False,5337,Accepted,
28097814,0568000,LOUISVILLE METRO POLICE DEPT,Accepted,JEFFERSON,US0031E,,BARDSTOWN,RD,,,GLENWORTH,,,,,38.203711512,-85.665239602,11.432,5/5/2021 12:00:00 AM,1458,2,2,0,0,CLEAR,DRY,False,OTHER INTERSECTION COLLISIONS,REAR END,STRAIGHT & LEVEL,DAYLIGHT,,,5/6/2021 8:11:45 AM,False,7492,Accepted,
28097820,0568000,LOUISVILLE METRO POLICE DEPT,Accepted,JEFFERSON,I 0265,,I265 W,,,,,,,,,38.217812726,-85.506206092,25.105,5/5/2021 12:00:00 AM,1531,2,2,0,0,CLOUDY,DRY,False,SIDESWIPE COLLISION - SAME DIRECTION,SIDESWIPE-SAME DIRECTION,STRAIGHT & GRADE,DAYLIGHT,,,5/6/2021 8:12:09 AM,False,8278,Accepted,
28097821,0568000,LOUISVILLE METRO POLICE DEPT,Accepted,JEFFERSON,,4605,BATES,AVE,,,JEFFERSON,,,,,38.139909153,-85.676176571,0.613,5/5/2021 12:00:00 AM,1612,2,2,0,0,CLEAR,DRY,False,COLLISION IN PARKING LOT,ANGLE,STRAIGHT & LEVEL,DAYLIGHT,,,5/6/2021 8:12:14 AM,False,5371,Accepted,
28097822,0568000,LOUISVILLE METRO POLICE DEPT,Accepted,JEFFERSON,US0031W,,DR W J HODGE,ST,,,EDDY,,,,,38.254926232,-85.785575134,20.032,5/5/2021 12:00:00 AM,1725,2,1,0,0,CLEAR,DRY,False,COLLISION WITH PEDESTRIAN IN INTERSECTION,SINGLE VEHICLE,STRAIGHT & LEVEL,DAYLIGHT,,,5/6/2021 8:12:19 AM,False,5365,Accepted,
28097804,0568000,LOUISVILLE METRO POLICE DEPT,Accepted,JEFFERSON,I 0064,,I64 W,,,,,,,,,38.278165888,-85.821563383,0.207,5/5/2021 12:00:00 AM,0621,2,2,0,0,CLOUDY,DRY,True,SIDESWIPE COLLISION - SAME DIRECTION,SIDESWIPE-SAME DIRECTION,STRAIGHT & LEVEL,DAYLIGHT,,,5/6/2021 8:10:50 AM,False,4903,Accepted,
28097810,0568000,LOUISVILLE METRO POLICE DEPT,Accepted,JEFFERSON,I 0065,,I65 N,,,,,,,,,38.154496063,-85.716274130,128.045,5/5/2021 12:00:00 AM,0838,3,3,0,0,CLOUDY,DRY,False,SIDESWIPE COLLISION - SAME DIRECTION,SIDESWIPE-SAME DIRECTION,STRAIGHT & GRADE,DAYLIGHT,,,5/6/2021 8:11:22 AM,False,2017,Accepted,
28097835,0568000,LOUISVILLE METRO POLICE DEPT,Accepted,JEFFERSON,KY1703,,NEWBURG,RD,,I 0264,I264 E EXIT15 ON RAMP FROM KY1703 S,,,,,38.201535300,-85.687644594,2.178,5/5/2021 12:00:00 AM,2155,2,2,0,1,CLEAR,DRY,False,ANGLE COLLISION - OTHER,ANGLE,STRAIGHT & HILLCREST,DARK-HWY LIGHTED/ON,,,5/6/2021 8:13:00 AM,False,7049,Accepted,
28097836,0568000,LOUISVILLE METRO POLICE DEPT,Accepted,JEFFERSON,,,CENTRAL,AVE,,,4TH,,,,,38.205170204,-85.765574215,0.441,5/5/2021 12:00:00 AM,2120,3,3,0,0,CLEAR,DRY,False,ANGLE COLLISION - OTHER,ANGLE,STRAIGHT & LEVEL,DARK-HWY LIGHTED/ON,,,5/6/2021 8:13:05 AM,False,5332,Accepted,
28121166,0560400,SHIVELY POLICE DEPARTMENT,Accepted,JEFFERSON,I 0264,,I264 E,,,,,I 0264,I264 E EXIT5 ON RAMP FROM KY1934,I 0264,I264 E EXIT8B OFF RAMP TO US31W S,38.189208667,-85.830147055,6.472,5/5/2021 12:00:00 AM,1915,1,1,0,0,CLEAR,DRY,False,OTHER ROADWAY OR MID-BLOCK COLLISION,SINGLE VEHICLE,CURVE & LEVEL,DAYLIGHT,,,5/12/2021 7:19:08 AM,False,7124,Accepted,
28139943,0568000,LOUISVILLE METRO POLICE DEPT,Accepted,JEFFERSON,KY1934,,CANE RUN,RD,,,,,,,,38.189991974,-85.849605911,8.255,5/5/2021 12:00:00 AM,1748,2,2,0,1,CLEAR,DRY,False,REAR END IN TRAFFIC LANES BOTH VEHICLES MOVING,REAR END,STRAIGHT & LEVEL,DAYLIGHT,,,5/17/2021 8:36:10 AM,False,5257,Accepted,
28139920,0568000,LOUISVILLE METRO POLICE DEPT,Accepted,JEFFERSON,KY0907,,VALLEY STATION,RD,,,MILLERS,,,,,38.105936014,-85.851003394,0.899,5/5/2021 12:00:00 AM,0640,2,2,0,1,CLOUDY,WET,False,ANGLE COLLISION - OTHER,ANGLE,CURVE & LEVEL,DAWN,,,5/17/2021 8:34:44 AM,False,2098,Accepted,
28139921,0568000,LOUISVILLE METRO POLICE DEPT,Accepted,JEFFERSON,,,WOOD,RD,,,MEMORY,,,,,38.150125129,-85.872716072,0.146,5/5/2021 12:00:00 AM,1005,1,1,0,0,CLOUDY,WET,False,COLLISION WITH FIXED OBJECT IN INTERSECTION - FIRST EVENT COLLISION 09 - 32,SINGLE VEHICLE,STRAIGHT & LEVEL,DAYLIGHT,,,5/17/2021 8:34:47 AM,False,2098,Accepted,
28101979,0568000,LOUISVILLE METRO POLICE DEPT,Accepted,JEFFERSON,KY1931,4400 BLK,MANSLICK,RD,,,,,,,,38.182782807,-85.799816360,7.483,5/5/2021 12:00:00 AM,2211,2,2,0,2,CLEAR,DRY,False,REAR END IN TRAFFIC LANES BOTH VEHICLES MOVING,REAR END,STRAIGHT & LEVEL,DARK-HWY LIGHTED/ON,,,5/7/2021 8:05:57 AM,False,7040,Accepted,
28101986,0568000,LOUISVILLE METRO POLICE DEPT,Accepted,JEFFERSON,,520,35TH,ST,N,,,,,,,38.270539883,-85.804893398,0.295,5/5/2021 12:00:00 AM,1450,2,2,0,0,CLOUDY,DRY,True,COLLISION IN PARKING LOT,SIDESWIPE-SAME DIRECTION,STRAIGHT & LEVEL,DAYLIGHT,,,5/7/2021 8:06:19 AM,False,2403,Accepted,
28097806,0568000,LOUISVILLE METRO POLICE DEPT,Accepted,JEFFERSON,KY1931,,MANSLICK,RD,,,PIKES PEAK,,,,,38.165773388,-85.797484188,6.273,5/5/2021 12:00:00 AM,0905,3,3,0,0,CLOUDY,DRY,False,OTHER INTERSECTION COLLISIONS,REAR END,STRAIGHT & GRADE,DAYLIGHT,,,5/6/2021 8:10:59 AM,False,7817,Accepted,
28097841,0568000,LOUISVILLE METRO POLICE DEPT,Accepted,JEFFERSON,,,OAK,ST,E,KY0061,PRESTON,,,,,38.234332710,-85.748614505,0.372,5/5/2021 12:00:00 AM,2021,2,2,0,0,CLEAR,DRY,True,SIDESWIPE-SAME DIRECTION,SIDESWIPE-SAME DIRECTION,STRAIGHT & LEVEL,DAYLIGHT,,,5/6/2021 8:13:38 AM,False,5348,Accepted,
28097842,0568000,LOUISVILLE METRO POLICE DEPT,Accepted,JEFFERSON,,,HILL,ST,W,,5TH,,,,,38.226182813,-85.763551286,0.363,5/5/2021 12:00:00 AM,1942,2,2,0,1,CLEAR,DRY,False,ANGLE COLLISION - OTHER,ANGLE,STRAIGHT & LEVEL,DAYLIGHT,,,5/6/2021 8:13:41 AM,False,5152,Accepted,
28097809,0568000,LOUISVILLE METRO POLICE DEPT,Accepted,JEFFERSON,US0031E,,BARDSTOWN,RD,,I 0265,I265 E EXIT17 OFF RAMP TO US31E,,,,,38.139290512,-85.582213476,4.792,5/5/2021 12:00:00 AM,0734,2,2,0,0,CLOUDY,DRY,False,ANGLE COLLISION - OTHER,ANGLE,STRAIGHT & LEVEL,DAYLIGHT,,,5/6/2021 8:11:14 AM,False,2017,Accepted,
28097818,0568000,LOUISVILLE METRO POLICE DEPT,Accepted,JEFFERSON,US0031W,,DIXIE,HWY,,,PARALEE,,,,,38.133108821,-85.845980748,10.764,5/5/2021 12:00:00 AM,1512,2,2,0,1,CLEAR,DRY,False,ANGLE COLLISION - OTHER,ANGLE,STRAIGHT & LEVEL,DAYLIGHT,,,5/6/2021 8:12:04 AM,False,7205,Accepted,
28097834,0568000,LOUISVILLE METRO POLICE DEPT,Accepted,JEFFERSON,I 0065,,I65 S,,,,,,,,,38.121794300,-85.702050386,125.624,5/5/2021 12:00:00 AM,2119,2,2,0,1,CLEAR,DRY,True,REAR END IN TRAFFIC LANES BOTH VEHICLES MOVING,REAR END,STRAIGHT & LEVEL,DARK (UNKNOWN ROADWAY LIGHTING),,,5/6/2021 8:12:57 AM,False,5248,Accepted,
28093521,0568000,LOUISVILLE METRO POLICE DEPT,Accepted,JEFFERSON,,616,BRECKINRIDGE,ST,E,,,,KAHN,,LYLES,38.240231701,-85.743632982,1.024,5/5/2021 12:00:00 AM,0319,2,2,0,1,CLOUDY,WET,False,1 VEHICLE PARKED POSITION (NOT PARKING LOT/DRIVEWAY),REAR END,STRAIGHT & LEVEL,DARK-HWY LIGHTED/ON,,,5/5/2021 9:05:49 AM,False,5204,Accepted,
28097850,0568000,LOUISVILLE METRO POLICE DEPT,Accepted,JEFFERSON,,,12TH ST CONN,,,,MAGAZINE,,,,,38.249398207,-85.772408890,0.142,5/5/2021 12:00:00 AM,2124,1,1,0,0,CLEAR,DRY,False,COLLISION WITH FIXED OBJECT IN INTERSECTION - FIRST EVENT COLLISION 09 - 32,SINGLE VEHICLE,CURVE & LEVEL,DARK-HWY LIGHTED/ON,,,5/6/2021 8:14:04 AM,False,7325,Accepted,
28097848,0568000,LOUISVILLE METRO POLICE DEPT,Accepted,JEFFERSON,KY1020,,SOUTHSIDE,DR,,,SOUTHLAND,,,,,38.171142569,-85.764781794,6.972,5/5/2021 12:00:00 AM,2155,2,2,0,0,CLEAR,DRY,False,SIDESWIPE-SAME DIRECTION,SIDESWIPE-SAME DIRECTION,STRAIGHT & LEVEL,DARK (UNKNOWN ROADWAY LIGHTING),,,5/6/2021 8:13:57 AM,False,5324,Accepted,
28097823,0568000,LOUISVILLE METRO POLICE DEPT,Accepted,JEFFERSON,,,DRESDEN,AVE,,,CLIFF,,,,,38.197618124,-85.774860439,0.436,5/5/2021 12:00:00 AM,1407,2,2,0,1,CLEAR,DRY,True,ANGLE COLLISION - OTHER,ANGLE,STRAIGHT & LEVEL,DAYLIGHT,,,5/6/2021 8:12:27 AM,False,5349,Accepted,
28111871,0568000,LOUISVILLE METRO POLICE DEPT,Accepted,JEFFERSON,,8301,BROAD RUN,RD,,,,,,,,38.126619500,-85.541555951,0.957,5/5/2021 12:00:00 AM,0720,1,1,0,0,FOG WITH RAIN,WET,True,OTHER ROADWAY OR MID-BLOCK COLLISION,SINGLE VEHICLE,CURVE & HILLCREST,DARK-HWY LIGHTED/OFF,,,5/10/2021 8:50:02 AM,False,5169,Accepted,
28200864,0568000,LOUISVILLE METRO POLICE DEPT,Accepted,JEFFERSON,,,12TH,ST,S,US0150,BROADWAY,,,,,38.247620935,-85.771589928,0.389,5/5/2021 12:00:00 AM,1115,2,1,0,1,CLEAR,DRY,True,OTHER INTERSECTION COLLISIONS,SINGLE VEHICLE,STRAIGHT & GRADE,DAYLIGHT,,,6/1/2021 9:30:55 AM,False,2661,Accepted,
29195934,0568000,LOUISVILLE METRO POLICE DEPT,Accepted,JEFFERSON,KY0864,,POPLAR LEVEL,RD,,,AUDUBON,,,,,38.210159330,-85.717105956,12.472,5/5/2021 12:00:00 AM,1527,2,2,0,0,CLEAR,DRY,False,OPPOSING LEFT TURN,OPPOSING LEFT TURN,CURVE & GRADE,DAYLIGHT,,,11/8/2021 7:28:35 AM,False,7383,Accepted,
28130430,0568000,LOUISVILLE METRO POLICE DEPT,Accepted,JEFFERSON,US0031E,,BARDSTOWN,RD,,,WOODFORD,,,,,38.225254328,-85.695458831,13.736,5/4/2021 12:00:00 AM,2317,1,1,0,2,RAINING,WET,False,COLLISION WITH FIXED OBJECT IN INTERSECTION - FIRST EVENT COLLISION 09 - 32,SINGLE VEHICLE,STRAIGHT & LEVEL,DARK-HWY LIGHTED/ON,,,5/14/2021 9:07:42 AM,False,7304,Accepted,
28577457,0568000,LOUISVILLE METRO POLICE DEPT,Accepted,JEFFERSON,I 0065,,I65 N,,,,,,,,,38.153907124,-85.715928348,128.000,5/4/2021 12:00:00 AM,1930,1,1,0,1,RAINING,WET,False,OTHER COLLISIONS ON SHOULDER,SINGLE VEHICLE,STRAIGHT & LEVEL,DARK-HWY LIGHTED/ON,,,8/30/2021 8:46:29 AM,False,7751,Accepted,
28113073,0568000,LOUISVILLE METRO POLICE DEPT,Accepted,JEFFERSON,,,PLYMOUTH,CT,,,,,,,,38.250745848,-85.780273245,0.306,5/4/2021 12:00:00 AM,1810,2,1,0,0,CLOUDY,DRY,True,1 VEHICLE PARKED POSITION (NOT PARKING LOT/DRIVEWAY),SIDESWIPE-SAME DIRECTION,STRAIGHT & LEVEL,DAYLIGHT,,,5/10/2021 12:25:28 PM,False,5318,Accepted,
28111897,0568000,LOUISVILLE METRO POLICE DEPT,Accepted,JEFFERSON,KY1747,3401 BLK,FERN VALLEY,RD,,,,,,,,38.156961388,-85.704419226,1.525,5/4/2021 12:00:00 AM,0352,2,2,1,1,CLEAR,DRY,False,REAR END IN TRAFFIC LANES BOTH VEHICLES MOVING,REAR END,STRAIGHT & LEVEL,DARK-HWY LIGHTED/ON,,,5/10/2021 8:51:12 AM,False,2142,Accepted,
29312655,0568000,LOUISVILLE METRO POLICE DEPT,Accepted,JEFFERSON,US0060,,SHELBYVILLE,RD,,,SHELBY STATION,,,,,38.239308268,-85.490202004,12.785,5/4/2021 12:00:00 AM,2030,2,2,0,0,RAINING,WET,False,ANGLE COLLISION - OTHER,ANGLE,STRAIGHT & LEVEL,DARK-HWY LIGHTED/ON,,,11/15/2021 8:20:49 AM,False,5329,Accepted,
28111864,0568000,LOUISVILLE METRO POLICE DEPT,Accepted,JEFFERSON,,,ROY WILKINS,AVE,,,MUHAMMAD ALI,,,,,38.252047124,-85.765777387,0.386,5/4/2021 12:00:00 AM,2110,2,2,0,1,CLOUDY,DRY,False,ANGLE COLLISION - OTHER,ANGLE,STRAIGHT & LEVEL,DARK-HWY LIGHTED/ON,,,5/10/2021 8:49:36 AM,False,5275,Accepted,
28093523,0568000,LOUISVILLE METRO POLICE DEPT,Accepted,JEFFERSON,US0031E,,BARDSTOWN,RD,,,,,,,,38.235411173,-85.715491858,15.059,5/4/2021 12:00:00 AM,2041,2,2,0,0,CLOUDY,DRY,True,1 VEHICLE PARKED POSITION (NOT PARKING LOT/DRIVEWAY),SIDESWIPE-SAME DIRECTION,STRAIGHT & LEVEL,DUSK,,,5/5/2021 9:06:07 AM,False,7376,Accepted,
28101988,0568000,LOUISVILLE METRO POLICE DEPT,Accepted,JEFFERSON,KY1932,3600,BRECKENRIDGE,LN,,,,,,,,38.194257906,-85.625423066,0.897,5/4/2021 12:00:00 AM,0116,1,1,2,2,CLOUDY,DRY,False,COLLISION WITH FIXED OBJECT NON - INTERSECTION - FIRST EVENT COLLISION 09 - 32 EXCLUDING 16,SINGLE VEHICLE,STRAIGHT & LEVEL,DARK-HWY LIGHTED/ON,,,5/7/2021 8:06:33 AM,False,2217,Accepted,
28097825,0568000,LOUISVILLE METRO POLICE DEPT,Accepted,JEFFERSON,,1627,STEVENS,AVE,,,,,,,,38.227759187,-85.713054669,0.060,5/4/2021 12:00:00 AM,2130,2,2,0,0,RAINING,WET,True,1 VEHICLE PARKED POSITION (NOT PARKING LOT/DRIVEWAY),SIDESWIPE-OPPOSITE DIRECTION,STRAIGHT & LEVEL,DARK-HWY LIGHTED/ON,,,5/6/2021 8:12:34 AM,False,7960,Accepted,
28097808,0568000,LOUISVILLE METRO POLICE DEPT,Accepted,JEFFERSON,I 0264,,I264 E,,,,,,,,,38.191517967,-85.714729801,12.895,5/4/2021 12:00:00 AM,0814,2,2,0,1,CLOUDY,DRY,False,SIDESWIPE COLLISION - SAME DIRECTION,SIDESWIPE-SAME DIRECTION,CURVE & GRADE,DAYLIGHT,,,5/6/2021 8:11:08 AM,False,6886,Accepted,
28093506,0568000,LOUISVILLE METRO POLICE DEPT,Accepted,JEFFERSON,US0031E,,BARDSTOWN,RD,,,BROOKRIDGE VILLAGE,,,,,38.145203493,-85.584968722,5.192,5/4/2021 12:00:00 AM,2102,2,2,0,0,CLOUDY,WET,False,ANGLE COLLISION - ONE VEHICLE TURNING LEFT,ANGLE,STRAIGHT & LEVEL,DARK-HWY LIGHTED/ON,,,5/5/2021 9:05:11 AM,False,5141,Accepted,
28093470,0568000,LOUISVILLE METRO POLICE DEPT,Accepted,JEFFERSON,,,LOWER HUNTERS,TRCE,,,,,,,,38.158632221,-85.849368562,0.831,5/4/2021 12:00:00 AM,1044,2,2,0,0,CLOUDY,WET,False,1 VEHICLE ENTERING/LEAVING ENTRANCE,ANGLE,STRAIGHT & LEVEL,DAYLIGHT,,,5/5/2021 9:02:21 AM,False,7244,Accepted,
28093479,0568000,LOUISVILLE METRO POLICE DEPT,Accepted,JEFFERSON,,5209,JOHNSONTOWN,RD,,,,,,,,38.121463657,-85.864684673,0.491,5/4/2021 12:00:00 AM,1230,2,2,0,0,CLEAR,DRY,True,OTHER ROADWAY OR MID-BLOCK COLLISION,REAR END,STRAIGHT & LEVEL,DAYLIGHT,,,5/5/2021 9:03:28 AM,False,7263,Accepted,