IncidentID,AgencyORI,AgencyName,IncidentStatusDesc,County,RdwyNumber,Street,RoadwayName,StreetSfx,StreetDir,IntersectionRdwy,IntersectionRdwyName,BetweenStRdwy1,BetweenStRdwyName1,BetweenStRdwy2,BetweenStRdwyName2,Latitude,Longitude,Milepoint,CollisionDate,CollisionTime,UnitsInvolved,MotorVehiclesInvolved,NumberKilled,NumberInjured,Weather,RdwyConditionCode,HitandRun,DirAnalysisCode,MannerofCollision,RdwyCharacter,LightCondition,RampFromRdwyId,RampToRdwyId,AcceptedDate,IsSecondaryCollision,OwnerBadge,IncidentStatus,
28093487,0568000,LOUISVILLE METRO POLICE DEPT,Accepted,JEFFERSON,KY0061,,PRESTON,HWY,,,,I 0265,I265 W EXIT12 OFF RAMP TO KY61 S,I 0265,I265 E EXIT12 ON RAMP FROM KY61 S,38.111629761,-85.675304900,1.984,5/4/2021 12:00:00 AM,1408,2,2,0,1,CLOUDY,DRY,False,REAR END IN TRAFFIC LANES BOTH VEHICLES MOVING,REAR END,STRAIGHT & LEVEL,DAYLIGHT,,,5/5/2021 9:04:04 AM,False,2324,Accepted,
28093488,0568000,LOUISVILLE METRO POLICE DEPT,Accepted,JEFFERSON,,,5TH,ST,S,,LANSING,,,,,38.192537302,-85.768334875,1.171,5/4/2021 12:00:00 AM,1608,2,2,0,0,CLOUDY,DRY,False,OPPOSITE DIRECTION - BOTH VEHICLES GOING STRAIGHT AHEAD,SIDESWIPE-OPPOSITE DIRECTION,STRAIGHT & LEVEL,DAYLIGHT,,,5/5/2021 9:04:08 AM,False,7977,Accepted,
28093494,0568000,LOUISVILLE METRO POLICE DEPT,Accepted,JEFFERSON,,,CENTRAL,AVE,,US0060A,TAYLOR,,,,,38.206323303,-85.776161347,1.029,5/4/2021 12:00:00 AM,1608,2,2,0,0,CLOUDY,DRY,False,ANGLE COLLISION - OTHER,ANGLE,STRAIGHT & LEVEL,DAYLIGHT,,,5/5/2021 9:04:32 AM,False,5052,Accepted,
28093495,0568000,LOUISVILLE METRO POLICE DEPT,Accepted,JEFFERSON,I 0264,,I264 W,,,I 0264,I264 W EXIT10 OFF RAMP TO KY1020,,,,,38.190238268,-85.760456193,10.488,5/4/2021 12:00:00 AM,1802,2,2,0,1,CLOUDY,DRY,False,OTHER INTERSECTION COLLISIONS,REAR END,STRAIGHT & LEVEL,DAYLIGHT,,,5/5/2021 9:04:36 AM,False,2499,Accepted,
28093496,0568000,LOUISVILLE METRO POLICE DEPT,Accepted,JEFFERSON,US0031W,,DIXIE,HWY,,KY1849,MOORMAN,,,,,38.085387389,-85.879852546,6.936,5/4/2021 12:00:00 AM,1710,2,2,0,0,RAINING,WET,False,ANGLE COLLISION - OTHER,ANGLE,STRAIGHT & LEVEL,DAYLIGHT,,,5/5/2021 9:04:39 AM,False,7234,Accepted,
28093503,0568000,LOUISVILLE METRO POLICE DEPT,Accepted,JEFFERSON,,8403,CEDAR CREEK,RD,,,GENTRY,,,,,38.122332239,-85.587570151,2.609,5/4/2021 12:00:00 AM,2220,1,1,0,0,RAINING,WET,False,COLLISION WITH FIXED OBJECT IN INTERSECTION - FIRST EVENT COLLISION 09 - 32,SINGLE VEHICLE,STRAIGHT & GRADE,DARK-HWY NOT LIGHTED,,,5/5/2021 9:05:04 AM,False,7106,Accepted,
28093505,0568000,LOUISVILLE METRO POLICE DEPT,Accepted,JEFFERSON,I 0264,,I264 W,,,,,,,,,38.248848927,-85.807545705,2.000,5/4/2021 12:00:00 AM,0121,2,2,0,0,CLEAR,DRY,False,REAR END IN TRAFFIC LANES BOTH VEHICLES MOVING,REAR END,STRAIGHT & LEVEL,DARK-HWY LIGHTED/ON,,,5/5/2021 9:05:07 AM,False,7839,Accepted,
28116674,0568000,LOUISVILLE METRO POLICE DEPT,Accepted,JEFFERSON,,,RUSSELL LEE,DR,,,CHAUNCEY,,,,,38.231692444,-85.816245117,0.470,5/4/2021 12:00:00 AM,1318,2,1,0,1,CLOUDY,DRY,False,COLLISION WITH PEDESTRIAN IN INTERSECTION,SINGLE VEHICLE,STRAIGHT & LEVEL,DAYLIGHT,,,5/11/2021 8:38:14 AM,False,7387,Accepted,
28093485,0568000,LOUISVILLE METRO POLICE DEPT,Accepted,JEFFERSON,,3324,GREENWOOD,AVE,,,,,,,,38.243023430,-85.808296638,1.257,5/4/2021 12:00:00 AM,1527,2,2,0,0,CLEAR,DRY,False,1 VEHICLE PARKED POSITION (NOT PARKING LOT/DRIVEWAY),REAR END,STRAIGHT & LEVEL,DAYLIGHT,,,5/5/2021 9:03:52 AM,False,7381,Accepted,
28093502,0568000,LOUISVILLE METRO POLICE DEPT,Accepted,JEFFERSON,KY3064,2729,PORTLAND,AVE,,,,,,,,38.272120207,-85.792798233,0.615,5/4/2021 12:00:00 AM,2235,2,2,0,0,RAINING,WET,False,1 VEHICLE PARKED POSITION (NOT PARKING LOT/DRIVEWAY),SIDESWIPE-SAME DIRECTION,STRAIGHT & LEVEL,DARK-HWY LIGHTED/ON,,,5/5/2021 9:05:01 AM,False,5355,Accepted,
28093510,0568000,LOUISVILLE METRO POLICE DEPT,Accepted,JEFFERSON,,,JEFFERSON,ST,W,KY1020,2ND,,,,,38.253594865,-85.754669683,0.144,5/4/2021 12:00:00 AM,2214,2,2,0,0,CLOUDY,WET,False,COLLISION WITH PARKED VEHICLE,HEAD ON,STRAIGHT & LEVEL,OTHER,,,5/5/2021 9:05:39 AM,False,7173,Accepted,
28093507,0568000,LOUISVILLE METRO POLICE DEPT,Accepted,JEFFERSON,I 0264,,I264 W,,,,,,,,,38.189681432,-85.772764365,9.817,5/4/2021 12:00:00 AM,0843,1,1,0,2,RAINING,WET,False,OTHER COLLISIONS ON SHOULDER,SINGLE VEHICLE,CURVE & GRADE,DAWN,,,5/5/2021 9:05:15 AM,False,2395,Accepted,
28093508,0568000,LOUISVILLE METRO POLICE DEPT,Accepted,JEFFERSON,,2253,HIKES,LN,,,,,,,,38.200605231,-85.659248302,1.086,5/4/2021 12:00:00 AM,2117,3,3,0,0,RAINING,WET,True,REAR END IN TRAFFIC LANES BOTH VEHICLES MOVING,REAR END,STRAIGHT & LEVEL,DARK-HWY LIGHTED/ON,,,5/5/2021 9:05:18 AM,False,5326,Accepted,
28093493,0568000,LOUISVILLE METRO POLICE DEPT,Accepted,JEFFERSON,US0060A,3340,TAYLOR,BLVD,,,OLEANDA,,,,,38.200783386,-85.782595654,1.779,5/4/2021 12:00:00 AM,1050,2,2,0,0,CLOUDY,WET,False,COLLISION IN PARKING LOT,SIDESWIPE-OPPOSITE DIRECTION,STRAIGHT & LEVEL,DAYLIGHT,,,5/5/2021 9:04:29 AM,False,5052,Accepted,
28093492,0568000,LOUISVILLE METRO POLICE DEPT,Accepted,JEFFERSON,KY2051,3351,CAMP GROUND,RD,,KY1934,CANE RUN,,,,,38.215207142,-85.819961206,6.265,5/4/2021 12:00:00 AM,1144,1,1,0,0,CLOUDY,DRY,False,OTHER INTERSECTION COLLISIONS,SINGLE VEHICLE,STRAIGHT & LEVEL,DAYLIGHT,,,5/5/2021 9:04:25 AM,False,5232,Accepted,
28093474,0568000,LOUISVILLE METRO POLICE DEPT,Accepted,JEFFERSON,US0031W,,DIXIE,HWY,,,,,PENDLETON,,LANDSTAR,38.064386902,-85.885720961,5.442,5/4/2021 12:00:00 AM,0736,1,1,0,1,RAINING,WET,False,RAN OFF ROADWAY (1 VEHICLE WITH/EARTH EMBANKMENT/DITCH),SINGLE VEHICLE,CURVE & LEVEL,DAYLIGHT,,,5/5/2021 9:02:55 AM,False,7634,Accepted,
28093482,0568000,LOUISVILLE METRO POLICE DEPT,Accepted,JEFFERSON,KY1932,,BRECKENRIDGE,LN,,,,,,,,38.217191583,-85.627823645,2.615,5/4/2021 12:00:00 AM,1150,2,2,0,0,CLOUDY,DRY,False,1 VEHICLE ENTERING/LEAVING ENTRANCE,ANGLE,STRAIGHT & LEVEL,DAYLIGHT,,,5/5/2021 9:03:38 AM,False,4693,Accepted,
28093483,0568000,LOUISVILLE METRO POLICE DEPT,Accepted,JEFFERSON,,,OLD FERN VALLEY,RD,,,,,,,,38.155877132,-85.686739448,0.512,5/4/2021 12:00:00 AM,1405,2,2,0,0,CLOUDY,DRY,False,SIDESWIPE COLLISION - OPPOSITE DIRECTION,SIDESWIPE-OPPOSITE DIRECTION,CURVE & LEVEL,DAYLIGHT,,,5/5/2021 9:03:41 AM,False,4693,Accepted,
28089312,0568000,LOUISVILLE METRO POLICE DEPT,Accepted,JEFFERSON,,,NORTHWESTERN,PKWY,,,39TH,,,,,38.274202875,-85.811758318,1.881,5/4/2021 12:00:00 AM,0105,2,2,0,0,CLEAR,DRY,True,SIDESWIPE-SAME DIRECTION,SIDESWIPE-SAME DIRECTION,STRAIGHT & LEVEL,DARK (UNKNOWN ROADWAY LIGHTING),,,5/4/2021 9:40:54 AM,False,5341,Accepted,
28097847,0568000,LOUISVILLE METRO POLICE DEPT,Accepted,JEFFERSON,I 0065,,I65 N,,,,,,,,,38.186361014,-85.725680974,130.399,5/4/2021 12:00:00 AM,0847,2,2,0,0,RAINING,WET,False,SIDESWIPE COLLISION - SAME DIRECTION,SIDESWIPE-SAME DIRECTION,STRAIGHT & GRADE,DAYLIGHT,,,5/6/2021 8:13:54 AM,False,7772,Accepted,
28111801,0568000,LOUISVILLE METRO POLICE DEPT,Accepted,JEFFERSON,KY1931,,ST ANDREWS CHURCH,RD,,,BLANTON,,,,,38.151575477,-85.819772215,4.509,5/4/2021 12:00:00 AM,1601,3,3,0,0,CLOUDY,DRY,True,OTHER INTERSECTION COLLISIONS,REAR END,STRAIGHT & LEVEL,DAYLIGHT,,,5/10/2021 8:45:26 AM,False,7723,Accepted,
28111809,0568000,LOUISVILLE METRO POLICE DEPT,Accepted,JEFFERSON,,4623,SOUTHERN,PKWY,,,,,,,,38.178914715,-85.771264586,0.261,5/4/2021 12:00:00 AM,1630,1,1,0,0,CLEAR,DRY,False,COLLISION IN PARKING LOT,SINGLE VEHICLE,STRAIGHT & LEVEL,DAYLIGHT,,,5/10/2021 8:45:54 AM,False,5308,Accepted,
28111844,0568000,LOUISVILLE METRO POLICE DEPT,Accepted,JEFFERSON,KY1934,,CANE RUN,RD,,,ROCKFORD,,,,,38.183448185,-85.855646144,7.810,5/3/2021 12:00:00 AM,1320,3,3,0,0,CLEAR,DRY,True,OTHER INTERSECTION COLLISIONS,REAR END,STRAIGHT & LEVEL,DAYLIGHT,,,5/10/2021 8:48:17 AM,False,5208,Accepted,
28093484,0568000,LOUISVILLE METRO POLICE DEPT,Accepted,JEFFERSON,US0060,,SHELBYVILLE,RD,,,LYNDON,,,,,38.248189433,-85.598893169,6.658,5/3/2021 12:00:00 AM,1943,2,2,0,3,CLEAR,DRY,False,ANGLE COLLISION - ONE VEHICLE TURNING LEFT,ANGLE,STRAIGHT & LEVEL,DAYLIGHT,,,5/5/2021 9:03:47 AM,False,7633,Accepted,
28089306,0568000,LOUISVILLE METRO POLICE DEPT,Accepted,JEFFERSON,,,EVELYN,AVE,W,,1ST,,,,,38.196871010,-85.761510113,0.836,5/3/2021 12:00:00 AM,2027,2,2,0,0,CLEAR,DRY,False,COLLISION WITH PARKED VEHICLE,REAR END,STRAIGHT & LEVEL,DAYLIGHT,,,5/4/2021 9:40:41 AM,False,7462,Accepted,
28089315,0568000,LOUISVILLE METRO POLICE DEPT,Accepted,JEFFERSON,KY1934,,CANE RUN,RD,,KY1727,TERRY,,,,,38.178120056,-85.861878382,7.186,5/3/2021 12:00:00 AM,2201,2,2,0,0,CLEAR,DRY,False,ANGLE COLLISION - ONE VEHICLE TURNING RIGHT,ANGLE,STRAIGHT & LEVEL,DARK-HWY LIGHTED/ON,,,5/4/2021 9:41:00 AM,False,5170,Accepted,
28093459,0568000,LOUISVILLE METRO POLICE DEPT,Accepted,JEFFERSON,KY0864,,POPLAR LEVEL,RD,,,RANGELAND,,,,,38.167246140,-85.681819366,8.881,5/3/2021 12:00:00 AM,1339,2,2,0,0,CLOUDY,WET,False,OTHER INTERSECTION COLLISIONS,REAR END,STRAIGHT & LEVEL,DAYLIGHT,,,5/5/2021 9:01:30 AM,False,5373,Accepted,
28089295,0568000,LOUISVILLE METRO POLICE DEPT,Accepted,JEFFERSON,,8606,STANDING OAK,DR,,,,,,,,38.131125474,-85.845664165,0.108,5/3/2021 12:00:00 AM,0723,1,1,0,0,RAINING,WET,False,OTHER ROADWAY OR MID-BLOCK COLLISION,SINGLE VEHICLE,STRAIGHT & LEVEL,DUSK,,,5/4/2021 9:40:08 AM,False,7483,Accepted,
28089305,0568000,LOUISVILLE METRO POLICE DEPT,Accepted,JEFFERSON,,,15TH,ST,S,,BRECKINRIDGE,,,,,38.243968725,-85.777202623,1.261,5/3/2021 12:00:00 AM,1930,2,2,0,1,CLEAR,DRY,False,OTHER INTERSECTION COLLISIONS,REAR END,STRAIGHT & LEVEL,DAYLIGHT,,,5/4/2021 9:40:36 AM,False,5181,Accepted,
28093491,0568000,LOUISVILLE METRO POLICE DEPT,Accepted,JEFFERSON,KY1932,,BRECKENRIDGE,LN,,,MANNER DALE,,,,,38.204723219,-85.623095289,1.658,5/3/2021 12:00:00 AM,1101,2,2,0,0,CLOUDY,DRY,False,OTHER INTERSECTION COLLISIONS,REAR END,STRAIGHT & LEVEL,DAYLIGHT,,,5/5/2021 9:04:22 AM,False,7851,Accepted,
28093500,0568000,LOUISVILLE METRO POLICE DEPT,Accepted,JEFFERSON,,,ATWOOD,ST,,,,KY0061,PRESTON,,BRADLEY,38.216290874,-85.747084730,0.107,5/3/2021 12:00:00 AM,1023,2,2,0,0,CLOUDY,DRY,False,SIDESWIPE COLLISION - OPPOSITE DIRECTION,SIDESWIPE-OPPOSITE DIRECTION,STRAIGHT & LEVEL,DAYLIGHT,,,5/5/2021 9:04:53 AM,False,7619,Accepted,
28089321,0568000,LOUISVILLE METRO POLICE DEPT,Accepted,JEFFERSON,,,SPRINGDALE,RD,,,,,WOLFCREEK,,ASBURY PARK,38.315112685,-85.596385174,1.559,5/3/2021 12:00:00 AM,0940,2,2,0,0,CLOUDY,WET,False,HEAD-ON COLLISION,HEAD ON,CURVE & HILLCREST,DAYLIGHT,,,5/4/2021 9:41:27 AM,False,7751,Accepted,
28093465,0568000,LOUISVILLE METRO POLICE DEPT,Accepted,JEFFERSON,,,CENTRAL,AVE,,,COLORADO,,,,,38.210735321,-85.779600036,1.382,5/3/2021 12:00:00 AM,0909,2,2,0,0,RAINING,WET,False,ANGLE COLLISION - OTHER,ANGLE,STRAIGHT & LEVEL,DAYLIGHT,,,5/5/2021 9:02:10 AM,False,7977,Accepted,
28084064,0568000,LOUISVILLE METRO POLICE DEPT,Accepted,JEFFERSON,I 0264,,I264 E,,,,,,,,,38.189632365,-85.748252398,11.059,5/3/2021 12:00:00 AM,0530,1,1,0,0,RAINING,WET,False,OTHER COLLISIONS ON SHOULDER,SINGLE VEHICLE,CURVE & LEVEL,DARK-HWY LIGHTED/ON,,,5/3/2021 9:39:31 AM,False,5189,Accepted,
28084067,0568000,LOUISVILLE METRO POLICE DEPT,Accepted,JEFFERSON,I 0265,,I265 W,,,,,,,,,38.114182567,-85.664681619,12.352,5/3/2021 12:00:00 AM,0535,2,2,0,0,RAINING,WET,True,SIDESWIPE COLLISION - SAME DIRECTION,SIDESWIPE-SAME DIRECTION,STRAIGHT & LEVEL,DARK (UNKNOWN ROADWAY LIGHTING),,,5/3/2021 9:39:48 AM,False,7804,Accepted,
28085947,0568000,LOUISVILLE METRO POLICE DEPT,Accepted,JEFFERSON,US0060A,,TAYLOR,BLVD,,,HOMEVIEW,,,,,38.204952260,-85.778041938,2.151,5/3/2021 12:00:00 AM,1201,2,2,0,0,CLOUDY,DRY,False,COLLISION WITH PARKED VEHICLE,ANGLE,STRAIGHT & LEVEL,DAYLIGHT,,,5/3/2021 2:21:25 PM,False,2499,Accepted,
28085945,0568000,LOUISVILLE METRO POLICE DEPT,Accepted,JEFFERSON,I 0265,,I265 E,,,I 0265,I265 E EXIT23 ON RAMP FROM KY155,,,,,38.191789055,-85.508807111,23.336,5/3/2021 12:00:00 AM,0728,2,2,0,1,CLOUDY,WET,False,ANGLE COLLISION - OTHER,ANGLE,STRAIGHT & LEVEL,DAYLIGHT,,,5/3/2021 2:21:10 PM,False,2017,Accepted,
28089290,0568000,LOUISVILLE METRO POLICE DEPT,Accepted,JEFFERSON,,,4TH,ST,S,,LEE,,,,,38.223383006,-85.762366430,2.315,5/3/2021 12:00:00 AM,1417,2,2,0,0,CLOUDY,DRY,True,REAR END - ONE VEHICLE TURNING LEFT,REAR END,STRAIGHT & LEVEL,DAYLIGHT,,,5/4/2021 9:39:52 AM,False,5120,Accepted,
28089296,0568000,LOUISVILLE METRO POLICE DEPT,Accepted,JEFFERSON,US0031W,10316,DIXIE,HWY,,,,,,,,38.102945552,-85.869678357,8.273,5/3/2021 12:00:00 AM,1145,2,2,0,0,CLOUDY,WET,False,VEHICLE BACKING NON INTERSECTION,BACKING,STRAIGHT & LEVEL,DAYLIGHT,,,5/4/2021 9:40:14 AM,False,7483,Accepted,
28089297,0568000,LOUISVILLE METRO POLICE DEPT,Accepted,JEFFERSON,US0031W,,DIXIE,HWY,,,DIXIE GARDEN,,,,,38.099049106,-85.871954487,7.979,5/3/2021 12:00:00 AM,1515,2,2,0,0,CLEAR,DRY,False,OTHER INTERSECTION COLLISIONS,REAR END,STRAIGHT & LEVEL,DAYLIGHT,,,5/4/2021 9:40:20 AM,False,7483,Accepted,
28089299,0568000,LOUISVILLE METRO POLICE DEPT,Accepted,JEFFERSON,,13314,HORNCASTLE,WAY,,,,,,,,38.063780769,-85.888234759,0.119,5/3/2021 12:00:00 AM,1806,2,2,0,2,CLEAR,DRY,False,REAR END IN TRAFFIC LANES BOTH VEHICLES MOVING,REAR END,STRAIGHT & LEVEL,DAYLIGHT,,,5/4/2021 9:40:24 AM,False,7306,Accepted,
28089287,0568000,LOUISVILLE METRO POLICE DEPT,Accepted,JEFFERSON,US0031W,12706,DIXIE,HWY,,,,,,,,38.073443115,-85.884709487,6.070,5/3/2021 12:00:00 AM,1418,3,3,0,2,CLEAR,DRY,False,1 VEHICLE ENTERING/LEAVING ENTRANCE,ANGLE,STRAIGHT & LEVEL,DAYLIGHT,,,5/4/2021 9:39:45 AM,False,5385,Accepted,
28167904,0568000,LOUISVILLE METRO POLICE DEPT,Accepted,JEFFERSON,,,4TH,ST,S,,INDUSTRY,,,,,38.213941332,-85.764073184,2.971,5/3/2021 12:00:00 AM,1053,2,2,0,0,CLOUDY,WET,False,OPPOSING LEFT TURN,OPPOSING LEFT TURN,STRAIGHT & HILLCREST,DAYLIGHT,,,5/24/2021 9:24:36 AM,False,7089,Accepted,
28608042,0568000,LOUISVILLE METRO POLICE DEPT,Accepted,JEFFERSON,US0031E,,BARDSTOWN,RD,,,,,,,,38.215124127,-85.674340233,12.340,5/3/2021 12:00:00 AM,1745,2,2,0,0,CLEAR,DRY,False,SIDESWIPE COLLISION - SAME DIRECTION,SIDESWIPE-SAME DIRECTION,STRAIGHT & LEVEL,DAYLIGHT,,,9/7/2021 9:05:57 AM,False,2928,Accepted,
28093923,0560000,JEFFERSON COUNTY SHERIFF DEPT.,Accepted,JEFFERSON,,,BRIARCLIFF,RD,,KY1065,OUTER,,,,,38.136136061,-85.697101485,,5/3/2021 12:00:00 AM,1725,2,2,0,0,CLEAR,DRY,False,ANGLE COLLISION - OTHER,ANGLE,STRAIGHT & LEVEL,DAYLIGHT,,,5/5/2021 11:02:04 AM,False,4025,Accepted,
28089318,0568000,LOUISVILLE METRO POLICE DEPT,Accepted,JEFFERSON,,5001,MUD,LN,,,,,,,,38.090345938,-85.669023462,0.269,5/3/2021 12:00:00 AM,2046,2,1,0,0,CLEAR,DRY,True,COLLISION IN PARKING LOT,SINGLE VEHICLE,STRAIGHT & LEVEL,DAYLIGHT,,,5/4/2021 9:41:11 AM,False,5314,Accepted,
28089293,0568000,LOUISVILLE METRO POLICE DEPT,Accepted,JEFFERSON,,,STRAWBERRY,LN,,KY1020,SOUTHSIDE,,,,,38.158170960,-85.764607952,0.005,5/3/2021 12:00:00 AM,1610,2,2,0,2,CLOUDY,DRY,False,OPPOSING LEFT TURN,OPPOSING LEFT TURN,STRAIGHT & LEVEL,DAYLIGHT,,,5/4/2021 9:40:04 AM,False,5304,Accepted,
28089292,0568000,LOUISVILLE METRO POLICE DEPT,Accepted,JEFFERSON,,6400,FERN CREEK,RD,,,MOSSY OAKS,,,,,38.159176083,-85.584560390,1.202,5/3/2021 12:00:00 AM,1714,2,2,0,1,CLEAR,DRY,False,OPPOSING LEFT TURN,OPPOSING LEFT TURN,STRAIGHT & LEVEL,DAYLIGHT,,,5/4/2021 9:40:00 AM,False,5297,Accepted,
28089303,0568000,LOUISVILLE METRO POLICE DEPT,Accepted,JEFFERSON,,,GARVEY,DR,,,,,,,,38.183892634,-85.805009943,0.005,5/3/2021 12:00:00 AM,1430,2,2,0,0,CLEAR,DRY,False,1 VEHICLE PARKED POSITION (NOT PARKING LOT/DRIVEWAY),SIDESWIPE-OPPOSITE DIRECTION,STRAIGHT & LEVEL,DAYLIGHT,,,5/4/2021 9:40:31 AM,False,7471,Accepted,
28084063,0568000,LOUISVILLE METRO POLICE DEPT,Accepted,JEFFERSON,,,24TH,ST,N,,,,GILLIGAN,KY3082,BANK,38.267526852,-85.786744329,0.487,5/3/2021 12:00:00 AM,0439,1,1,0,2,RAINING,WET,False,OTHER ROADWAY OR MID-BLOCK COLLISION,SINGLE VEHICLE,STRAIGHT & LEVEL,DARK-HWY LIGHTED/ON,,,5/3/2021 9:39:21 AM,False,5362,Accepted,
28089291,0568000,LOUISVILLE METRO POLICE DEPT,Accepted,JEFFERSON,,,BOLLING,AVE,,,,,17TH,,MCCLOSKEY,38.228987569,-85.786545930,0.102,5/3/2021 12:00:00 AM,1720,2,2,0,0,CLEAR,DRY,False,SIDESWIPE COLLISION - SAME DIRECTION,SIDESWIPE-SAME DIRECTION,STRAIGHT & LEVEL,DAYLIGHT,,,5/4/2021 9:39:57 AM,False,5318,Accepted,
28085951,0568000,LOUISVILLE METRO POLICE DEPT,Accepted,JEFFERSON,,,MOORMAN,RD,,KY1230,LOWER RIVER,,,,,38.096026918,-85.893203843,0.001,5/3/2021 12:00:00 AM,1225,2,2,0,0,CLEAR,DRY,True,OPPOSITE DIRECTION - BOTH VEHICLES GOING STRAIGHT AHEAD,SIDESWIPE-OPPOSITE DIRECTION,CURVE & LEVEL,DAYLIGHT,,,5/3/2021 2:22:01 PM,False,2936,Accepted,
28111804,0568000,LOUISVILLE METRO POLICE DEPT,Accepted,JEFFERSON,,,6TH,ST,S,,,,,,,38.234450453,-85.763791310,1.569,5/3/2021 12:00:00 AM,1645,2,2,0,0,CLEAR,DRY,False,SIDESWIPE COLLISION - OPPOSITE DIRECTION,SIDESWIPE-OPPOSITE DIRECTION,STRAIGHT & LEVEL,DAYLIGHT,,,5/10/2021 8:45:37 AM,False,2928,Accepted,
28130429,0568000,LOUISVILLE METRO POLICE DEPT,Accepted,JEFFERSON,,,RIVER,RD,,,ZORN,,,,,38.277386713,-85.699150593,2.925,5/3/2021 12:00:00 AM,2310,2,2,0,0,CLEAR,DRY,False,OPPOSITE DIRECTION - BOTH VEHICLES GOING STRAIGHT AHEAD,SIDESWIPE-OPPOSITE DIRECTION,STRAIGHT & LEVEL,DARK-HWY LIGHTED/ON,,,5/14/2021 9:07:39 AM,False,7304,Accepted,
28139942,0568000,LOUISVILLE METRO POLICE DEPT,Accepted,JEFFERSON,,3327,KRAMERS,LN,,,,,,,,38.201857347,-85.837684637,0.160,5/3/2021 12:00:00 AM,1803,2,2,0,3,CLEAR,DRY,False,VEHICLE BACKING NON INTERSECTION,BACKING,STRAIGHT & LEVEL,DAYLIGHT,,,5/17/2021 8:36:03 AM,False,5257,Accepted,
28102010,0568000,LOUISVILLE METRO POLICE DEPT,Accepted,JEFFERSON,,,ROCHELLE,RD,,,,,,,,38.136927082,-85.635119645,0.050,5/2/2021 12:00:00 AM,2130,2,2,0,1,CLEAR,DRY,False,1 VEHICLE ENTERING/LEAVING ENTRANCE,ANGLE,STRAIGHT & LEVEL,DARK-HWY LIGHTED/ON,,,5/7/2021 8:08:01 AM,False,7449,Accepted,
28102002,0568000,LOUISVILLE METRO POLICE DEPT,Accepted,JEFFERSON,KY1865,,NEW CUT,RD,,,,,,,,38.135900539,-85.773213809,1.976,5/2/2021 12:00:00 AM,2122,2,2,0,1,CLEAR,DRY,False,REAR END IN TRAFFIC LANES BOTH VEHICLES MOVING,REAR END,STRAIGHT & LEVEL,DARK-HWY LIGHTED/ON,,,5/7/2021 8:07:34 AM,False,2905,Accepted,
28097831,0568000,LOUISVILLE METRO POLICE DEPT,Accepted,JEFFERSON,KY2860,,GRINSTEAD,DR,,US0031E,BARDSTOWN,,,,,38.238426643,-85.720940742,0.002,5/2/2021 12:00:00 AM,1806,2,2,0,0,CLEAR,DRY,False,OTHER INTERSECTION COLLISIONS,REAR END,STRAIGHT & LEVEL,DAYLIGHT,,,5/6/2021 8:12:47 AM,False,5006,Accepted,
28084018,0568000,LOUISVILLE METRO POLICE DEPT,Accepted,JEFFERSON,,,HILL,ST,W,,MCCLOSKEY,,,,,38.228200005,-85.787376259,1.668,5/2/2021 12:00:00 AM,0038,3,3,0,2,CLEAR,DRY,False,ANGLE COLLISION - OTHER,ANGLE,STRAIGHT & LEVEL,DARK-HWY LIGHTED/ON,,,5/3/2021 9:35:00 AM,False,5325,Accepted,
28084019,0568000,LOUISVILLE METRO POLICE DEPT,Accepted,JEFFERSON,,,GREENWOOD,AVE,,,25TH,,,,,38.241577560,-85.794094375,0.475,5/2/2021 12:00:00 AM,0342,2,2,0,0,CLEAR,DRY,True,COLLISION WITH PARKED VEHICLE,REAR END,,DARK-HWY LIGHTED/ON,,,5/3/2021 9:35:06 AM,False,5325,Accepted,
28084047,0568000,LOUISVILLE METRO POLICE DEPT,Accepted,JEFFERSON,US0060A,3123,TAYLOR,BLVD,,,RACINE,,,,,38.205901511,-85.776766269,2.250,5/2/2021 12:00:00 AM,1242,2,2,0,0,CLOUDY,DRY,False,OTHER INTERSECTION COLLISIONS,REAR END,STRAIGHT & LEVEL,DAYLIGHT,,,5/3/2021 9:38:12 AM,False,5343,Accepted,
28084045,0568000,LOUISVILLE METRO POLICE DEPT,Accepted,JEFFERSON,KY1142,,PALATKA,RD,,,SOUTHVIEW,,,,,38.151633606,-85.782609495,1.090,5/2/2021 12:00:00 AM,1730,3,3,0,0,CLEAR,DRY,False,OTHER INTERSECTION COLLISIONS,REAR END,CURVE & GRADE,DAYLIGHT,,,5/3/2021 9:38:05 AM,False,7080,Accepted,
28084052,0568000,LOUISVILLE METRO POLICE DEPT,Accepted,JEFFERSON,US0060A,1540,BERRY,BLVD,,,,,,,,38.196591940,-85.790849081,1.038,5/2/2021 12:00:00 AM,0112,2,1,0,1,CLEAR,DRY,True,COLLISION WITH BICYCLIST NON INTERSECTION,SINGLE VEHICLE,STRAIGHT & LEVEL,DARK-HWY LIGHTED/ON,,,5/3/2021 9:38:34 AM,False,5205,Accepted,