IncidentID,AgencyORI,AgencyName,IncidentStatusDesc,County,RdwyNumber,Street,RoadwayName,StreetSfx,StreetDir,IntersectionRdwy,IntersectionRdwyName,BetweenStRdwy1,BetweenStRdwyName1,BetweenStRdwy2,BetweenStRdwyName2,Latitude,Longitude,Milepoint,CollisionDate,CollisionTime,UnitsInvolved,MotorVehiclesInvolved,NumberKilled,NumberInjured,Weather,RdwyConditionCode,HitandRun,DirAnalysisCode,MannerofCollision,RdwyCharacter,LightCondition,RampFromRdwyId,RampToRdwyId,AcceptedDate,IsSecondaryCollision,OwnerBadge,IncidentStatus,
28084053,0568000,LOUISVILLE METRO POLICE DEPT,Accepted,JEFFERSON,,,MERIWETHER,AVE,,,SHELBY,,,,,38.228625483,-85.741925806,,5/2/2021 12:00:00 AM,0530,2,2,0,0,CLEAR,DRY,False,ANGLE COLLISION - ONE VEHICLE TURNING RIGHT,ANGLE,STRAIGHT & LEVEL,DARK (UNKNOWN ROADWAY LIGHTING),,,5/3/2021 9:38:38 AM,False,7828,Accepted,
28084055,0568000,LOUISVILLE METRO POLICE DEPT,Accepted,JEFFERSON,,3505,MUHAMMAD ALI,BLVD,W,,,,,,,38.256936211,-85.809603281,3.136,5/2/2021 12:00:00 AM,2049,2,2,0,0,RAINING,WET,False,1 VEHICLE PARKED POSITION (NOT PARKING LOT/DRIVEWAY),SIDESWIPE-SAME DIRECTION,STRAIGHT & LEVEL,DARK-HWY LIGHTED/ON,,,5/3/2021 9:38:42 AM,False,5057,Accepted,
28093522,0568000,LOUISVILLE METRO POLICE DEPT,Accepted,JEFFERSON,,5016,MUD,LN,,,,,,,,38.091244252,-85.670147736,0.188,5/2/2021 12:00:00 AM,1746,2,2,0,0,CLOUDY,DRY,False,REAR END IN TRAFFIC LANES BOTH VEHICLES MOVING,REAR END,CURVE & LEVEL,DAYLIGHT,,,5/5/2021 9:05:56 AM,False,7474,Accepted,
28097833,0568000,LOUISVILLE METRO POLICE DEPT,Accepted,JEFFERSON,US0031E,942,BAXTER,AVE,,,,,,,,38.240819538,-85.724814240,15.696,5/2/2021 12:00:00 AM,0107,2,2,0,0,CLEAR,DRY,False,1 VEHICLE PARKED POSITION (NOT PARKING LOT/DRIVEWAY),ANGLE,STRAIGHT & LEVEL,DARK (UNKNOWN ROADWAY LIGHTING),,,5/6/2021 8:12:54 AM,False,7665,Accepted,
28101987,0568000,LOUISVILLE METRO POLICE DEPT,Accepted,JEFFERSON,,,CARLISLE,AVE,,KY1865,TAYLOR,,,,,38.194177224,-85.783113071,0.495,5/2/2021 12:00:00 AM,0853,3,3,0,3,CLEAR,DRY,False,ANGLE COLLISION - ONE VEHICLE TURNING LEFT,ANGLE,STRAIGHT & LEVEL,DAYLIGHT,,,5/7/2021 8:06:23 AM,False,5349,Accepted,
28089309,0568000,LOUISVILLE METRO POLICE DEPT,Accepted,JEFFERSON,US0150,,BROADWAY,,W,,8TH,,,,,38.246758107,-85.765057840,2.024,5/2/2021 12:00:00 AM,2014,3,3,0,1,CLEAR,DRY,True,HEAD-ON COLLISION,HEAD ON,STRAIGHT & LEVEL,DAWN,,,5/4/2021 9:40:48 AM,False,5334,Accepted,
28084062,0568000,LOUISVILLE METRO POLICE DEPT,Accepted,JEFFERSON,,,CECIL,AVE,,,,,,,,38.241496502,-85.821646351,1.283,5/2/2021 12:00:00 AM,1959,2,2,0,1,CLEAR,DRY,False,OTHER ROADWAY OR MID-BLOCK COLLISION,REAR END,STRAIGHT & LEVEL,DUSK,,,5/3/2021 9:39:17 AM,False,7309,Accepted,
28084035,0568000,LOUISVILLE METRO POLICE DEPT,Accepted,JEFFERSON,US0060,,FRANKFORT,AVE,,,WILLIAM,,,,,38.257169784,-85.717789174,0.074,5/2/2021 12:00:00 AM,1145,3,3,0,0,CLEAR,DRY,False,ANGLE COLLISION - OTHER,ANGLE,STRAIGHT & LEVEL,DAYLIGHT,,,5/3/2021 9:36:49 AM,False,7028,Accepted,
28084038,0568000,LOUISVILLE METRO POLICE DEPT,Accepted,JEFFERSON,KY2054,,ALGONQUIN,PKWY,,,RUSSELL LEE,,,,,38.225475505,-85.818511944,0.214,5/2/2021 12:00:00 AM,1330,2,2,0,0,CLEAR,DRY,False,ANGLE COLLISION - OTHER,ANGLE,STRAIGHT & LEVEL,DAYLIGHT,,,5/3/2021 9:37:08 AM,False,7656,Accepted,
28084044,0568000,LOUISVILLE METRO POLICE DEPT,Accepted,JEFFERSON,I 0065,,I65 N COLLECTOR DISTRIBUTOR,,,,,,,,,38.256617466,-85.741029396,0.502,5/2/2021 12:00:00 AM,1536,2,2,0,3,CLOUDY,DRY,False,REAR END IN TRAFFIC LANES BOTH VEHICLES MOVING,REAR END,CURVE & LEVEL,DAYLIGHT,,,5/3/2021 9:37:58 AM,False,7216,Accepted,
28084068,0568000,LOUISVILLE METRO POLICE DEPT,Accepted,JEFFERSON,US0060A,1325,BERRY,BLVD,,,,,,,,38.196488668,-85.784669925,1.376,5/2/2021 12:00:00 AM,2122,2,2,0,0,CLEAR,WET,False,1 VEHICLE PARKED POSITION (NOT PARKING LOT/DRIVEWAY),REAR END,STRAIGHT & LEVEL,DARK-HWY LIGHTED/ON,,,5/3/2021 9:39:53 AM,False,7040,Accepted,
28085396,0561500,UNIV. OF LOUISVILLE POLICE,Accepted,JEFFERSON,KY1020,,3RD,ST,S,,CARDINAL,,,,,38.220516696,-85.761191462,10.319,5/2/2021 12:00:00 AM,1624,2,2,0,0,CLOUDY,DRY,False,ANGLE COLLISION - OTHER,ANGLE,STRAIGHT & LEVEL,DAYLIGHT,,,5/3/2021 12:33:42 PM,False,5714,Accepted,
28084065,0568000,LOUISVILLE METRO POLICE DEPT,Accepted,JEFFERSON,US0031E,1200BLK,BARDSTOWN,RD,,,,,LUCIA,,BEECHWOOD,38.236751677,-85.717957487,15.222,5/2/2021 12:00:00 AM,2000,2,1,0,1,CLEAR,DRY,False,COLLISION WITH PEDESTRIAN NON - INTERSECTION,SINGLE VEHICLE,STRAIGHT & LEVEL,DUSK,,,5/3/2021 9:39:37 AM,False,5274,Accepted,
28084058,0568000,LOUISVILLE METRO POLICE DEPT,Accepted,JEFFERSON,KY1934,3649,CANE RUN,RD,,,,,,,,38.219517581,-85.813932015,11.073,5/2/2021 12:00:00 AM,2210,1,1,0,2,RAINING,WET,False,COLLISION WITH FIXED OBJECT NON - INTERSECTION - FIRST EVENT COLLISION 09 - 32 EXCLUDING 16,SINGLE VEHICLE,STRAIGHT & LEVEL,DARK-HWY LIGHTED/ON,,,5/3/2021 9:38:56 AM,False,5359,Accepted,
28084043,0568000,LOUISVILLE METRO POLICE DEPT,Accepted,JEFFERSON,KY1230,12125,LOWER RIVER,RD,,,,,SCENIC,,ORELL,38.078113447,-85.901490871,1.137,5/2/2021 12:00:00 AM,1622,1,1,0,1,CLOUDY,DRY,False,RAN OFF ROADWAY (1 VEHICLE WITH/EARTH EMBANKMENT/DITCH),SINGLE VEHICLE,CURVE & LEVEL,DAYLIGHT,,,5/3/2021 9:37:53 AM,False,2098,Accepted,
28084017,0568000,LOUISVILLE METRO POLICE DEPT,Accepted,JEFFERSON,,,JEFFERSON,ST,E,,HANCOCK,,,,,38.252261654,-85.742370001,0.511,5/2/2021 12:00:00 AM,0452,2,2,0,1,CLEAR,DRY,False,ANGLE COLLISION - OTHER,ANGLE,STRAIGHT & LEVEL,DARK-HWY LIGHTED/ON,,,5/3/2021 9:34:55 AM,False,5008,Accepted,
28084023,0568000,LOUISVILLE METRO POLICE DEPT,Accepted,JEFFERSON,,1516,MUHAMMAD ALI,BLVD,W,,,,,,,38.253135471,-85.775936189,1.285,5/2/2021 12:00:00 AM,0323,1,1,0,1,CLEAR,DRY,False,COLLISION WITH FIXED OBJECT NON - INTERSECTION - FIRST EVENT COLLISION 09 - 32 EXCLUDING 16,SINGLE VEHICLE,STRAIGHT & LEVEL,DARK-HWY LIGHTED/ON,,,5/3/2021 9:35:12 AM,False,5122,Accepted,
28084026,0568000,LOUISVILLE METRO POLICE DEPT,Accepted,JEFFERSON,,,CEDAR,ST,,,,,26TH,,27TH,38.256600707,-85.794243774,1.108,5/2/2021 12:00:00 AM,0035,2,2,0,1,CLEAR,DRY,False,1 VEHICLE PARKED POSITION (NOT PARKING LOT/DRIVEWAY),ANGLE,STRAIGHT & LEVEL,DARK-HWY LIGHTED/ON,,,5/3/2021 9:35:37 AM,False,5021,Accepted,
28084032,0568000,LOUISVILLE METRO POLICE DEPT,Accepted,JEFFERSON,,,OAK,ST,W,,,,,,,38.234560122,-85.755344969,,5/2/2021 12:00:00 AM,0840,2,2,0,0,CLEAR,DRY,True,1 VEHICLE ENTERING/LEAVING ENTRANCE,ANGLE,STRAIGHT & LEVEL,DAYLIGHT,,,5/3/2021 9:36:30 AM,False,5114,Accepted,
28084041,0568000,LOUISVILLE METRO POLICE DEPT,Accepted,JEFFERSON,,,GAGEL,AVE,,,LONDON,,,,,38.173193428,-85.814320440,0.450,5/2/2021 12:00:00 AM,1515,2,2,0,1,CLEAR,DRY,False,OTHER INTERSECTION COLLISIONS,REAR END,STRAIGHT & LEVEL,DAYLIGHT,,,5/3/2021 9:37:42 AM,False,5252,Accepted,
28084050,0568000,LOUISVILLE METRO POLICE DEPT,Accepted,JEFFERSON,KY1865,,NEW CUT,RD,,,PARK,,,,,38.155927672,-85.777575865,3.382,5/2/2021 12:00:00 AM,1205,3,3,0,2,CLOUDY,DRY,False,OTHER INTERSECTION COLLISIONS,REAR END,STRAIGHT & LEVEL,DAYLIGHT,,,5/3/2021 9:38:25 AM,False,7483,Accepted,
28084051,0568000,LOUISVILLE METRO POLICE DEPT,Accepted,JEFFERSON,,3510,POWELL,AVE,,,,,,,,38.195456912,-85.790856267,0.427,5/2/2021 12:00:00 AM,1241,2,2,0,0,CLOUDY,DRY,False,1 VEHICLE PARKED POSITION (NOT PARKING LOT/DRIVEWAY),SIDESWIPE-SAME DIRECTION,STRAIGHT & LEVEL,DAYLIGHT,,,5/3/2021 9:38:30 AM,False,7422,Accepted,
28084057,0568000,LOUISVILLE METRO POLICE DEPT,Accepted,JEFFERSON,,,28TH,ST,S,,,,BROADWAY,,HOWARD,38.249100855,-85.798356435,0.831,5/2/2021 12:00:00 AM,0240,4,4,0,1,CLEAR,DRY,False,1 VEHICLE ENTERING/LEAVING ENTRANCE,ANGLE,STRAIGHT & LEVEL,DARK-HWY LIGHTED/ON,,,5/3/2021 9:38:51 AM,False,5021,Accepted,
28097805,0568000,LOUISVILLE METRO POLICE DEPT,Accepted,JEFFERSON,,,RIVER,RD,,,,,WITHERSPOON,,PRESTON,38.259604975,-85.743421159,0.178,5/2/2021 12:00:00 AM,1828,2,2,0,0,CLEAR,DRY,False,REAR END IN TRAFFIC LANES BOTH VEHICLES MOVING,REAR END,STRAIGHT & LEVEL,DAYLIGHT,,,5/6/2021 8:10:55 AM,False,7058,Accepted,
28093499,0568000,LOUISVILLE METRO POLICE DEPT,Accepted,JEFFERSON,,724,WHITNEY,AVE,W,,,,,,,38.193885361,-85.772074862,0.551,5/2/2021 12:00:00 AM,2117,3,3,0,0,CLEAR,DRY,True,1 VEHICLE PARKED POSITION (NOT PARKING LOT/DRIVEWAY),SIDESWIPE-SAME DIRECTION,STRAIGHT & LEVEL,DARK-HWY LIGHTED/ON,,,5/5/2021 9:04:50 AM,False,5287,Accepted,
28093509,0568000,LOUISVILLE METRO POLICE DEPT,Accepted,JEFFERSON,US0031E,,BARDSTOWN,RD,,,,,GOLDSMITH,,BELMONT,38.206763139,-85.667723942,11.652,5/2/2021 12:00:00 AM,2131,3,3,0,0,CLEAR,DRY,False,1 VEHICLE ENTERING/LEAVING ENTRANCE,ANGLE,STRAIGHT & LEVEL,DUSK,,,5/5/2021 9:05:23 AM,False,5222,Accepted,
28093526,0568000,LOUISVILLE METRO POLICE DEPT,Accepted,JEFFERSON,KY1931,,GREENWOOD,RD,,KY1934,GREENBELT,,,,,38.146952105,-85.886335393,0.524,5/2/2021 12:00:00 AM,1725,2,2,0,1,CLEAR,DRY,False,OPPOSING LEFT TURN,OPPOSING LEFT TURN,STRAIGHT & LEVEL,DAYLIGHT,,,5/5/2021 9:06:23 AM,False,7144,Accepted,
28101982,0568000,LOUISVILLE METRO POLICE DEPT,Accepted,JEFFERSON,I 0064,,,,,,,,,,,38.258621466,-85.754462426,0.235,5/2/2021 12:00:00 AM,1854,2,2,0,0,CLEAR,DRY,False,OTHER RAMP RELATED COLLISIONS NOT LISTED ABOVE,REAR END,CURVE & GRADE,DAYLIGHT,I 0064,N  3RD ST,5/7/2021 8:06:07 AM,False,7823,Accepted,
28084056,0568000,LOUISVILLE METRO POLICE DEPT,Accepted,JEFFERSON,,2013,LONGEST,AVE,,,,US0031E,BARDSTOWN,,CHEROKEE,38.235740729,-85.714883786,0.041,5/1/2021 12:00:00 AM,2126,3,3,0,2,CLEAR,DRY,True,1 VEHICLE ENTERING/LEAVING ENTRANCE,ANGLE,STRAIGHT & LEVEL,DARK-HWY LIGHTED/ON,,,5/3/2021 9:38:47 AM,False,5274,Accepted,
28084042,0568000,LOUISVILLE METRO POLICE DEPT,Accepted,JEFFERSON,US0031W,,DIXIE,HWY,,,,,ABBOTTS BEACH,,KATHERINE STATION,38.012169250,-85.927859574,1.110,5/1/2021 12:00:00 AM,0633,1,1,0,2,CLEAR,DRY,False,RAN OFF ROADWAY (1 VEHICLE WITH/EARTH EMBANKMENT/DITCH),SINGLE VEHICLE,STRAIGHT & LEVEL,DAWN,,,5/3/2021 9:37:49 AM,False,2098,Accepted,
28084048,0568000,LOUISVILLE METRO POLICE DEPT,Accepted,JEFFERSON,,,DUMESNIL,ST,,,CYPRESS,,,,,38.236525711,-85.797740870,1.228,5/1/2021 12:00:00 AM,1342,2,2,0,4,CLEAR,DRY,False,ANGLE COLLISION - OTHER,ANGLE,STRAIGHT & LEVEL,DAYLIGHT,,,5/3/2021 9:38:18 AM,False,5179,Accepted,
28084040,0568000,LOUISVILLE METRO POLICE DEPT,Accepted,JEFFERSON,US0060A,,TAYLOR,BLVD,,,LONGFIELD,,,,,38.198585470,-85.782751884,1.620,5/1/2021 12:00:00 AM,1634,2,2,0,0,CLEAR,DRY,False,OTHER INTERSECTION COLLISIONS,REAR END,STRAIGHT & LEVEL,DAYLIGHT,,,5/3/2021 9:37:30 AM,False,5111,Accepted,
28084016,0568000,LOUISVILLE METRO POLICE DEPT,Accepted,JEFFERSON,,,COOPER CHAPEL,RD,,KY0864,BEULAH CHURCH,,,,,38.109161711,-85.616135483,3.569,5/1/2021 12:00:00 AM,2145,1,1,0,0,CLEAR,DRY,False,COLLISION WITH FIXED OBJECT IN INTERSECTION - FIRST EVENT COLLISION 09 - 32,SINGLE VEHICLE,STRAIGHT & LEVEL,DARK-HWY NOT LIGHTED,,,5/3/2021 9:34:49 AM,False,5138,Accepted,
28084031,0568000,LOUISVILLE METRO POLICE DEPT,Accepted,JEFFERSON,,2325,LONGEST,AVE,,,,,WILLOW,,BASSETT,38.238017503,-85.710587246,0.323,5/1/2021 12:00:00 AM,0057,3,3,0,0,CLEAR,DRY,False,1 VEHICLE PARKED POSITION (NOT PARKING LOT/DRIVEWAY),REAR END,STRAIGHT & LEVEL,DARK (UNKNOWN ROADWAY LIGHTING),,,5/3/2021 9:36:26 AM,True,5250,Accepted,
28084034,0568000,LOUISVILLE METRO POLICE DEPT,Accepted,JEFFERSON,US0150,,BROADWAY,,E,KY0864,CAMPBELL,,,,,38.244532759,-85.737479588,3.515,5/1/2021 12:00:00 AM,1854,2,2,0,2,CLEAR,DRY,False,OPPOSING LEFT TURN,OPPOSING LEFT TURN,STRAIGHT & LEVEL,DAYLIGHT,,,5/3/2021 9:36:43 AM,False,7823,Accepted,
28084007,0568000,LOUISVILLE METRO POLICE DEPT,Accepted,JEFFERSON,US0031E,,BARDSTOWN,RD,,,STORAGE,,,,,38.154202526,-85.589308777,5.863,5/1/2021 12:00:00 AM,0350,3,3,0,1,CLEAR,DRY,False,ANGLE COLLISION - OTHER,ANGLE,STRAIGHT & LEVEL,DARK-HWY LIGHTED/ON,,,5/3/2021 9:33:58 AM,True,7761,Accepted,
28084015,0568000,LOUISVILLE METRO POLICE DEPT,Accepted,JEFFERSON,,,JEANINE,DR,,KY1747,FERN VALLEY,,,,,38.158089625,-85.688520408,0.009,5/1/2021 12:00:00 AM,0530,1,1,0,0,CLEAR,DRY,False,OTHER INTERSECTION COLLISIONS,SINGLE VEHICLE,STRAIGHT & LEVEL,DARK-HWY LIGHTED/ON,,,5/3/2021 9:34:45 AM,False,5165,Accepted,
28083982,0568000,LOUISVILLE METRO POLICE DEPT,Accepted,JEFFERSON,I 0265,,I265 W,,,,,,,,,38.115205570,-85.661303435,12.549,5/1/2021 12:00:00 AM,0516,2,2,0,0,CLEAR,DRY,False,REAR END IN TRAFFIC LANES BOTH VEHICLES MOVING,REAR END,STRAIGHT & LEVEL,DARK (UNKNOWN ROADWAY LIGHTING),,,5/3/2021 9:30:12 AM,False,5248,Accepted,
28084000,0568000,LOUISVILLE METRO POLICE DEPT,Accepted,JEFFERSON,US0031W,7521,DIXIE,HWY,,,,,,,,38.140640037,-85.841003155,11.446,5/1/2021 12:00:00 AM,1349,4,4,0,2,CLEAR,DRY,False,1 VEHICLE ENTERING/LEAVING ENTRANCE,ANGLE,STRAIGHT & LEVEL,DAYLIGHT,,,5/3/2021 9:33:06 AM,False,2311,Accepted,
28084009,0568000,LOUISVILLE METRO POLICE DEPT,Accepted,JEFFERSON,,,BICKNELL,AVE,,,CAYUGA,,,,,38.183606149,-85.787833133,0.507,5/1/2021 12:00:00 AM,2202,1,1,0,0,CLEAR,DRY,False,COLLISION WITH FIXED OBJECT IN INTERSECTION - FIRST EVENT COLLISION 09 - 32,SINGLE VEHICLE,STRAIGHT & LEVEL,DARK-HWY LIGHTED/ON,,,5/3/2021 9:34:05 AM,False,7705,Accepted,
28083981,0568000,LOUISVILLE METRO POLICE DEPT,Accepted,JEFFERSON,KY1020,,3RD,ST,S,,KENTUCKY,,,,,38.238830351,-85.758121988,11.607,5/1/2021 12:00:00 AM,0158,3,3,0,0,CLEAR,DRY,False,ANGLE COLLISION - OTHER,ANGLE,STRAIGHT & LEVEL,DARK-HWY LIGHTED/ON,,,5/3/2021 9:30:04 AM,False,5301,Accepted,
28084059,0568000,LOUISVILLE METRO POLICE DEPT,Accepted,JEFFERSON,US0031W,,22ND,ST,S,,CONGRESS,,,,,38.257838012,-85.786683204,20.161,5/1/2021 12:00:00 AM,1849,2,2,0,1,CLEAR,DRY,False,ANGLE COLLISION - OTHER,ANGLE,STRAIGHT & LEVEL,DAYLIGHT,,,5/3/2021 9:39:01 AM,False,5199,Accepted,
28084792,0568000,LOUISVILLE METRO POLICE DEPT,Accepted,JEFFERSON,KY1934,,CANE RUN,RD,,KY2051,LEES,,,,,38.183880819,-85.855334767,7.724,5/1/2021 12:00:00 AM,1926,2,2,0,1,CLEAR,DRY,False,ANGLE COLLISION - OTHER,ANGLE,STRAIGHT & LEVEL,DAYLIGHT,,,5/3/2021 11:02:49 AM,False,2877,Accepted,
28085395,0561500,UNIV. OF LOUISVILLE POLICE,Accepted,JEFFERSON,,250,LIBERTY,ST,E,,,,,,,38.252340306,-85.749879271,0.065,5/1/2021 12:00:00 AM,2330,2,2,0,0,CLEAR,DRY,False,COLLISION IN PARKING LOT,ANGLE,STRAIGHT & GRADE,DARK-HWY LIGHTED/ON,,,5/3/2021 12:33:39 PM,False,5703,Accepted,
28084028,0568000,LOUISVILLE METRO POLICE DEPT,Accepted,JEFFERSON,,,FAIRDALE,RD,,KY1020,NATIONAL,,,,,38.112569582,-85.747829311,0.804,5/1/2021 12:00:00 AM,2108,2,2,0,0,CLEAR,DRY,False,OTHER INTERSECTION COLLISIONS,REAR END,STRAIGHT & LEVEL,DARK-HWY NOT LIGHTED,,,5/3/2021 9:35:58 AM,False,5220,Accepted,
28083980,0568000,LOUISVILLE METRO POLICE DEPT,Accepted,JEFFERSON,I 0065,,I65 S,,,I 0064,I64 W,,,,,38.260219122,-85.741143167,136.545,5/1/2021 12:00:00 AM,0022,2,2,0,0,CLEAR,DRY,False,COLLISION WITH PARKED VEHICLE,REAR END,STRAIGHT & GRADE,DARK-HWY LIGHTED/ON,,,5/3/2021 9:30:00 AM,False,7386,Accepted,
28083986,0568000,LOUISVILLE METRO POLICE DEPT,Accepted,JEFFERSON,,,DIXIE,HWY,,,BURWELL,,,,,38.225567111,-85.791596981,1.694,5/1/2021 12:00:00 AM,0330,2,1,0,1,CLEAR,DRY,False,COLLISION WITH PEDESTRIAN IN INTERSECTION,SINGLE VEHICLE,STRAIGHT & LEVEL,DARK-HWY LIGHTED/ON,,,5/3/2021 9:31:01 AM,False,5309,Accepted,
28083987,0568000,LOUISVILLE METRO POLICE DEPT,Accepted,JEFFERSON,KY1065,,LOVERS,LN,,,SEATONVILLE,,,,,38.150913046,-85.579839341,12.277,5/1/2021 12:00:00 AM,1005,2,2,0,1,CLEAR,DRY,False,OTHER INTERSECTION COLLISIONS,REAR END,STRAIGHT & LEVEL,DAYLIGHT,,,5/3/2021 9:31:06 AM,False,7278,Accepted,
28083977,0568000,LOUISVILLE METRO POLICE DEPT,Accepted,JEFFERSON,US0031W,,DR W J HODGE,ST,,,CHESTNUT,,,,,38.252102079,-85.785980518,19.847,5/1/2021 12:00:00 AM,0457,2,2,0,0,CLEAR,DRY,True,ANGLE COLLISION - OTHER,ANGLE,STRAIGHT & LEVEL,DARK-HWY LIGHTED/ON,,,5/3/2021 9:29:46 AM,False,5008,Accepted,
28083995,0568000,LOUISVILLE METRO POLICE DEPT,Accepted,JEFFERSON,,720,34TH,ST,S,,,,,,,38.249044896,-85.808615870,0.930,5/1/2021 12:00:00 AM,1600,2,2,0,1,CLEAR,DRY,True,REAR END IN TRAFFIC LANES BOTH VEHICLES MOVING,REAR END,CURVE & LEVEL,DAYLIGHT,,,5/3/2021 9:32:18 AM,False,5280,Accepted,
28083996,0568000,LOUISVILLE METRO POLICE DEPT,Accepted,JEFFERSON,KY1934,,GREENBELT,HWY,,,RIVERPORT,,,,,38.161053511,-85.881706245,5.509,5/1/2021 12:00:00 AM,1551,2,2,0,3,CLEAR,DRY,False,ANGLE COLLISION - OTHER,ANGLE,STRAIGHT & LEVEL,DAYLIGHT,,,5/3/2021 9:32:29 AM,False,7340,Accepted,
28083997,0568000,LOUISVILLE METRO POLICE DEPT,Accepted,JEFFERSON,,828,HANCOCK,ST,S,,,,,,,38.240645742,-85.744318197,0.988,5/1/2021 12:00:00 AM,1102,4,4,0,0,CLEAR,DRY,True,1 VEHICLE PARKED POSITION (NOT PARKING LOT/DRIVEWAY),HEAD ON,STRAIGHT & LEVEL,DAYLIGHT,,,5/3/2021 9:32:40 AM,False,7322,Accepted,
28084004,0568000,LOUISVILLE METRO POLICE DEPT,Accepted,JEFFERSON,,8202,GRANDFIELD,WAY,,,,,,,,38.155328089,-85.864525294,0.026,5/1/2021 12:00:00 AM,1930,2,2,0,0,CLEAR,DRY,True,1 VEHICLE PARKED POSITION (NOT PARKING LOT/DRIVEWAY),BACKING,STRAIGHT & LEVEL,DAYLIGHT,,,5/3/2021 9:33:43 AM,False,5212,Accepted,
28084005,0568000,LOUISVILLE METRO POLICE DEPT,Accepted,JEFFERSON,,,WOLF PEN BRANCH,RD,,,VENKATA,,,,,38.324039020,-85.583390520,,5/1/2021 12:00:00 AM,1911,1,1,0,0,CLEAR,DRY,True,COLLISION WITH FIXED OBJECT IN INTERSECTION - FIRST EVENT COLLISION 09 - 32,SINGLE VEHICLE,CURVE & HILLCREST,DAYLIGHT,,,5/3/2021 9:33:53 AM,False,7369,Accepted,
28084012,0568000,LOUISVILLE METRO POLICE DEPT,Accepted,JEFFERSON,,,DUMESNIL,ST,,,,,,,,38.238570775,-85.817044973,0.137,5/1/2021 12:00:00 AM,2155,2,2,0,2,CLEAR,DRY,False,COLLISION WITH FIXED OBJECT NON - INTERSECTION - FIRST EVENT COLLISION 09 - 32 EXCLUDING 16,SIDESWIPE-SAME DIRECTION,STRAIGHT & LEVEL,DUSK,,,5/3/2021 9:34:17 AM,False,7309,Accepted,
28084013,0568000,LOUISVILLE METRO POLICE DEPT,Accepted,JEFFERSON,,,LONGWORTH,AVE,N,,DUNCAN,,,,,38.267965322,-85.822923594,0.127,5/1/2021 12:00:00 AM,2049,2,2,0,0,CLEAR,DRY,True,OTHER INTERSECTION COLLISIONS,REAR END,STRAIGHT & LEVEL,DUSK,,,5/3/2021 9:34:38 AM,False,5285,Accepted,
28144975,0568000,LOUISVILLE METRO POLICE DEPT,Accepted,JEFFERSON,,,29TH,ST,S,,BROADWAY,,,,,38.249648190,-85.800004744,0.603,5/1/2021 12:00:00 AM,1933,1,1,0,1,CLEAR,DRY,False,NON-COLLISION OBJECT COLLISION,SINGLE VEHICLE,STRAIGHT & LEVEL,DAYLIGHT,,,5/18/2021 10:00:06 AM,False,7487,Accepted,
28089285,0568000,LOUISVILLE METRO POLICE DEPT,Accepted,JEFFERSON,,,ANTLE,DR,,,,,MUD,KY6302,OLD KY 61 RD,38.087499256,-85.668602491,0.104,5/1/2021 12:00:00 AM,1630,2,2,0,0,CLEAR,DRY,True,OTHER ROADWAY OR MID-BLOCK COLLISION,REAR END,STRAIGHT & LEVEL,DAYLIGHT,,,5/4/2021 9:39:42 AM,False,6937,Accepted,
28089319,0568000,LOUISVILLE METRO POLICE DEPT,Accepted,JEFFERSON,,,CHESTNUT,ST,W,,15TH,,,,,38.251046023,-85.776081270,1.358,5/1/2021 12:00:00 AM,2305,2,2,0,0,CLEAR,DRY,False,ANGLE COLLISION - OTHER,ANGLE,STRAIGHT & LEVEL,DARK-HWY LIGHTED/ON,,,5/4/2021 9:41:20 AM,False,5047,Accepted,
28084061,0568000,LOUISVILLE METRO POLICE DEPT,Accepted,JEFFERSON,US0031E,3290,BARDSTOWN,RD,,,,,,,,38.208585884,-85.668924489,11.768,5/1/2021 12:00:00 AM,1144,1,1,0,0,CLEAR,DRY,False,OTHER ROADWAY OR MID-BLOCK COLLISION,SINGLE VEHICLE,STRAIGHT & LEVEL,DARK-HWY LIGHTED/ON,,,5/3/2021 9:39:10 AM,False,7400,Accepted,
28087437,0560600,WEST BUECHEL POLICE DEPT.,Accepted,JEFFERSON,US0031E,3600,BARDSTOWN,RD,,,BASHFORD MANOR,,,,,38.202659593,-85.664627734,11.330,5/1/2021 12:00:00 AM,1715,2,1,0,0,CLEAR,DRY,False,COLLISION IN PARKING LOT,SINGLE VEHICLE,STRAIGHT & LEVEL,DAYLIGHT,,,5/3/2021 9:49:08 PM,False,1292,Accepted,
28084003,0568000,LOUISVILLE METRO POLICE DEPT,Accepted,JEFFERSON,,,MCCLOSKEY,AVE,,,BURNETT,,,,,38.229939044,-85.787233366,0.770,5/1/2021 12:00:00 AM,1843,2,2,0,0,CLEAR,DRY,False,ANGLE COLLISION - ONE VEHICLE TURNING RIGHT,ANGLE,STRAIGHT & LEVEL,DAYLIGHT,,,5/3/2021 9:33:35 AM,False,5229,Accepted,
28084011,0568000,LOUISVILLE METRO POLICE DEPT,Accepted,JEFFERSON,,,BICKNELL,AVE,,,CAYUGA,,,,,38.183606149,-85.787833133,0.507,5/1/2021 12:00:00 AM,2202,1,1,0,0,CLEAR,DRY,False,COLLISION WITH FIXED OBJECT IN INTERSECTION - FIRST EVENT COLLISION 09 - 32,SINGLE VEHICLE,STRAIGHT & LEVEL,DARK-HWY LIGHTED/ON,,,5/3/2021 9:34:13 AM,False,7705,Accepted,