IncidentID,AgencyORI,AgencyName,IncidentStatusDesc,County,RdwyNumber,Street,RoadwayName,StreetSfx,StreetDir,IntersectionRdwy,IntersectionRdwyName,BetweenStRdwy1,BetweenStRdwyName1,BetweenStRdwy2,BetweenStRdwyName2,Latitude,Longitude,Milepoint,CollisionDate,CollisionTime,UnitsInvolved,MotorVehiclesInvolved,NumberKilled,NumberInjured,Weather,RdwyConditionCode,HitandRun,DirAnalysisCode,MannerofCollision,RdwyCharacter,LightCondition,RampFromRdwyId,RampToRdwyId,AcceptedDate,IsSecondaryCollision,OwnerBadge,IncidentStatus,
28102011,0568000,LOUISVILLE METRO POLICE DEPT,Accepted,JEFFERSON,KY1065,,BEULAH CHURCH,RD,,,STONE BROOK,,,,,38.137820792,-85.608683132,10.274,5/1/2021 12:00:00 AM,2029,2,2,0,2,CLEAR,DRY,False,HEAD-ON COLLISION,HEAD ON,STRAIGHT & GRADE,DUSK,,,5/7/2021 8:08:04 AM,False,7449,Accepted,
28102009,0568000,LOUISVILLE METRO POLICE DEPT,Accepted,JEFFERSON,US0150,520,22ND,ST,N,,,,,,,38.267539666,-85.783026353,0.181,5/1/2021 12:00:00 AM,2321,2,2,0,0,CLOUDY,DRY,True,COLLISION IN PARKING LOT,REAR END,,DARK-HWY LIGHTED/ON,,,5/7/2021 8:07:56 AM,False,7190,Accepted,
28111861,0568000,LOUISVILLE METRO POLICE DEPT,Accepted,JEFFERSON,,,CYPRESS COVE,DR,,,,,,,,38.185692660,-85.649039069,0.121,5/1/2021 12:00:00 AM,2237,4,2,0,2,CLEAR,DRY,False,1 VEHICLE PARKED POSITION (NOT PARKING LOT/DRIVEWAY),ANGLE,STRAIGHT & LEVEL,DARK-HWY LIGHTED/ON,,,5/10/2021 8:49:28 AM,False,5178,Accepted,
28111805,0568000,LOUISVILLE METRO POLICE DEPT,Accepted,JEFFERSON,,,HIKES,LN,,,,,GLENCREEK,,WILLMAR,38.203689650,-85.652537452,1.381,4/30/2021 12:00:00 AM,1534,2,2,0,1,CLOUDY,DRY,False,REAR END IN TRAFFIC LANES BOTH VEHICLES MOVING,REAR END,STRAIGHT & LEVEL,DAYLIGHT,,,5/10/2021 8:45:40 AM,False,7851,Accepted,
28097832,0568000,LOUISVILLE METRO POLICE DEPT,Accepted,JEFFERSON,KY1020,,SOUTHSIDE,DR,,,STEEDLY,,,,,38.165677879,-85.764790217,6.585,4/30/2021 12:00:00 AM,1647,2,2,0,0,CLEAR,DRY,False,HEAD-ON COLLISION,HEAD ON,STRAIGHT & LEVEL,DAYLIGHT,,,5/6/2021 8:12:51 AM,False,7221,Accepted,
28083985,0568000,LOUISVILLE METRO POLICE DEPT,Accepted,JEFFERSON,US0150,,BROADWAY,,W,,ROY WILKINS,,,,,38.246841139,-85.766680249,1.930,4/30/2021 12:00:00 AM,0956,2,2,0,1,CLEAR,DRY,False,VEHICLE BACKING IN INTERSECTION,BACKING,STRAIGHT & LEVEL,DAYLIGHT,,,5/3/2021 9:30:55 AM,False,2854,Accepted,
28085397,0561500,UNIV. OF LOUISVILLE POLICE,Accepted,JEFFERSON,,,WARNOCK,ST,,,FLOYD,,,,,38.214670655,-85.755130887,0.359,4/30/2021 12:00:00 AM,2349,2,2,0,0,CLOUDY,DRY,True,SIDESWIPE-SAME DIRECTION,SIDESWIPE-SAME DIRECTION,STRAIGHT & LEVEL,DARK-HWY LIGHTED/ON,,,5/3/2021 12:33:45 PM,False,5656,Accepted,
28087654,0560300,ST. MATTHEWS POLICE DEPARTMENT,Accepted,JEFFERSON,,,DUTCHMANS,LN,,,,,,,,38.229697531,-85.644834732,0.405,4/30/2021 12:00:00 AM,1747,3,3,0,0,CLEAR,DRY,False,1 VEHICLE PARKED POSITION (NOT PARKING LOT/DRIVEWAY),HEAD ON,STRAIGHT & LEVEL,DAYLIGHT,,,5/3/2021 10:54:28 PM,False,9169,Accepted,
28083971,0568000,LOUISVILLE METRO POLICE DEPT,Accepted,JEFFERSON,US0031W,,DIXIE,HWY,,,BETHANY,,,,,38.095698407,-85.873943699,7.724,4/30/2021 12:00:00 AM,1839,1,1,0,1,CLEAR,DRY,False,NON-COLLISION OBJECT COLLISION,SINGLE VEHICLE,STRAIGHT & LEVEL,DAYLIGHT,,,5/3/2021 9:29:22 AM,False,5033,Accepted,
28074043,0568000,LOUISVILLE METRO POLICE DEPT,Accepted,JEFFERSON,KY2054,,ALGONQUIN,PKWY,,,DIXIE,,,,,38.223157164,-85.792517516,1.639,4/30/2021 12:00:00 AM,0229,2,2,0,1,CLEAR,DRY,False,ANGLE COLLISION - OTHER,ANGLE,STRAIGHT & LEVEL,DARK-HWY LIGHTED/ON,,,4/30/2021 8:34:32 AM,False,5239,Accepted,
28074044,0568000,LOUISVILLE METRO POLICE DEPT,Accepted,JEFFERSON,KY2054,,ALGONQUIN,PKWY,,,MCCLOSKEY,,,,,38.222831899,-85.788018323,1.820,4/30/2021 12:00:00 AM,0556,2,2,0,3,CLEAR,DRY,False,ANGLE COLLISION - OTHER,ANGLE,STRAIGHT & LEVEL,DARK-HWY LIGHTED/ON,,,4/30/2021 8:34:36 AM,False,5239,Accepted,
28083968,0568000,LOUISVILLE METRO POLICE DEPT,Accepted,JEFFERSON,I 0265,,I265 W,,,,,I 0265,I265 W EXIT14 OFF RAMP TO  COOPER CHAPEL RD,I 0265,I265 W EXIT15 ON RAMP FROM KY864,38.123028256,-85.621812239,14.772,4/30/2021 12:00:00 AM,1730,2,2,0,0,CLEAR,DRY,False,REAR END IN TRAFFIC LANES BOTH VEHICLES MOVING,REAR END,STRAIGHT & LEVEL,DAYLIGHT,,,5/3/2021 9:29:13 AM,False,7465,Accepted,
28074033,0568000,LOUISVILLE METRO POLICE DEPT,Accepted,JEFFERSON,I 0065,,I65 S,,,,,,,,,38.207352329,-85.750927741,132.527,4/30/2021 12:00:00 AM,0016,2,2,0,0,CLEAR,DRY,True,SIDESWIPE COLLISION - SAME DIRECTION,SIDESWIPE-SAME DIRECTION,STRAIGHT & LEVEL,DARK-HWY LIGHTED/ON,,,4/30/2021 8:33:43 AM,False,7455,Accepted,
28085943,0568000,LOUISVILLE METRO POLICE DEPT,Accepted,JEFFERSON,,,JEFFERSON,ST,W,KY1020,2ND,,,,,38.253489944,-85.753775525,0.088,4/30/2021 12:00:00 AM,0751,2,2,0,0,CLEAR,DRY,False,SIDESWIPE-SAME DIRECTION,SIDESWIPE-SAME DIRECTION,STRAIGHT & LEVEL,DAYLIGHT,,,5/3/2021 2:21:01 PM,False,7987,Accepted,
28111827,0568000,LOUISVILLE METRO POLICE DEPT,Accepted,JEFFERSON,,,STRAWBERRY,LN,,,ROCHESTER,,,,,38.171699968,-85.752254506,1.251,4/30/2021 12:00:00 AM,1006,2,2,0,0,CLEAR,DRY,False,ANGLE COLLISION - OTHER,ANGLE,STRAIGHT & GRADE,DAYLIGHT,,,5/10/2021 8:46:52 AM,False,5221,Accepted,
28084027,0568000,LOUISVILLE METRO POLICE DEPT,Accepted,JEFFERSON,KY1747,,HURSTBOURNE,PKWY,S,,HURSTBOURNE CROSSINGS,,,,,38.187911091,-85.605188452,8.879,4/30/2021 12:00:00 AM,1943,2,1,0,1,CLEAR,DRY,False,COLLISION WITH PEDESTRIAN IN INTERSECTION,SINGLE VEHICLE,STRAIGHT & LEVEL,DAYLIGHT,,,5/3/2021 9:35:52 AM,False,5222,Accepted,
28083978,0568000,LOUISVILLE METRO POLICE DEPT,Accepted,JEFFERSON,KY2054,,ALGONQUIN,PKWY,,,LINDBERGH,,,,,38.215929377,-85.774335213,2.847,4/30/2021 12:00:00 AM,1921,3,3,0,4,CLEAR,DRY,False,ANGLE COLLISION - OTHER,ANGLE,STRAIGHT & LEVEL,DAYLIGHT,,,5/3/2021 9:29:50 AM,False,5183,Accepted,
28083988,0568000,LOUISVILLE METRO POLICE DEPT,Accepted,JEFFERSON,KY1727,,TERRY,RD,,,,KY1931,GREENWOOD,,TEAROSE,38.144309994,-85.871844379,1.565,4/30/2021 12:00:00 AM,1733,2,2,0,2,CLEAR,DRY,False,1 VEHICLE ENTERING/LEAVING ENTRANCE,ANGLE,STRAIGHT & LEVEL,DAYLIGHT,,,5/3/2021 9:31:39 AM,False,2457,Accepted,
28083994,0568000,LOUISVILLE METRO POLICE DEPT,Accepted,JEFFERSON,US0031W,,DIXIE,HWY,,,MEYERS,,,,,38.164994093,-85.830373825,13.080,4/30/2021 12:00:00 AM,1640,2,2,0,3,CLEAR,DRY,False,OTHER INTERSECTION COLLISIONS,REAR END,STRAIGHT & LEVEL,DAYLIGHT,,,5/3/2021 9:32:02 AM,False,7144,Accepted,
28077585,0560300,ST. MATTHEWS POLICE DEPARTMENT,Accepted,JEFFERSON,US0060,1515,SHELBYVILLE,RD,,,,,,,,38.250743136,-85.621321692,5.504,4/30/2021 12:00:00 AM,1335,2,2,0,0,CLEAR,DRY,False,COLLISION IN PARKING LOT,REAR END,STRAIGHT & GRADE,DAYLIGHT,,,5/1/2021 8:25:23 AM,False,9150,Accepted,
28083946,0568000,LOUISVILLE METRO POLICE DEPT,Accepted,JEFFERSON,US0031E,,BARDSTOWN,RD,,KY1747,HURSTBOURNE,,,,,38.169058935,-85.605211002,7.235,4/30/2021 12:00:00 AM,0842,2,2,0,1,CLEAR,DRY,False,OPPOSING LEFT TURN,OPPOSING LEFT TURN,STRAIGHT & HILLCREST,DAYLIGHT,,,5/3/2021 9:28:03 AM,False,7278,Accepted,
28083953,0568000,LOUISVILLE METRO POLICE DEPT,Accepted,JEFFERSON,US0150,,BROADWAY,,W,,1ST,,,,,38.245713537,-85.753379184,2.656,4/30/2021 12:00:00 AM,1042,2,2,0,0,CLEAR,DRY,False,ANGLE COLLISION - OTHER,ANGLE,STRAIGHT & LEVEL,DAYLIGHT,,,5/3/2021 9:28:20 AM,False,7823,Accepted,
28083955,0568000,LOUISVILLE METRO POLICE DEPT,Accepted,JEFFERSON,KY1865,,TAYLOR,BLVD,,,BLUEGRASS,,,,,38.179604518,-85.783267764,5.030,4/30/2021 12:00:00 AM,1225,2,2,0,0,CLEAR,DRY,False,ANGLE COLLISION - OTHER,ANGLE,STRAIGHT & LEVEL,DAYLIGHT,,,5/3/2021 9:28:24 AM,False,5252,Accepted,
28083961,0568000,LOUISVILLE METRO POLICE DEPT,Accepted,JEFFERSON,KY0061,6200,PRESTON,HWY,,,,,,,,38.158985744,-85.698175329,5.519,4/30/2021 12:00:00 AM,1650,2,2,0,0,CLEAR,DRY,True,REAR END IN TRAFFIC LANES BOTH VEHICLES MOVING,REAR END,STRAIGHT & LEVEL,DAYLIGHT,,,5/3/2021 9:28:45 AM,False,7383,Accepted,
28083962,0568000,LOUISVILLE METRO POLICE DEPT,Accepted,JEFFERSON,KY0061,,PRESTON,HWY,,,PARK,,,,,38.118042709,-85.677253374,2.451,4/30/2021 12:00:00 AM,1625,3,3,0,2,CLEAR,DRY,False,OTHER INTERSECTION COLLISIONS,REAR END,STRAIGHT & HILLCREST,DAYLIGHT,,,5/3/2021 9:28:49 AM,False,7269,Accepted,
28083963,0568000,LOUISVILLE METRO POLICE DEPT,Accepted,JEFFERSON,KY1020,,NATIONAL,TPKE,,,YORKTOWN,,,,,38.140877186,-85.754340883,4.655,4/30/2021 12:00:00 AM,1443,2,2,0,0,CLEAR,DRY,True,OTHER INTERSECTION COLLISIONS,REAR END,STRAIGHT & LEVEL,DAYLIGHT,,,5/3/2021 9:28:53 AM,False,7356,Accepted,
28084109,0568000,LOUISVILLE METRO POLICE DEPT,Accepted,JEFFERSON,,,DIXIE,HWY,,,,,ORMSBY,,DUMESNIL,38.235360513,-85.787643065,0.986,4/30/2021 12:00:00 AM,1430,2,2,0,1,CLEAR,DRY,True,REAR END IN TRAFFIC LANES BOTH VEHICLES MOVING,REAR END,STRAIGHT & LEVEL,DAYLIGHT,,,5/3/2021 9:43:19 AM,False,2469,Accepted,
28089282,0568000,LOUISVILLE METRO POLICE DEPT,Accepted,JEFFERSON,US0060A,,TAYLOR,BLVD,,,LONGFIELD,,,,,38.198512749,-85.782641220,1.613,4/30/2021 12:00:00 AM,1500,2,2,0,0,CLEAR,DRY,False,OTHER INTERSECTION COLLISIONS,REAR END,STRAIGHT & LEVEL,DAYLIGHT,,,5/4/2021 9:38:59 AM,False,7116,Accepted,
28083947,0568000,LOUISVILLE METRO POLICE DEPT,Accepted,JEFFERSON,I 0265,,I265 E,,,,,,,,,38.147604225,-85.542467636,19.590,4/30/2021 12:00:00 AM,1057,1,1,0,1,CLEAR,DRY,False,OTHER ROADWAY OR MID-BLOCK COLLISION,SINGLE VEHICLE,STRAIGHT & LEVEL,DAYLIGHT,,,5/3/2021 9:28:08 AM,False,7698,Accepted,
28083956,0568000,LOUISVILLE METRO POLICE DEPT,Accepted,JEFFERSON,US0031W,,DIXIE,HWY,,,FLOWERVALE,,,,,38.085331184,-85.879808676,6.938,4/30/2021 12:00:00 AM,1259,2,2,0,0,CLEAR,DRY,False,OPPOSING LEFT TURN,OPPOSING LEFT TURN,STRAIGHT & LEVEL,DAYLIGHT,,,5/3/2021 9:28:28 AM,False,2098,Accepted,
28083964,0568000,LOUISVILLE METRO POLICE DEPT,Accepted,JEFFERSON,KY2054,,ALGONQUIN,PKWY,,,,,,,,38.210837211,-85.769263649,3.287,4/30/2021 12:00:00 AM,0049,2,2,0,1,CLOUDY,DRY,False,REAR END IN TRAFFIC LANES BOTH VEHICLES MOVING,REAR END,STRAIGHT & LEVEL,DARK-HWY LIGHTED/ON,,,5/3/2021 9:28:56 AM,False,5287,Accepted,
28083972,0568000,LOUISVILLE METRO POLICE DEPT,Accepted,JEFFERSON,KY1020,,3RD,ST,S,,IOWA,,,,,38.207599449,-85.763494105,9.680,4/30/2021 12:00:00 AM,1241,2,2,0,1,CLEAR,DRY,False,COLLISION WITH FIXED OBJECT IN INTERSECTION - FIRST EVENT COLLISION 09 - 32,ANGLE,STRAIGHT & LEVEL,DAYLIGHT,,,5/3/2021 9:29:25 AM,False,7422,Accepted,
28083966,0568000,LOUISVILLE METRO POLICE DEPT,Accepted,JEFFERSON,KY0061,,PRESTON,HWY,,,,,,,,38.104015937,-85.672977598,1.446,4/30/2021 12:00:00 AM,1204,2,2,0,1,CLEAR,DRY,False,OTHER ROADWAY OR MID-BLOCK COLLISION,REAR END,STRAIGHT & LEVEL,DAYLIGHT,,,5/3/2021 9:29:04 AM,False,7272,Accepted,
28083967,0568000,LOUISVILLE METRO POLICE DEPT,Accepted,JEFFERSON,,,GILMORE,LN,,,,,HELCK,,CRAFTY,38.176257915,-85.710338301,0.176,4/30/2021 12:00:00 AM,1719,2,1,0,0,CLEAR,DRY,False,COLLISION WITH BICYCLIST NON INTERSECTION,SINGLE VEHICLE,STRAIGHT & LEVEL,DAYLIGHT,,,5/3/2021 9:29:09 AM,False,7451,Accepted,
28083973,0568000,LOUISVILLE METRO POLICE DEPT,Accepted,JEFFERSON,,6518,BLEVINS GAP,RD,,,,,,,,38.071129122,-85.882864069,0.108,4/30/2021 12:00:00 AM,2011,2,2,0,0,CLEAR,DRY,False,HEAD-ON COLLISION,HEAD ON,STRAIGHT & LEVEL,DUSK,,,5/3/2021 9:29:29 AM,False,5033,Accepted,
28083974,0568000,LOUISVILLE METRO POLICE DEPT,Accepted,JEFFERSON,US0031W,,DIXIE,HWY,,,PAGES,,,,,38.130140202,-85.847858307,10.498,4/30/2021 12:00:00 AM,2132,2,2,0,0,CLEAR,DRY,False,OPPOSING LEFT TURN,OPPOSING LEFT TURN,STRAIGHT & LEVEL,DARK-HWY LIGHTED/OFF,,,5/3/2021 9:29:32 AM,False,7992,Accepted,
28083975,0568000,LOUISVILLE METRO POLICE DEPT,Accepted,JEFFERSON,I 0064,,I64 E,,,I 0064,I64 E EXIT15 OFF RAMP TO KY1747,,,,,38.224774390,-85.583424915,14.772,4/30/2021 12:00:00 AM,1903,2,2,0,0,CLEAR,DRY,False,SIDESWIPE-SAME DIRECTION,SIDESWIPE-SAME DIRECTION,STRAIGHT & LEVEL,DAYLIGHT,,,5/3/2021 9:29:36 AM,False,7436,Accepted,
28083983,0568000,LOUISVILLE METRO POLICE DEPT,Accepted,JEFFERSON,,4125,3RD,ST,S,,,,,,,38.195435996,-85.764866763,0.368,4/30/2021 12:00:00 AM,2047,1,1,0,0,CLEAR,DRY,True,COLLISION WITH FIXED OBJECT NON - INTERSECTION - FIRST EVENT COLLISION 09 - 32 EXCLUDING 16,SINGLE VEHICLE,STRAIGHT & LEVEL,DUSK,,,5/3/2021 9:30:19 AM,False,5236,Accepted,
28083976,0568000,LOUISVILLE METRO POLICE DEPT,Accepted,JEFFERSON,,,SHAWNEE,TER,S,,HERMAN,,,,,38.262187209,-85.822951579,0.146,4/30/2021 12:00:00 AM,1901,2,2,0,0,CLEAR,DRY,False,ANGLE COLLISION - OTHER,ANGLE,STRAIGHT & LEVEL,DAYLIGHT,,,5/3/2021 9:29:42 AM,False,5285,Accepted,
28083992,0568000,LOUISVILLE METRO POLICE DEPT,Accepted,JEFFERSON,I 0265,,I265 E,,,,,I 0065,I65 S EXIT10 ON RAMP FROM I65,I 0265,I265 E EXIT12 OFF RAMP TO KY61,38.112762796,-85.693659265,10.696,4/30/2021 12:00:00 AM,1336,2,2,0,1,CLEAR,DRY,False,SIDESWIPE COLLISION - SAME DIRECTION,SIDESWIPE-SAME DIRECTION,STRAIGHT & LEVEL,DAYLIGHT,,,5/3/2021 9:31:51 AM,False,7669,Accepted,
28097844,0568000,LOUISVILLE METRO POLICE DEPT,Accepted,JEFFERSON,,,WITHERSPOON,ST,E,,PRESTON,,,,,38.257774882,-85.745451811,0.316,4/30/2021 12:00:00 AM,2020,1,1,0,1,CLEAR,DRY,False,COLLISION WITH FIXED OBJECT IN INTERSECTION - FIRST EVENT COLLISION 09 - 32,SINGLE VEHICLE,STRAIGHT & LEVEL,DARK-HWY LIGHTED/ON,,,5/6/2021 8:13:47 AM,False,5268,Accepted,
28144955,0568000,LOUISVILLE METRO POLICE DEPT,Accepted,JEFFERSON,,,LOWE,RD,,,,,,,,38.221461149,-85.608529123,0.192,4/30/2021 12:00:00 AM,1736,2,2,0,1,CLOUDY,DRY,False,OTHER ROADWAY OR MID-BLOCK COLLISION,OPPOSING LEFT TURN,STRAIGHT & LEVEL,DAYLIGHT,,,5/18/2021 9:57:47 AM,False,7851,Accepted,
28156133,0560400,SHIVELY POLICE DEPARTMENT,Accepted,JEFFERSON,,,CENTRAL,AVE,,KY1931,7TH ST,,,,,38.214781150,-85.782921379,1.718,4/30/2021 12:00:00 AM,2141,2,1,0,1,CLEAR,DRY,True,OTHER INTERSECTION COLLISIONS,SINGLE VEHICLE,STRAIGHT & LEVEL,DARK (UNKNOWN ROADWAY LIGHTING),,,5/20/2021 8:20:00 PM,False,7117,Accepted,
28074031,0568000,LOUISVILLE METRO POLICE DEPT,Accepted,JEFFERSON,I 0064,,,,,,,I 0064,I64 E EXIT19A RAMP TO I64 E,I 0064,I64 E,38.234955450,-85.614896564,0.785,4/30/2021 12:00:00 AM,0052,2,2,0,1,CLEAR,DRY,False,SIDESWIPE COLLISION - SAME DIRECTION,SIDESWIPE-SAME DIRECTION,CURVE & LEVEL,DARK-HWY LIGHTED/ON,,,4/30/2021 8:33:25 AM,False,5056,Accepted,
28074037,0568000,LOUISVILLE METRO POLICE DEPT,Accepted,JEFFERSON,,,CHESTNUT,ST,W,,,,29TH,,30TH,38.253694887,-85.800061623,0.046,4/30/2021 12:00:00 AM,0540,1,1,0,0,CLEAR,DRY,True,COLLISION WITH FIXED OBJECT NON - INTERSECTION - FIRST EVENT COLLISION 09 - 32 EXCLUDING 16,SINGLE VEHICLE,STRAIGHT & LEVEL,DARK-HWY LIGHTED/ON,,,4/30/2021 8:33:59 AM,False,5047,Accepted,
28083958,0568000,LOUISVILLE METRO POLICE DEPT,Accepted,JEFFERSON,US0031E,900\,MARKET,ST,E,,,,,,,38.252890559,-85.735419545,16.792,4/30/2021 12:00:00 AM,1540,2,2,0,0,CLEAR,DRY,False,SIDESWIPE COLLISION - SAME DIRECTION,SIDESWIPE-SAME DIRECTION,STRAIGHT & LEVEL,DAYLIGHT,,,5/3/2021 9:28:35 AM,False,7239,Accepted,
28083959,0568000,LOUISVILLE METRO POLICE DEPT,Accepted,JEFFERSON,US0031E,,BARDSTOWN,RD,,,TYLER,,,,,38.217806591,-85.677416221,12.593,4/30/2021 12:00:00 AM,1630,2,2,0,0,CLEAR,DRY,False,ANGLE COLLISION - ONE VEHICLE TURNING LEFT,ANGLE,STRAIGHT & LEVEL,DAYLIGHT,,,5/3/2021 9:28:40 AM,False,7306,Accepted,
28083965,0568000,LOUISVILLE METRO POLICE DEPT,Accepted,JEFFERSON,KY1020,,3RD,ST,S,,BRECKINRIDGE,,,,,38.241684136,-85.757463648,11.796,4/30/2021 12:00:00 AM,1318,3,3,0,0,CLEAR,DRY,False,ANGLE COLLISION - OTHER,ANGLE,STRAIGHT & LEVEL,DAYLIGHT,,,5/3/2021 9:29:00 AM,False,7441,Accepted,
28074032,0568000,LOUISVILLE METRO POLICE DEPT,Accepted,JEFFERSON,,,JEFFERSON,ST,W,,5TH,,,,,38.254041466,-85.758670759,0.362,4/30/2021 12:00:00 AM,0238,2,2,0,0,CLEAR,DRY,False,COLLISION WITH PARKED VEHICLE,REAR END,STRAIGHT & LEVEL,DARK-HWY LIGHTED/ON,,,4/30/2021 8:33:37 AM,False,5122,Accepted,
28074045,0568000,LOUISVILLE METRO POLICE DEPT,Accepted,JEFFERSON,,,26TH,ST,S,,HOWARD,,,,,38.245864996,-85.795294664,1.029,4/30/2021 12:00:00 AM,0144,3,3,0,1,CLEAR,DRY,False,COLLISION WITH PARKED VEHICLE,HEAD ON,STRAIGHT & LEVEL,DARK-HWY LIGHTED/ON,,,4/30/2021 8:34:39 AM,False,5309,Accepted,
28074154,0568000,LOUISVILLE METRO POLICE DEPT,Accepted,JEFFERSON,US0060A,,TAYLOR,BLVD,,,THORNBERRY,,,,,38.203950377,-85.779208857,2.064,4/29/2021 12:00:00 AM,1631,2,2,0,0,RAINING,WET,False,ANGLE COLLISION - OTHER,ANGLE,STRAIGHT & LEVEL,DAYLIGHT,,,4/30/2021 9:01:11 AM,False,7705,Accepted,
28074039,0568000,LOUISVILLE METRO POLICE DEPT,Accepted,JEFFERSON,KY0864,,POPLAR LEVEL,RD,,,MERCER,,,,,38.201370645,-85.709686720,11.742,4/29/2021 12:00:00 AM,2018,2,2,0,1,CLEAR,DRY,False,ANGLE COLLISION - ONE VEHICLE TURNING LEFT,ANGLE,STRAIGHT & GRADE,DAYLIGHT,,,4/30/2021 8:34:13 AM,False,7419,Accepted,
28074022,0568000,LOUISVILLE METRO POLICE DEPT,Accepted,JEFFERSON,,,OAK,ST,E,,FLOYD,,,,,38.234232319,-85.751653625,0.201,4/29/2021 12:00:00 AM,1702,2,2,0,1,CLOUDY,WET,True,ANGLE COLLISION - OTHER,ANGLE,STRAIGHT & LEVEL,DAYLIGHT,,,4/30/2021 8:32:28 AM,False,5120,Accepted,
28074029,0568000,LOUISVILLE METRO POLICE DEPT,Accepted,JEFFERSON,KY0061,,PRESTON,HWY,,,LAMBERT,,,,,38.134385865,-85.684471371,3.661,4/29/2021 12:00:00 AM,2310,2,2,0,1,CLEAR,DRY,True,ANGLE COLLISION - OTHER,ANGLE,STRAIGHT & LEVEL,DARK (UNKNOWN ROADWAY LIGHTING),,,4/30/2021 8:33:12 AM,False,5248,Accepted,
28074030,0568000,LOUISVILLE METRO POLICE DEPT,Accepted,JEFFERSON,I 0264,,I264 E,,,,,I 0264,I264 E EXIT9 ON RAMP FROM KY1865,I 0264,I264 E EXIT10 OFF RAMP TO KY1020,38.189501464,-85.772548475,9.732,4/29/2021 12:00:00 AM,1100,2,2,0,1,RAINING,WET,False,1 VEHICLE ENTERING/LEAVING ENTRANCE,ANGLE,STRAIGHT & LEVEL,DAYLIGHT,,,4/30/2021 8:33:16 AM,False,7116,Accepted,
28074015,0568000,LOUISVILLE METRO POLICE DEPT,Accepted,JEFFERSON,,,3RD,ST,S,I 0264,I264 W EXIT10 OFF RAMP TO KY1020,,,,,38.191182966,-85.764886579,0.649,4/29/2021 12:00:00 AM,1331,3,3,0,0,RAINING,WATER (STANDING OR MOVING),False,ANGLE COLLISION - OTHER,ANGLE,STRAIGHT & LEVEL,DAYLIGHT,,,4/30/2021 8:30:21 AM,False,2499,Accepted,
28074023,0568000,LOUISVILLE METRO POLICE DEPT,Accepted,JEFFERSON,,833,34TH,ST,S,,GARLAND,,,,,38.246438846,-85.808750151,1.110,4/29/2021 12:00:00 AM,1102,2,2,0,0,RAINING,WET,False,REAR END - ONE VEHICLE TURNING LEFT,REAR END,STRAIGHT & LEVEL,DAYLIGHT,,,4/30/2021 8:32:45 AM,False,7437,Accepted,
28073995,0568000,LOUISVILLE METRO POLICE DEPT,Accepted,JEFFERSON,KY1934,,GREENBELT,HWY,,,,US0031W,US31W RAMP TO KY1934,KY1230,LOWER RIVER,38.093362138,-85.881642436,0.349,4/29/2021 12:00:00 AM,0951,1,1,0,0,RAINING,WET,True,OTHER COLLISIONS ON SHOULDER,SINGLE VEHICLE,CURVE & LEVEL,DAYLIGHT,,,4/30/2021 8:29:16 AM,False,2098,Accepted,
28074007,0568000,LOUISVILLE METRO POLICE DEPT,Accepted,JEFFERSON,,,COGAN,BLVD,,KY1865,NEW CUT,,,,,38.142143569,-85.774451116,0.001,4/29/2021 12:00:00 AM,1118,2,2,0,0,RAINING,WET,False,VEHICLE BACKING IN INTERSECTION,BACKING,STRAIGHT & LEVEL,DAYLIGHT,,,4/30/2021 8:29:53 AM,False,7252,Accepted,
28074014,0568000,LOUISVILLE METRO POLICE DEPT,Accepted,JEFFERSON,,,7TH,ST,S,,SHIPP,,,,,38.226231471,-85.769288552,0.615,4/29/2021 12:00:00 AM,1001,2,2,0,0,RAINING,WATER (STANDING OR MOVING),False,ANGLE COLLISION - OTHER,ANGLE,STRAIGHT & LEVEL,DAYLIGHT,,,4/30/2021 8:30:14 AM,False,2499,Accepted,
28074012,0568000,LOUISVILLE METRO POLICE DEPT,Accepted,JEFFERSON,US0060A,,EASTERN,PKWY,,,ROYAL,,,,,38.225172003,-85.724432030,5.863,4/29/2021 12:00:00 AM,1038,2,2,0,1,RAINING,WET,True,ANGLE COLLISION - OTHER,ANGLE,CURVE & GRADE,DAYLIGHT,,,4/30/2021 8:30:05 AM,False,2228,Accepted,
28074020,0568000,LOUISVILLE METRO POLICE DEPT,Accepted,JEFFERSON,,,GOLDSMITH,LN,,KY1703,NEWBURG,,,,,38.200104035,-85.684929626,0.001,4/29/2021 12:00:00 AM,1639,2,2,0,2,RAINING,WET,False,OPPOSING LEFT TURN,OPPOSING LEFT TURN,STRAIGHT & LEVEL,DAYLIGHT,,,4/30/2021 8:32:15 AM,False,5233,Accepted,
28072585,0561000,JEFFERSONTOWN POLICE DEPT,Accepted,JEFFERSON,,,WATTERSON,TRL,,,LOCHRIDGE,,,,,38.183400847,-85.590260346,1.977,4/29/2021 12:00:00 AM,1745,2,2,0,0,CLOUDY,WET,False,ANGLE COLLISION - OTHER,ANGLE,CURVE & GRADE,DAYLIGHT,,,4/29/2021 10:20:55 PM,False,8289,Accepted,