IncidentID,AgencyORI,AgencyName,IncidentStatusDesc,County,RdwyNumber,Street,RoadwayName,StreetSfx,StreetDir,IntersectionRdwy,IntersectionRdwyName,BetweenStRdwy1,BetweenStRdwyName1,BetweenStRdwy2,BetweenStRdwyName2,Latitude,Longitude,Milepoint,CollisionDate,CollisionTime,UnitsInvolved,MotorVehiclesInvolved,NumberKilled,NumberInjured,Weather,RdwyConditionCode,HitandRun,DirAnalysisCode,MannerofCollision,RdwyCharacter,LightCondition,RampFromRdwyId,RampToRdwyId,AcceptedDate,IsSecondaryCollision,OwnerBadge,IncidentStatus,
28073988,0568000,LOUISVILLE METRO POLICE DEPT,Accepted,JEFFERSON,KY1747,,HURSTBOURNE,PKWY,S,,FEGENBUSH,,,,,38.161526017,-85.640583820,5.156,4/29/2021 12:00:00 AM,0852,3,3,0,1,CLOUDY,WET,False,OTHER INTERSECTION COLLISIONS,REAR END,STRAIGHT & HILLCREST,DAYLIGHT,,,4/30/2021 8:28:47 AM,False,2959,Accepted,
28083984,0568000,LOUISVILLE METRO POLICE DEPT,Accepted,JEFFERSON,US0150,,22ND,ST,N,,BANK,,,,,38.266557433,-85.783557664,0.250,4/29/2021 12:00:00 AM,1512,2,2,0,2,CLOUDY,WET,False,ANGLE COLLISION - OTHER,ANGLE,STRAIGHT & LEVEL,DAYLIGHT,,,5/3/2021 9:30:31 AM,False,2854,Accepted,
28089289,0568000,LOUISVILLE METRO POLICE DEPT,Accepted,JEFFERSON,,,MADISON,ST,W,US0031W,22ND,,,,,38.253363399,-85.787532775,0.814,4/29/2021 12:00:00 AM,1545,2,2,0,0,RAINING,WET,False,ANGLE COLLISION - OTHER,ANGLE,STRAIGHT & LEVEL,DAYLIGHT,,,5/4/2021 9:39:49 AM,False,5353,Accepted,
28083969,0568000,LOUISVILLE METRO POLICE DEPT,Accepted,JEFFERSON,,,GREENWOOD,AVE,,,,US0031W,DR W J HODGE,,DIXIE,38.241017514,-85.787441497,2.423,4/29/2021 12:00:00 AM,1116,2,2,0,1,RAINING,WET,False,SIDESWIPE COLLISION - SAME DIRECTION,SIDESWIPE-SAME DIRECTION,STRAIGHT & LEVEL,DAYLIGHT,,,5/3/2021 9:29:17 AM,False,5318,Accepted,
28070042,0568000,LOUISVILLE METRO POLICE DEPT,Accepted,JEFFERSON,KY1230,8340,CANE RUN,RD,,,,,,,,38.136694226,-85.897752798,4.074,4/29/2021 12:00:00 AM,0624,1,1,0,0,RAINING,WET,False,OTHER COLLISIONS ON SHOULDER,SINGLE VEHICLE,STRAIGHT & LEVEL,DAWN,,,4/29/2021 8:58:03 AM,False,5223,Accepted,
28074001,0568000,LOUISVILLE METRO POLICE DEPT,Accepted,JEFFERSON,,,PRODUCE,RD,,,,,,,,38.184786190,-85.682039235,0.638,4/29/2021 12:00:00 AM,0841,2,2,0,0,CLOUDY,WET,True,REAR END IN TRAFFIC LANES BOTH VEHICLES MOVING,REAR END,STRAIGHT & LEVEL,DAYLIGHT,,,4/30/2021 8:29:36 AM,False,4693,Accepted,
28074002,0568000,LOUISVILLE METRO POLICE DEPT,Accepted,JEFFERSON,KY1450,,BLUE LICK,RD,,,,,,,,38.124274800,-85.689464369,2.712,4/29/2021 12:00:00 AM,1021,2,2,0,0,RAINING,WET,False,HEAD-ON COLLISION,HEAD ON,STRAIGHT & LEVEL,DAYLIGHT,,,4/30/2021 8:29:41 AM,False,4693,Accepted,
28074016,0568000,LOUISVILLE METRO POLICE DEPT,Accepted,JEFFERSON,,5117,ANTLE,DR,,,,,,,,38.086848928,-85.664660534,0.330,4/29/2021 12:00:00 AM,1518,2,2,0,0,CLOUDY,WET,False,1 VEHICLE ENTERING/LEAVING ENTRANCE,ANGLE,CURVE & HILLCREST,DAYLIGHT,,,4/30/2021 8:30:30 AM,False,7799,Accepted,
28074036,0568000,LOUISVILLE METRO POLICE DEPT,Accepted,JEFFERSON,,5505,RIVER,RD,,,,,,,,38.320850086,-85.644879788,4.097,4/29/2021 12:00:00 AM,1635,1,1,0,0,CLOUDY,WET,False,COLLISION WITH FIXED OBJECT NON - INTERSECTION - FIRST EVENT COLLISION 09 - 32 EXCLUDING 16,SINGLE VEHICLE,STRAIGHT & LEVEL,DAYLIGHT,,,4/30/2021 8:33:55 AM,False,7751,Accepted,
28074010,0568000,LOUISVILLE METRO POLICE DEPT,Accepted,JEFFERSON,US0042,1600B,MELLWOOD,AVE,,,,,,,,38.256640416,-85.720798007,0.694,4/29/2021 12:00:00 AM,1312,2,2,0,0,RAINING,WET,False,1 VEHICLE ENTERING/LEAVING ENTRANCE,ANGLE,STRAIGHT & LEVEL,OTHER,,,4/30/2021 8:29:56 AM,False,7281,Accepted,
28074019,0568000,LOUISVILLE METRO POLICE DEPT,Accepted,JEFFERSON,KY0155,,TAYLORSVILLE,RD,,,,,,,,38.187199846,-85.522154169,6.792,4/29/2021 12:00:00 AM,1656,3,3,0,0,RAINING,WET,False,1 VEHICLE ENTERING/LEAVING ENTRANCE,ANGLE,STRAIGHT & LEVEL,DAYLIGHT,,,4/30/2021 8:32:08 AM,False,7755,Accepted,
28074034,0568000,LOUISVILLE METRO POLICE DEPT,Accepted,JEFFERSON,,,HAZELWOOD,AVE,,,TRACY,,,,,38.173065519,-85.794332238,0.268,4/29/2021 12:00:00 AM,2221,2,2,0,0,CLEAR,DRY,False,OPPOSITE DIRECTION - BOTH VEHICLES GOING STRAIGHT AHEAD,SIDESWIPE-OPPOSITE DIRECTION,STRAIGHT & LEVEL,DUSK,,,4/30/2021 8:33:47 AM,False,5245,Accepted,
28074035,0568000,LOUISVILLE METRO POLICE DEPT,Accepted,JEFFERSON,KY0864,,BEULAH CHURCH,RD,,KY2845,MANSLICK,,,,,38.128093639,-85.614296043,3.604,4/29/2021 12:00:00 AM,2114,2,2,0,1,CLEAR,DRY,False,ANGLE COLLISION - OTHER,ANGLE,STRAIGHT & LEVEL,DARK-HWY NOT LIGHTED,,,4/30/2021 8:33:51 AM,False,5138,Accepted,
28074042,0568000,LOUISVILLE METRO POLICE DEPT,Accepted,JEFFERSON,KY1865,,TAYLOR,BLVD,,,BLUEGRASS,,,,,38.179646486,-85.783261406,5.027,4/29/2021 12:00:00 AM,2202,2,2,0,0,CLEAR,DRY,False,OTHER INTERSECTION COLLISIONS,REAR END,STRAIGHT & LEVEL,DARK-HWY LIGHTED/ON,,,4/30/2021 8:34:28 AM,False,5337,Accepted,
28074018,0568000,LOUISVILLE METRO POLICE DEPT,Accepted,JEFFERSON,KY1931,5203,GREENWOOD,RD,,,,,,,,38.144719532,-85.852205370,2.425,4/29/2021 12:00:00 AM,1557,2,2,0,0,RAINING,WET,True,HEAD-ON COLLISION,HEAD ON,STRAIGHT & LEVEL,DAYLIGHT,,,4/30/2021 8:31:49 AM,False,7244,Accepted,
28074025,0568000,LOUISVILLE METRO POLICE DEPT,Accepted,JEFFERSON,I 0264,,I264 W,,,,,I 0264,I264 W EXIT9 OFF RAMP TO KY1865,I 0264,I264 W EXIT10 ON RAMP FROM KY1020,38.189436422,-85.775456674,9.800,4/29/2021 12:00:00 AM,1459,1,1,0,1,RAINING,WET,False,COLLISION WITH FIXED OBJECT NON - INTERSECTION - FIRST EVENT COLLISION 09 - 32 EXCLUDING 16,SINGLE VEHICLE,STRAIGHT & LEVEL,DAYLIGHT,,,4/30/2021 8:32:52 AM,False,5308,Accepted,
28074026,0568000,LOUISVILLE METRO POLICE DEPT,Accepted,JEFFERSON,,,4TH,ST,S,,IOWA,,,,,38.207757244,-85.765117067,3.402,4/29/2021 12:00:00 AM,1639,2,2,0,1,CLOUDY,WET,False,ANGLE COLLISION - OTHER,ANGLE,STRAIGHT & LEVEL,DAYLIGHT,,,4/30/2021 8:32:59 AM,False,2217,Accepted,
28089284,0568000,LOUISVILLE METRO POLICE DEPT,Accepted,JEFFERSON,I 0264,,I264 E,,,,,I 0264,I264 E EXIT11 OFF RAMP,I 0264,I264 E EXIT10 ON RAMP FROM KY1020,38.190104722,-85.755119637,10.683,4/29/2021 12:00:00 AM,1602,2,2,0,0,RAINING,WET,False,OTHER ROADWAY OR MID-BLOCK COLLISION,REAR END,STRAIGHT & LEVEL,DAYLIGHT,,,5/4/2021 9:39:35 AM,False,7207,Accepted,
28085400,0568000,LOUISVILLE METRO POLICE DEPT,Accepted,JEFFERSON,,,LONGEST,AVE,,,,,CHEROKEE,US0031E,BARDSTOWN,38.235790287,-85.714794375,0.047,4/29/2021 12:00:00 AM,1814,2,1,0,0,CLOUDY,WET,False,1 VEHICLE PARKED POSITION (NOT PARKING LOT/DRIVEWAY),SIDESWIPE-SAME DIRECTION,STRAIGHT & LEVEL,DAYLIGHT,,,5/3/2021 11:01:54 AM,False,2228,Accepted,
28085949,0568000,LOUISVILLE METRO POLICE DEPT,Accepted,JEFFERSON,KY1020,,2ND,ST,S,,OAK,,,,,38.234737584,-85.757016432,11.370,4/29/2021 12:00:00 AM,1507,2,2,0,1,CLOUDY,DRY,False,ANGLE COLLISION - OTHER,ANGLE,STRAIGHT & LEVEL,DAYLIGHT,,,5/3/2021 2:21:31 PM,False,7619,Accepted,
28083993,0568000,LOUISVILLE METRO POLICE DEPT,Accepted,JEFFERSON,,,WILSON,AVE,,,28TH,,,,,38.232292607,-85.800987262,1.462,4/29/2021 12:00:00 AM,1320,2,2,0,1,SEVERE CROSSWINDS,WET,False,ANGLE COLLISION - OTHER,ANGLE,STRAIGHT & LEVEL,DAYLIGHT,,,5/3/2021 9:31:58 AM,False,7387,Accepted,
28121245,0560400,SHIVELY POLICE DEPARTMENT,Accepted,JEFFERSON,US0031W,,DIXIE,HWY,,KY2051,ROCKFORD,,,,,38.174354674,-85.823417514,13.836,4/29/2021 12:00:00 AM,1333,2,2,0,0,RAINING,WET,False,ANGLE COLLISION - ONE VEHICLE TURNING RIGHT,ANGLE,STRAIGHT & LEVEL,DAYLIGHT,,,5/12/2021 7:45:38 AM,False,7085,Accepted,
28087414,0560600,WEST BUECHEL POLICE DEPT.,Accepted,JEFFERSON,US0031E,,BUECHEL,BYP,,,,KY2052,HIKES,KY2251,KY2251 CROSSOVER,38.198741117,-85.661559085,11.022,4/28/2021 12:00:00 AM,1500,2,2,0,0,CLOUDY,DRY,False,1 VEHICLE ENTERING/LEAVING ENTRANCE,ANGLE,STRAIGHT & LEVEL,DAYLIGHT,,,5/3/2021 9:43:11 PM,False,1298,Accepted,
28074011,0568000,LOUISVILLE METRO POLICE DEPT,Accepted,JEFFERSON,,,SHINGO,AVE,,KY1865,TAYLOR,,,,,38.174353683,-85.782435476,0.002,4/28/2021 12:00:00 AM,1715,2,2,0,0,RAINING,WET,False,ANGLE COLLISION - ONE VEHICLE TURNING LEFT,ANGLE,STRAIGHT & LEVEL,DAYLIGHT,,,4/30/2021 8:30:00 AM,False,7471,Accepted,
28074017,0568000,LOUISVILLE METRO POLICE DEPT,Accepted,JEFFERSON,,992,VINE,ST,,,HIGHLAND,,,,,38.237311447,-85.731147474,0.523,4/28/2021 12:00:00 AM,1645,4,4,0,0,CLOUDY,WET,False,COLLISION WITH PARKED VEHICLE,ANGLE,STRAIGHT & HILLCREST,DAYLIGHT,,,4/30/2021 8:30:50 AM,False,5360,Accepted,
28070014,0568000,LOUISVILLE METRO POLICE DEPT,Accepted,JEFFERSON,,1616,GREYLING,DR,,,,,,,,38.118537117,-85.797011705,0.105,4/28/2021 12:00:00 AM,1700,1,1,0,1,CLEAR,WET,False,COLLISION WITH FIXED OBJECT NON - INTERSECTION - FIRST EVENT COLLISION 09 - 32 EXCLUDING 16,SINGLE VEHICLE,STRAIGHT & LEVEL,DAYLIGHT,,,4/29/2021 8:56:57 AM,False,7263,Accepted,
28070015,0568000,LOUISVILLE METRO POLICE DEPT,Accepted,JEFFERSON,US0031W,,DIXIE,HWY,,,MARYMAN,,,,,38.132750285,-85.846225624,10.731,4/28/2021 12:00:00 AM,1720,2,2,0,0,CLOUDY,WET,False,ANGLE COLLISION - OTHER,ANGLE,STRAIGHT & LEVEL,DAYLIGHT,,,4/29/2021 8:57:00 AM,False,2936,Accepted,
28070016,0568000,LOUISVILLE METRO POLICE DEPT,Accepted,JEFFERSON,KY1020,10804,NATIONAL,TPKE,,,,,,,,38.094509188,-85.730190782,0.915,4/28/2021 12:00:00 AM,1725,2,2,0,0,RAINING,WET,False,1 VEHICLE ENTERING/LEAVING ENTRANCE,ANGLE,CURVE & LEVEL,DAYLIGHT,,,4/29/2021 8:57:04 AM,False,7252,Accepted,
28070017,0568000,LOUISVILLE METRO POLICE DEPT,Accepted,JEFFERSON,US0031E,,BARDSTOWN,RD,,,,,,,,38.209607741,-85.670102748,11.896,4/28/2021 12:00:00 AM,1510,2,2,0,1,CLEAR,DRY,False,REAR END IN TRAFFIC LANES BOTH VEHICLES MOVING,REAR END,STRAIGHT & LEVEL,DAYLIGHT,,,4/29/2021 8:57:10 AM,False,5191,Accepted,
28070022,0568000,LOUISVILLE METRO POLICE DEPT,Accepted,JEFFERSON,KY1727,,TERRY,RD,,,,,,,,38.145652042,-85.871930286,1.708,4/28/2021 12:00:00 AM,1601,2,2,0,0,RAINING,WET,True,OTHER ROADWAY OR MID-BLOCK COLLISION,OPPOSING LEFT TURN,STRAIGHT & LEVEL,DAYLIGHT,,,4/29/2021 8:57:26 AM,False,7234,Accepted,
28070024,0568000,LOUISVILLE METRO POLICE DEPT,Accepted,JEFFERSON,US0031W,,DIXIE,HWY,,,,,,,,38.121739812,-85.855301315,9.721,4/28/2021 12:00:00 AM,1649,4,4,0,0,RAINING,WET,False,REAR END IN TRAFFIC LANES BOTH VEHICLES MOVING,REAR END,STRAIGHT & LEVEL,DAYLIGHT,,,4/29/2021 8:57:29 AM,False,7234,Accepted,
28070033,0568000,LOUISVILLE METRO POLICE DEPT,Accepted,JEFFERSON,,1323,RIVER,RD,,,,,,,,38.261300401,-85.737761277,0.524,4/28/2021 12:00:00 AM,1323,1,1,0,0,CLEAR,DRY,False,COLLISION WITH FIXED OBJECT NON - INTERSECTION - FIRST EVENT COLLISION 09 - 32 EXCLUDING 16,SINGLE VEHICLE,STRAIGHT & LEVEL,DAYLIGHT,,,4/29/2021 8:57:39 AM,False,7070,Accepted,
28070039,0568000,LOUISVILLE METRO POLICE DEPT,Accepted,JEFFERSON,KY1447,,WESTPORT,RD,,,JAPONICA,,,,,38.278967817,-85.596024485,3.790,4/28/2021 12:00:00 AM,1530,2,2,0,0,CLOUDY,DRY,False,COLLISION IN PARKING LOT,BACKING,STRAIGHT & LEVEL,DAYLIGHT,,,4/29/2021 8:57:54 AM,False,5228,Accepted,
28070040,0568000,LOUISVILLE METRO POLICE DEPT,Accepted,JEFFERSON,KY1934,,GREENBELT,HWY,,KY1230,LOWER RIVER,,,,,38.098202618,-85.892092689,1.042,4/28/2021 12:00:00 AM,2315,2,2,0,0,RAINING,WET,False,ANGLE COLLISION - OTHER,ANGLE,CURVE & LEVEL,DARK-HWY NOT LIGHTED,,,4/29/2021 8:57:57 AM,False,5121,Accepted,
28070041,0568000,LOUISVILLE METRO POLICE DEPT,Accepted,JEFFERSON,KY1703,,NEWBURG,RD,,,GOLDSMITH,,,,,38.200160270,-85.685085467,1.986,4/28/2021 12:00:00 AM,2320,2,1,0,1,CLEAR,WET,False,COLLISION WITH PEDESTRIAN IN INTERSECTION,SINGLE VEHICLE,STRAIGHT & LEVEL,DARK (UNKNOWN ROADWAY LIGHTING),,,4/29/2021 8:58:00 AM,False,5286,Accepted,
28070038,0568000,LOUISVILLE METRO POLICE DEPT,Accepted,JEFFERSON,US0060A,,GRINSTEAD,DR,,,,,,,,38.245281096,-85.702138554,7.973,4/28/2021 12:00:00 AM,2123,2,2,0,0,RAINING,WET,False,OTHER ROADWAY OR MID-BLOCK COLLISION,OPPOSING LEFT TURN,STRAIGHT & LEVEL,DARK-HWY LIGHTED/ON,,,4/29/2021 8:57:51 AM,False,7376,Accepted,
28065955,0568000,LOUISVILLE METRO POLICE DEPT,Accepted,JEFFERSON,,,MAGAZINE,ST,,,,,,,,38.252327913,-85.800190096,1.814,4/28/2021 12:00:00 AM,0027,2,2,0,0,CLEAR,DRY,True,1 VEHICLE PARKED POSITION (NOT PARKING LOT/DRIVEWAY),HEAD ON,STRAIGHT & LEVEL,DARK-HWY LIGHTED/ON,,,4/28/2021 8:45:32 AM,False,5118,Accepted,
28065963,0568000,LOUISVILLE METRO POLICE DEPT,Accepted,JEFFERSON,US0031W,,DIXIE,HWY,,,,,,,,38.056156557,-85.890632986,4.808,4/28/2021 12:00:00 AM,0107,2,2,0,5,CLEAR,DRY,False,1 VEHICLE ENTERING/LEAVING ENTRANCE,ANGLE,STRAIGHT & LEVEL,DARK-HWY LIGHTED/ON,,,4/28/2021 8:45:51 AM,False,5356,Accepted,
28069796,0560300,ST. MATTHEWS POLICE DEPARTMENT,Accepted,JEFFERSON,US0060,,SHELBYVILLE,RD,,I 0264,I264 W EXIT19A ON RAMP FROM US60 W,,,,,38.250151075,-85.621145996,5.436,4/28/2021 12:00:00 AM,0801,2,2,0,0,CLEAR,DRY,False,OTHER INTERSECTION COLLISIONS,REAR END,STRAIGHT & LEVEL,DAYLIGHT,,,4/29/2021 8:02:52 AM,False,9140,Accepted,
28069999,0568000,LOUISVILLE METRO POLICE DEPT,Accepted,JEFFERSON,,,INDUSTRY,RD,,,4TH,,,,,38.213850147,-85.763926909,0.819,4/28/2021 12:00:00 AM,0827,1,1,0,0,CLOUDY,DRY,False,COLLISION IN PARKING LOT,SINGLE VEHICLE,STRAIGHT & LEVEL,DAYLIGHT,,,4/29/2021 8:56:15 AM,False,5052,Accepted,
28070008,0568000,LOUISVILLE METRO POLICE DEPT,Accepted,JEFFERSON,I 0264,,I264 E,,,,,,,,,38.207628424,-85.676677677,15.288,4/28/2021 12:00:00 AM,1726,2,2,0,0,CLOUDY,WET,False,REAR END IN TRAFFIC LANES BOTH VEHICLES MOVING,REAR END,STRAIGHT & GRADE,DAYLIGHT,,,4/29/2021 8:56:44 AM,False,6813,Accepted,
28070030,0568000,LOUISVILLE METRO POLICE DEPT,Accepted,JEFFERSON,I 0064,,,,,,,,,,,38.268872384,-85.782420311,0.149,4/28/2021 12:00:00 AM,2034,1,1,0,2,RAINING,WET,False,OVERTURNED ON RAMP,SINGLE VEHICLE,CURVE & LEVEL,DARK-HWY LIGHTED/OFF,I 0064,US31W,4/29/2021 8:57:36 AM,False,5334,Accepted,
28069997,0568000,LOUISVILLE METRO POLICE DEPT,Accepted,JEFFERSON,,,8TH,ST,S,,JEFFERSON,,,,,38.254578567,-85.763652419,0.192,4/28/2021 12:00:00 AM,0900,2,2,0,1,CLOUDY,DRY,True,ANGLE COLLISION - OTHER,ANGLE,,DAYLIGHT,,,4/29/2021 8:56:09 AM,False,7148,Accepted,
28070005,0568000,LOUISVILLE METRO POLICE DEPT,Accepted,JEFFERSON,KY1931,,ST ANDREWS CHURCH,RD,,KY1142,PALATKA,,,,,38.155390675,-85.801926327,5.485,4/28/2021 12:00:00 AM,1610,2,2,0,3,RAINING,WET,False,ANGLE COLLISION - OTHER,ANGLE,STRAIGHT & LEVEL,DAYLIGHT,,,4/29/2021 8:56:38 AM,False,7232,Accepted,
28168072,0568000,LOUISVILLE METRO POLICE DEPT,Accepted,JEFFERSON,US0060A,,LEXINGTON,RD,,,BAUER,,,,,38.251716554,-85.660891609,10.338,4/28/2021 12:00:00 AM,1910,3,3,0,1,RAINING,WET,False,ANGLE COLLISION - OTHER,ANGLE,STRAIGHT & LEVEL,DAYLIGHT,,,5/24/2021 9:35:02 AM,False,7544,Accepted,
28085393,0561500,UNIV. OF LOUISVILLE POLICE,Accepted,JEFFERSON,,2126,FLOYD,ST,S,,,,,,,38.216573850,-85.754880150,2.691,4/28/2021 12:00:00 AM,1608,2,2,0,0,RAINING,DRY,True,COLLISION IN PARKING LOT,ANGLE,STRAIGHT & LEVEL,DAYLIGHT,,,5/3/2021 12:33:33 PM,False,5713,Accepted,
28200823,0568000,LOUISVILLE METRO POLICE DEPT,Accepted,JEFFERSON,KY1447,10320,WESTPORT,RD,,,,,,,,38.293416408,-85.559902150,5.985,4/28/2021 12:00:00 AM,1054,2,1,0,0,RAINING,WET,False,COLLISION IN PARKING LOT,SINGLE VEHICLE,STRAIGHT & LEVEL,DAYLIGHT,,,6/1/2021 9:28:36 AM,False,7751,Accepted,
28294905,0568000,LOUISVILLE METRO POLICE DEPT,Accepted,JEFFERSON,KY2860,2500,GRINSTEAD,DR,,,,,,,,38.241308821,-85.713546043,0.467,4/28/2021 12:00:00 AM,0915,2,2,0,0,CLEAR,DRY,True,SIDESWIPE COLLISION - OPPOSITE DIRECTION,SIDESWIPE-OPPOSITE DIRECTION,,DAYLIGHT,,,6/25/2021 8:43:46 AM,False,2738,Accepted,
28070012,0568000,LOUISVILLE METRO POLICE DEPT,Accepted,JEFFERSON,US0031W,,DIXIE,HWY,,,STONESTREET,,,,,38.121205587,-85.855690108,9.749,4/28/2021 12:00:00 AM,1625,2,2,0,0,RAINING,WET,False,ANGLE COLLISION - OTHER,ANGLE,STRAIGHT & LEVEL,DAYLIGHT,,,4/29/2021 8:56:53 AM,False,7306,Accepted,
28070018,0568000,LOUISVILLE METRO POLICE DEPT,Accepted,JEFFERSON,,,MANSLICK,RD,,,,,,,,38.132785978,-85.795868751,1.468,4/28/2021 12:00:00 AM,,2,2,0,0,CLOUDY,DRY,True,SIDESWIPE COLLISION - OPPOSITE DIRECTION,SIDESWIPE-OPPOSITE DIRECTION,CURVE & HILLCREST,DAYLIGHT,,,4/29/2021 8:57:18 AM,False,7234,Accepted,
28070027,0568000,LOUISVILLE METRO POLICE DEPT,Accepted,JEFFERSON,,1850,BLUEGRASS,AVE,,,,,,,,38.179252155,-85.795463440,0.185,4/28/2021 12:00:00 AM,1043,2,2,0,0,CLEAR,DRY,True,COLLISION IN PARKING LOT,SIDESWIPE-SAME DIRECTION,,DAYLIGHT,,,4/29/2021 8:57:33 AM,False,5221,Accepted,
28070036,0568000,LOUISVILLE METRO POLICE DEPT,Accepted,JEFFERSON,US0060,,SHELBYVILLE,RD,,,,,,,,38.244915939,-85.555190827,9.037,4/28/2021 12:00:00 AM,2336,1,1,0,2,RAINING,WET,False,COLLISION WITH FIXED OBJECT NON - INTERSECTION - FIRST EVENT COLLISION 09 - 32 EXCLUDING 16,SINGLE VEHICLE,STRAIGHT & LEVEL,DARK (UNKNOWN ROADWAY LIGHTING),,,4/29/2021 8:57:45 AM,False,7330,Accepted,
28069994,0568000,LOUISVILLE METRO POLICE DEPT,Accepted,JEFFERSON,KY0061,,PRESTON,ST,S,,,,,,,38.253748687,-85.746238269,12.808,4/28/2021 12:00:00 AM,1003,2,2,0,0,CLOUDY,DRY,False,REAR END IN TRAFFIC LANES BOTH VEHICLES MOVING,REAR END,STRAIGHT & LEVEL,DAYLIGHT,,,4/29/2021 8:56:00 AM,False,5342,Accepted,
28070001,0568000,LOUISVILLE METRO POLICE DEPT,Accepted,JEFFERSON,US0060A,1155,EASTERN,PKWY,,,,,,,,38.225452750,-85.727518725,5.694,4/28/2021 12:00:00 AM,1422,2,2,0,0,CLEAR,DRY,False,SIDESWIPE COLLISION - SAME DIRECTION,SIDESWIPE-SAME DIRECTION,STRAIGHT & LEVEL,DAYLIGHT,,,4/29/2021 8:56:23 AM,False,5120,Accepted,
28070002,0568000,LOUISVILLE METRO POLICE DEPT,Accepted,JEFFERSON,,2707,RIEDLING,DR,,,,,,,,38.261534249,-85.695222426,0.080,4/28/2021 12:00:00 AM,1130,2,2,0,0,CLEAR,DRY,True,1 VEHICLE PARKED POSITION (NOT PARKING LOT/DRIVEWAY),BACKING,STRAIGHT & LEVEL,DAWN,,,4/29/2021 8:56:28 AM,False,5311,Accepted,
28070009,0568000,LOUISVILLE METRO POLICE DEPT,Accepted,JEFFERSON,,,GRIFFITHS,AVE,,,24TH,,,,,38.265304968,-85.787817983,0.497,4/28/2021 12:00:00 AM,1702,2,2,0,0,CLOUDY,WET,False,OTHER INTERSECTION COLLISIONS,REAR TO REAR,STRAIGHT & LEVEL,DAYLIGHT,,,4/29/2021 8:56:47 AM,False,5353,Accepted,
28070010,0568000,LOUISVILLE METRO POLICE DEPT,Accepted,JEFFERSON,,,3RD,ST,S,,COLLINS,,,,,38.200223873,-85.765107548,0.026,4/28/2021 12:00:00 AM,1645,2,2,0,1,RAINING,WET,False,ANGLE COLLISION - OTHER,ANGLE,STRAIGHT & LEVEL,DAYLIGHT,,,4/29/2021 8:56:50 AM,False,2499,Accepted,
28073998,0568000,LOUISVILLE METRO POLICE DEPT,Accepted,JEFFERSON,,,COLONIAL MANOR,CIR,,,GOLDSMITH,,,,,38.202751823,-85.679054485,0.136,4/28/2021 12:00:00 AM,1730,2,2,0,0,CLOUDY,WET,True,OTHER INTERSECTION COLLISIONS,REAR END,STRAIGHT & GRADE,DAYLIGHT,,,4/30/2021 8:29:23 AM,False,7879,Accepted,
28069996,0568000,LOUISVILLE METRO POLICE DEPT,Accepted,JEFFERSON,,,9TH,ST,S,,HILL,,,,,38.226749647,-85.770133512,1.347,4/28/2021 12:00:00 AM,1201,2,2,0,0,CLOUDY,DRY,False,COLLISION WITH PARKED VEHICLE,REAR TO REAR,STRAIGHT & LEVEL,DAYLIGHT,,,4/29/2021 8:56:06 AM,False,5303,Accepted,
28070003,0568000,LOUISVILLE METRO POLICE DEPT,Accepted,JEFFERSON,KY1065,,SEATONVILLE,RD,,,,,,CS1480H,SEATON,38.150868659,-85.582318244,12.155,4/28/2021 12:00:00 AM,1545,2,2,0,0,RAINING,WET,False,REAR END IN TRAFFIC LANES BOTH VEHICLES MOVING,REAR END,STRAIGHT & LEVEL,DAYLIGHT,,,4/29/2021 8:56:31 AM,False,5297,Accepted,
28070004,0568000,LOUISVILLE METRO POLICE DEPT,Accepted,JEFFERSON,KY0061,,PRESTON,HWY,,KY2845,MANSLICK,,,,,38.118033937,-85.677228532,2.448,4/28/2021 12:00:00 AM,1002,2,2,0,1,CLEAR,DRY,False,ANGLE COLLISION - OTHER,ANGLE,STRAIGHT & GRADE,DAYLIGHT,,,4/29/2021 8:56:34 AM,False,6886,Accepted,
28073987,0568000,LOUISVILLE METRO POLICE DEPT,Accepted,JEFFERSON,US0031E,,BARDSTOWN,RD,,,CREWS,,,,,38.180141388,-85.624886700,8.568,4/28/2021 12:00:00 AM,1627,2,2,0,0,RAINING,WET,False,REAR END - ONE VEHICLE TURNING LEFT,REAR END,STRAIGHT & LEVEL,DAYLIGHT,,,4/30/2021 8:28:42 AM,False,7284,Accepted,
28074021,0568000,LOUISVILLE METRO POLICE DEPT,Accepted,JEFFERSON,KY1865,,NEW CUT,RD,,,,,,,,38.147835996,-85.775712563,2.807,4/28/2021 12:00:00 AM,1619,2,2,0,1,RAINING,WET,False,HEAD-ON COLLISION,HEAD ON,STRAIGHT & LEVEL,DAYLIGHT,,,4/30/2021 8:32:20 AM,False,5302,Accepted,
28065951,0568000,LOUISVILLE METRO POLICE DEPT,Accepted,JEFFERSON,I 0265,,I265 E,,,,,,,,,38.112902295,-85.694223749,10.666,4/28/2021 12:00:00 AM,0001,1,1,0,0,CLEAR,DRY,False,COLLISION WITH FIXED OBJECT NON - INTERSECTION - FIRST EVENT COLLISION 09 - 32 EXCLUDING 16,SINGLE VEHICLE,STRAIGHT & LEVEL,DARK (UNKNOWN ROADWAY LIGHTING),,,4/28/2021 8:45:18 AM,False,5248,Accepted,