IncidentID,AgencyORI,AgencyName,IncidentStatusDesc,County,RdwyNumber,Street,RoadwayName,StreetSfx,StreetDir,IntersectionRdwy,IntersectionRdwyName,BetweenStRdwy1,BetweenStRdwyName1,BetweenStRdwy2,BetweenStRdwyName2,Latitude,Longitude,Milepoint,CollisionDate,CollisionTime,UnitsInvolved,MotorVehiclesInvolved,NumberKilled,NumberInjured,Weather,RdwyConditionCode,HitandRun,DirAnalysisCode,MannerofCollision,RdwyCharacter,LightCondition,RampFromRdwyId,RampToRdwyId,AcceptedDate,IsSecondaryCollision,OwnerBadge,IncidentStatus,
28065959,0568000,LOUISVILLE METRO POLICE DEPT,Accepted,JEFFERSON,,,HILL,ST,W,US0031W,22ND,,,,,38.228930071,-85.792879561,1.979,4/28/2021 12:00:00 AM,0131,2,2,0,0,CLEAR,DRY,False,ANGLE COLLISION - OTHER,ANGLE,STRAIGHT & LEVEL,DARK-HWY LIGHTED/ON,,,4/28/2021 8:45:45 AM,False,5325,Accepted,
28065966,0568000,LOUISVILLE METRO POLICE DEPT,Accepted,JEFFERSON,US0042,,US42,,,KY0022C,SEMINARY,,,,,38.292947059,-85.628383679,6.798,4/27/2021 12:00:00 AM,2145,2,2,0,1,CLEAR,DRY,False,ANGLE COLLISION - OTHER,ANGLE,STRAIGHT & LEVEL,DUSK,,,4/28/2021 8:45:57 AM,False,5030,Accepted,
28065957,0568000,LOUISVILLE METRO POLICE DEPT,Accepted,JEFFERSON,KY0061,,JACKSON,ST,S,,ST CATHERINE,,,,,38.235359436,-85.747351206,11.612,4/27/2021 12:00:00 AM,2122,2,2,0,1,CLEAR,DRY,False,ANGLE COLLISION - OTHER,ANGLE,STRAIGHT & LEVEL,DARK-HWY LIGHTED/ON,,,4/28/2021 8:45:40 AM,False,7527,Accepted,
28065973,0568000,LOUISVILLE METRO POLICE DEPT,Accepted,JEFFERSON,US0150,,BROADWAY,,W,,,,17TH,,18TH,38.248912810,-85.781132722,1.121,4/27/2021 12:00:00 AM,2050,2,1,0,1,CLEAR,DRY,False,COLLISION WITH PEDESTRIAN NON - INTERSECTION,SINGLE VEHICLE,STRAIGHT & LEVEL,DARK-HWY LIGHTED/ON,,,4/28/2021 8:46:24 AM,False,7325,Accepted,
28065950,0568000,LOUISVILLE METRO POLICE DEPT,Accepted,JEFFERSON,,,4TH,ST,S,US0150,BROADWAY,,,,,38.245992539,-85.758480371,0.742,4/27/2021 12:00:00 AM,2319,2,2,0,0,CLEAR,DRY,False,ANGLE COLLISION - OTHER,ANGLE,STRAIGHT & LEVEL,DARK-HWY LIGHTED/ON,,,4/28/2021 8:45:12 AM,False,5271,Accepted,
28065943,0568000,LOUISVILLE METRO POLICE DEPT,Accepted,JEFFERSON,,,WILSON,AVE,,,20TH,,,,,38.234812955,-85.789138073,0.770,4/27/2021 12:00:00 AM,1656,2,2,0,1,CLEAR,DRY,False,ANGLE COLLISION - OTHER,ANGLE,STRAIGHT & LEVEL,DAYLIGHT,,,4/28/2021 8:44:52 AM,False,5273,Accepted,
28065949,0568000,LOUISVILLE METRO POLICE DEPT,Accepted,JEFFERSON,,1784,WILSON,AVE,,,,,,,,38.233889228,-85.785849601,0.578,4/27/2021 12:00:00 AM,1952,2,2,0,4,CLEAR,DRY,False,1 VEHICLE PARKED POSITION (NOT PARKING LOT/DRIVEWAY),HEAD ON,STRAIGHT & LEVEL,DAYLIGHT,,,4/28/2021 8:45:06 AM,False,5347,Accepted,
28065931,0568000,LOUISVILLE METRO POLICE DEPT,Accepted,JEFFERSON,I 0265,,I265 E,,,,,I 0265,I265 E EXIT23 ON RAMP FROM KY155,I 0064,I64 N EXIT25A RAMP TO I64 E,38.198085086,-85.507852437,23.774,4/27/2021 12:00:00 AM,0820,1,1,0,0,CLEAR,DRY,False,OTHER COLLISIONS ON SHOULDER,SINGLE VEHICLE,STRAIGHT & GRADE,DAYLIGHT,,,4/28/2021 8:44:15 AM,False,2017,Accepted,
28061213,0568000,LOUISVILLE METRO POLICE DEPT,Accepted,JEFFERSON,,,7TH,ST,S,,MYRTLE,,,,,38.231033921,-85.766865747,0.934,4/27/2021 12:00:00 AM,0453,1,1,0,1,CLEAR,DRY,False,OTHER INTERSECTION COLLISIONS,SINGLE VEHICLE,CURVE & LEVEL,DARK-HWY LIGHTED/ON,,,4/27/2021 9:12:19 AM,False,5183,Accepted,
28064118,0560300,ST. MATTHEWS POLICE DEPARTMENT,Accepted,JEFFERSON,US0060,,SHELBYVILLE,RD,,KY1932,BRECKENRIDGE,,,,,38.252827627,-85.655319015,3.543,4/27/2021 12:00:00 AM,1707,2,2,0,0,CLEAR,DRY,False,ANGLE COLLISION - OTHER,ANGLE,STRAIGHT & LEVEL,DAYLIGHT,,,4/27/2021 10:00:01 PM,False,9172,Accepted,
28065933,0568000,LOUISVILLE METRO POLICE DEPT,Accepted,JEFFERSON,US0031E,,BARDSTOWN,RD,,,CEDARLOOK,,,,,38.147097364,-85.585884783,5.330,4/27/2021 12:00:00 AM,1542,2,2,0,1,CLEAR,DRY,False,OTHER INTERSECTION COLLISIONS,REAR END,STRAIGHT & LEVEL,DAYLIGHT,,,4/28/2021 8:44:21 AM,False,7465,Accepted,
28065934,0568000,LOUISVILLE METRO POLICE DEPT,Accepted,JEFFERSON,,,GRADE,LN,,I 0065,I65 N EXIT130 ON RAMP FROM KY61,,,,,38.179054910,-85.719419470,0.095,4/27/2021 12:00:00 AM,1643,3,3,0,0,CLEAR,DRY,False,OTHER INTERSECTION COLLISIONS,REAR END,STRAIGHT & LEVEL,DAYLIGHT,,,4/28/2021 8:44:23 AM,False,7451,Accepted,
28065935,0568000,LOUISVILLE METRO POLICE DEPT,Accepted,JEFFERSON,KY1065,,OUTER,LOOP,,KY6162,MINOR,,,,,38.136501345,-85.713357282,4.574,4/27/2021 12:00:00 AM,1643,3,3,0,2,CLEAR,DRY,False,ANGLE COLLISION - OTHER,ANGLE,STRAIGHT & LEVEL,DAYLIGHT,,,4/28/2021 8:44:27 AM,False,7269,Accepted,
28065941,0568000,LOUISVILLE METRO POLICE DEPT,Accepted,JEFFERSON,KY1447,,WESTPORT,RD,,I 0265,I265 N EXIT33 ON RAMP FROM KY1447,,,,,38.299001360,-85.543401360,6.998,4/27/2021 12:00:00 AM,1527,2,2,0,0,CLEAR,DRY,False,COLLISION WITH FIXED OBJECT IN INTERSECTION - FIRST EVENT COLLISION 09 - 32,ANGLE,STRAIGHT & LEVEL,DAYLIGHT,,,4/28/2021 8:44:46 AM,False,7751,Accepted,
28066561,0563800,NORTHFIELD POLICE DEPARTMENT,Accepted,JEFFERSON,KY0022,,BROWNSBORO,RD,,,,,,,,38.283557486,-85.628566704,0.398,4/27/2021 12:00:00 AM,1657,2,2,0,0,CLEAR,DRY,False,1 VEHICLE ENTERING/LEAVING ENTRANCE,ANGLE,STRAIGHT & LEVEL,DAYLIGHT,,,4/28/2021 11:02:31 AM,False,1379,Accepted,
28083950,0568000,LOUISVILLE METRO POLICE DEPT,Accepted,JEFFERSON,I 0264,,,,,,,,,,,38.189711315,-85.783319799,0.225,4/27/2021 12:00:00 AM,2040,2,2,0,0,CLEAR,DRY,True,OTHER RAMP RELATED COLLISIONS NOT LISTED ABOVE,HEAD ON,STRAIGHT & GRADE,DAYLIGHT,I 0264,KY1865,5/3/2021 9:28:16 AM,False,5205,Accepted,
28083948,0568000,LOUISVILLE METRO POLICE DEPT,Accepted,JEFFERSON,KY1934,,CANE RUN,RD,,KY2049,CRUMS,,,,,38.198922099,-85.837832180,9.146,4/27/2021 12:00:00 AM,1544,2,2,0,2,CLEAR,DRY,False,ANGLE COLLISION - ONE VEHICLE TURNING LEFT,ANGLE,STRAIGHT & LEVEL,DAYLIGHT,,,5/3/2021 9:28:12 AM,False,5253,Accepted,
28084039,0568000,LOUISVILLE METRO POLICE DEPT,Accepted,JEFFERSON,US0031E,,BARDSTOWN,RD,,,GRASMERE,,,,,38.226682072,-85.698302565,13.923,4/27/2021 12:00:00 AM,1549,2,2,0,1,CLEAR,DRY,False,ANGLE COLLISION - ONE VEHICLE TURNING LEFT,ANGLE,STRAIGHT & LEVEL,DAYLIGHT,,,5/3/2021 9:37:15 AM,False,7960,Accepted,
28097839,0568000,LOUISVILLE METRO POLICE DEPT,Accepted,JEFFERSON,,,OAK,ST,W,,,,,,,38.236710451,-85.779266823,1.310,4/27/2021 12:00:00 AM,2116,2,2,0,0,CLEAR,DRY,False,REAR END IN TRAFFIC LANES BOTH VEHICLES MOVING,REAR END,STRAIGHT & LEVEL,DARK-HWY LIGHTED/ON,,,5/6/2021 8:13:26 AM,False,7393,Accepted,
28065930,0568000,LOUISVILLE METRO POLICE DEPT,Accepted,JEFFERSON,,,MARKET,ST,W,,41ST,,,,,38.262663294,-85.816096536,1.639,4/27/2021 12:00:00 AM,1052,2,2,0,1,CLEAR,DRY,False,OTHER INTERSECTION COLLISIONS,REAR END,STRAIGHT & LEVEL,DAYLIGHT,,,4/28/2021 8:44:12 AM,False,5282,Accepted,
28065939,0568000,LOUISVILLE METRO POLICE DEPT,Accepted,JEFFERSON,,,VALLEY STATION,RD,,,,,,,,38.106881396,-85.840916650,0.043,4/27/2021 12:00:00 AM,1802,2,2,0,0,CLEAR,DRY,False,HEAD-ON COLLISION,HEAD ON,STRAIGHT & LEVEL,DAYLIGHT,,,4/28/2021 8:44:40 AM,False,7234,Accepted,
28065946,0568000,LOUISVILLE METRO POLICE DEPT,Accepted,JEFFERSON,,,CHESTNUT,ST,E,KY0061,JACKSON,,,,,38.247618813,-85.745403928,0.412,4/27/2021 12:00:00 AM,0803,2,2,0,0,CLEAR,DRY,False,OTHER INTERSECTION COLLISIONS,REAR END,STRAIGHT & LEVEL,DAYLIGHT,,,4/28/2021 8:44:56 AM,False,5173,Accepted,
28065947,0568000,LOUISVILLE METRO POLICE DEPT,Accepted,JEFFERSON,,,BROADWAY,,W,,37TH,,,,,38.250172969,-85.813068139,1.354,4/27/2021 12:00:00 AM,1834,2,2,0,1,CLEAR,DRY,False,OTHER INTERSECTION COLLISIONS,REAR END,STRAIGHT & LEVEL,DAYLIGHT,,,4/28/2021 8:44:59 AM,False,5280,Accepted,
28070006,0568000,LOUISVILLE METRO POLICE DEPT,Accepted,JEFFERSON,I 0065,,,,,,,,,,,38.114620738,-85.697518469,0.250,4/27/2021 12:00:00 AM,1742,1,1,0,3,CLEAR,DRY,False,COLLISION WITH FIXED OBJECT NOT IN GORE ,SINGLE VEHICLE,CURVE & GRADE,DAYLIGHT,I 0065,I 0065,4/29/2021 8:56:41 AM,False,2308,Accepted,
28065972,0568000,LOUISVILLE METRO POLICE DEPT,Accepted,JEFFERSON,KY0061,,PRESTON,HWY,,,GLEN ROSE,,,,,38.113975206,-85.675969157,2.125,4/27/2021 12:00:00 AM,1330,2,2,0,0,CLEAR,DRY,True,OTHER INTERSECTION COLLISIONS,REAR END,STRAIGHT & LEVEL,DAYLIGHT,,,4/28/2021 8:46:20 AM,False,2017,Accepted,
28065969,0568000,LOUISVILLE METRO POLICE DEPT,Accepted,JEFFERSON,,,MITSCHER,AVE,,,SOUTHLAND,,,,,38.171595917,-85.770675001,0.012,4/27/2021 12:00:00 AM,0000,2,2,0,0,CLEAR,DRY,True,COLLISION WITH PARKED VEHICLE,BACKING,STRAIGHT & LEVEL,DARK-HWY LIGHTED/ON,,,4/28/2021 8:46:09 AM,False,7010,Accepted,
28065970,0568000,LOUISVILLE METRO POLICE DEPT,Accepted,JEFFERSON,,5009,3RD,ST,S,,,,,,,38.174102924,-85.767451335,1.706,4/27/2021 12:00:00 AM,1849,1,1,0,0,CLEAR,DRY,True,COLLISION IN PARKING LOT,SINGLE VEHICLE,,DAYLIGHT,,,4/28/2021 8:46:13 AM,False,7010,Accepted,
28065971,0568000,LOUISVILLE METRO POLICE DEPT,Accepted,JEFFERSON,,,BURNETT,AVE,W,KY1020,2ND,,,,,38.226958627,-85.758370942,0.090,4/27/2021 12:00:00 AM,1842,3,3,0,0,CLEAR,DRY,False,SIDESWIPE-SAME DIRECTION,SIDESWIPE-SAME DIRECTION,STRAIGHT & LEVEL,DAYLIGHT,,,4/28/2021 8:46:16 AM,False,5152,Accepted,
28304645,0568000,LOUISVILLE METRO POLICE DEPT,Accepted,JEFFERSON,,,BARRET,AVE,,,BRECKINRIDGE,,,,,38.240285096,-85.731211247,0.641,4/27/2021 12:00:00 AM,1550,1,1,0,0,CLEAR,DRY,True,OTHER INTERSECTION COLLISIONS,SINGLE VEHICLE,STRAIGHT & LEVEL,UNKNOWN,,,6/28/2021 8:36:25 AM,False,5006,Accepted,
29127469,0568000,LOUISVILLE METRO POLICE DEPT,Accepted,JEFFERSON,,,SAVANNAH SPRINGS,DR,,,,,SOUTHERN CHARM,,MOSS GARDEN,38.128477848,-85.665173946,0.093,4/27/2021 12:00:00 AM,1634,2,2,0,0,CLEAR,DRY,False,1 VEHICLE PARKED POSITION (NOT PARKING LOT/DRIVEWAY),BACKING,STRAIGHT & LEVEL,DAYLIGHT,,,10/28/2021 8:14:40 AM,False,2324,Accepted,
28065953,0568000,LOUISVILLE METRO POLICE DEPT,Accepted,JEFFERSON,,,MUD,LN,,,ANTLE,,,,,38.087863972,-85.670875103,0.492,4/27/2021 12:00:00 AM,2349,1,1,0,1,CLEAR,DRY,False,OTHER INTERSECTION COLLISIONS,SINGLE VEHICLE,CURVE & LEVEL,DARK-HWY LIGHTED/OFF,,,4/28/2021 8:45:27 AM,False,5040,Accepted,
28074028,0568000,LOUISVILLE METRO POLICE DEPT,Accepted,JEFFERSON,,,28TH,ST,S,,VIRGINIA,,,,,38.238108505,-85.800295297,1.596,4/27/2021 12:00:00 AM,1845,2,2,0,0,CLEAR,DRY,False,OPPOSITE DIRECTION - BOTH VEHICLES GOING STRAIGHT AHEAD,SIDESWIPE-OPPOSITE DIRECTION,STRAIGHT & LEVEL,DAYLIGHT,,,4/30/2021 8:33:08 AM,False,5272,Accepted,
28084037,0568000,LOUISVILLE METRO POLICE DEPT,Accepted,JEFFERSON,US0031E,,MAIN,ST,W,US0031W,2ND,,,,,38.256303006,-85.753473646,17.879,4/27/2021 12:00:00 AM,1430,3,3,0,1,CLEAR,DRY,False,OTHER INTERSECTION COLLISIONS,REAR END,STRAIGHT & GRADE,DAYLIGHT,,,5/3/2021 9:37:00 AM,False,2661,Accepted,
28097817,0568000,LOUISVILLE METRO POLICE DEPT,Accepted,JEFFERSON,US0031W,,DIXIE,HWY,,,,,,,,38.130245816,-85.847809609,10.507,4/27/2021 12:00:00 AM,1541,2,2,0,1,CLEAR,DRY,False,REAR END IN TRAFFIC LANES BOTH VEHICLES MOVING,REAR END,STRAIGHT & LEVEL,DAYLIGHT,,,5/6/2021 8:12:01 AM,False,5344,Accepted,
28073994,0568000,LOUISVILLE METRO POLICE DEPT,Accepted,JEFFERSON,KY2055,,MANSLICK,RD,W,,,,REGENCY PARK,KY0907,3RD ST,38.122589638,-85.796191064,3.996,4/26/2021 12:00:00 AM,0738,2,2,0,0,CLEAR,DRY,False,SIDESWIPE COLLISION - OPPOSITE DIRECTION,SIDESWIPE-OPPOSITE DIRECTION,CURVE & LEVEL,DAYLIGHT,,,4/30/2021 8:29:05 AM,False,2098,Accepted,
28084030,0568000,LOUISVILLE METRO POLICE DEPT,Accepted,JEFFERSON,KY0061,,JACKSON,ST,S,,,,,,,38.237091553,-85.746982667,11.731,4/26/2021 12:00:00 AM,0944,2,2,0,0,CLEAR,DRY,False,1 VEHICLE ENTERING/LEAVING ENTRANCE,ANGLE,STRAIGHT & LEVEL,DAYLIGHT,,,5/3/2021 9:36:18 AM,False,5175,Accepted,
28084036,0568000,LOUISVILLE METRO POLICE DEPT,Accepted,JEFFERSON,,,3RD,ST,N,US0031W,MAIN,,,,,38.256519256,-85.754914611,0.006,4/26/2021 12:00:00 AM,1135,2,2,0,0,CLEAR,DRY,True,OTHER INTERSECTION COLLISIONS,REAR END,STRAIGHT & GRADE,DAYLIGHT,,,5/3/2021 9:36:54 AM,False,2661,Accepted,
28065927,0568000,LOUISVILLE METRO POLICE DEPT,Accepted,JEFFERSON,,,CEDARLOOK,DR,,,HOLLY LAKE,,,,,38.147126209,-85.583848093,0.114,4/26/2021 12:00:00 AM,1920,2,2,0,0,CLEAR,DRY,False,HEAD-ON COLLISION,HEAD ON,STRAIGHT & LEVEL,DAYLIGHT,,,4/28/2021 8:44:03 AM,False,7465,Accepted,
28061192,0568000,LOUISVILLE METRO POLICE DEPT,Accepted,JEFFERSON,,,FEGENBUSH,LN,,,NORBROOK,,,,,38.182951761,-85.638399402,0.295,4/26/2021 12:00:00 AM,1443,2,2,0,0,CLEAR,DRY,False,REAR END - ONE VEHICLE TURNING LEFT,REAR END,STRAIGHT & LEVEL,DAYLIGHT,,,4/27/2021 9:11:16 AM,False,7739,Accepted,
28061201,0568000,LOUISVILLE METRO POLICE DEPT,Accepted,JEFFERSON,,,SHIPP,AVE,W,,7TH,,,,,38.225985145,-85.768829822,0.030,4/26/2021 12:00:00 AM,1428,2,2,0,0,CLEAR,DRY,False,OPPOSING LEFT TURN,OPPOSING LEFT TURN,STRAIGHT & LEVEL,DAYLIGHT,,,4/27/2021 9:11:41 AM,False,5367,Accepted,
28056552,0568000,LOUISVILLE METRO POLICE DEPT,Accepted,JEFFERSON,,,NORTON HEALTHCARE,BLVD,,KY0022,BROWNSBORO,,,,,38.311067651,-85.570261960,0.010,4/26/2021 12:00:00 AM,0617,2,2,0,1,CLEAR,DRY,False,ANGLE COLLISION - OTHER,ANGLE,STRAIGHT & LEVEL,DAWN,,,4/26/2021 9:38:15 AM,False,5056,Accepted,
28056544,0568000,LOUISVILLE METRO POLICE DEPT,Accepted,JEFFERSON,KY0841,,GENE SNYDER,FWY,,,,,,,,38.096908508,-85.828721199,2.758,4/26/2021 12:00:00 AM,0520,2,2,0,0,CLEAR,DRY,True,SIDESWIPE COLLISION - SAME DIRECTION,SIDESWIPE-SAME DIRECTION,STRAIGHT & LEVEL,DARK-HWY NOT LIGHTED,,,4/26/2021 9:37:55 AM,False,5259,Accepted,
28061189,0568000,LOUISVILLE METRO POLICE DEPT,Accepted,JEFFERSON,,1131,1ST,ST,S,,,,,,,38.235180381,-85.755222253,1.455,4/26/2021 12:00:00 AM,1546,2,2,0,0,CLEAR,DRY,True,1 VEHICLE PARKED POSITION (NOT PARKING LOT/DRIVEWAY),SIDESWIPE-SAME DIRECTION,STRAIGHT & LEVEL,DAYLIGHT,,,4/27/2021 9:11:13 AM,False,7433,Accepted,
28111824,0568000,LOUISVILLE METRO POLICE DEPT,Accepted,JEFFERSON,,,LINWOOD,AVE,,,,,,,,38.222958481,-85.810754629,0.167,4/26/2021 12:00:00 AM,0018,2,2,0,5,CLEAR,DRY,False,1 VEHICLE ENTERING/LEAVING ENTRANCE,ANGLE,STRAIGHT & LEVEL,DARK-HWY LIGHTED/ON,,,5/10/2021 8:46:40 AM,False,7154,Accepted,
28084033,0568000,LOUISVILLE METRO POLICE DEPT,Accepted,JEFFERSON,KY1703,,NEWBURG,RD,,,,,INDIAN,,BROADMOOR,38.186135326,-85.667029820,0.636,4/26/2021 12:00:00 AM,1506,2,2,0,0,CLEAR,DRY,False,REAR END IN TRAFFIC LANES BOTH VEHICLES MOVING,REAR END,STRAIGHT & LEVEL,DAYLIGHT,,,5/3/2021 9:36:34 AM,False,7938,Accepted,
28084711,0560000,JEFFERSON COUNTY SHERIFF DEPT.,Accepted,JEFFERSON,,,7TH,ST,S,,9TH,,,,,38.224643028,-85.770544370,0.488,4/26/2021 12:00:00 AM,2005,2,2,0,0,CLEAR,DRY,False,ANGLE COLLISION - OTHER,ANGLE,STRAIGHT & GRADE,DAYLIGHT,,,5/3/2021 10:43:25 AM,False,4025,Accepted,
28150646,0568000,LOUISVILLE METRO POLICE DEPT,Accepted,JEFFERSON,,,TYLER,LN,,,ELEANOR,,,,,38.216477339,-85.679729392,0.670,4/26/2021 12:00:00 AM,2140,2,1,0,3,CLEAR,DRY,False,COLLISION WITH BICYCLE IN INTERSECTION,SINGLE VEHICLE,STRAIGHT & LEVEL,DARK-HWY NOT LIGHTED,,,5/19/2021 2:52:29 PM,False,2034,Accepted,
28074038,0568000,LOUISVILLE METRO POLICE DEPT,Accepted,JEFFERSON,KY0061,5213,PRESTON,HWY,,,,,,,,38.172197982,-85.710174973,6.630,4/26/2021 12:00:00 AM,2332,1,1,0,1,CLEAR,DRY,False,RAN OFF ROADWAY (1 VEHICLE WITH/EARTH EMBANKMENT/DITCH),SINGLE VEHICLE,STRAIGHT & LEVEL,DARK-HWY LIGHTED/ON,,,4/30/2021 8:34:03 AM,False,5189,Accepted,
28065942,0568000,LOUISVILLE METRO POLICE DEPT,Accepted,JEFFERSON,KY1747,,HURSTBOURNE,PKWY,S,,BUNSEN,,,,,38.218830014,-85.584095763,11.462,4/26/2021 12:00:00 AM,1751,2,2,0,1,CLEAR,DRY,False,ANGLE COLLISION - OTHER,ANGLE,STRAIGHT & LEVEL,DAYLIGHT,,,4/28/2021 8:44:49 AM,False,5247,Accepted,
28065926,0568000,LOUISVILLE METRO POLICE DEPT,Accepted,JEFFERSON,KY1865,,TAYLOR,BLVD,,,BICKNELL,,,,,38.183129008,-85.783763493,5.286,4/26/2021 12:00:00 AM,2205,2,2,0,3,CLEAR,DRY,False,OPPOSING LEFT TURN,OPPOSING LEFT TURN,STRAIGHT & LEVEL,DARK-HWY LIGHTED/ON,,,4/28/2021 8:43:59 AM,False,7040,Accepted,
28061210,0568000,LOUISVILLE METRO POLICE DEPT,Accepted,JEFFERSON,US0031W,,DIXIE,HWY,,,BETHANY,,,,,38.095871229,-85.873779407,7.735,4/26/2021 12:00:00 AM,2218,2,2,0,0,CLEAR,DRY,False,SIDESWIPE-SAME DIRECTION,SIDESWIPE-SAME DIRECTION,STRAIGHT & LEVEL,DARK-HWY LIGHTED/ON,,,4/27/2021 9:12:09 AM,False,5211,Accepted,
28061211,0568000,LOUISVILLE METRO POLICE DEPT,Accepted,JEFFERSON,US0060A,,EASTERN,PKWY,,,,,ALEXANDER,,DELOR,38.216750598,-85.739068062,4.817,4/26/2021 12:00:00 AM,1833,2,2,0,0,CLEAR,DRY,False,SIDESWIPE COLLISION - SAME DIRECTION,SIDESWIPE-SAME DIRECTION,STRAIGHT & LEVEL,DAYLIGHT,,,4/27/2021 9:12:12 AM,False,5050,Accepted,
28061212,0568000,LOUISVILLE METRO POLICE DEPT,Accepted,JEFFERSON,KY1447,,WESTPORT,RD,,,CHAMBERLAIN,,,,,38.299246617,-85.541694551,7.039,4/26/2021 12:00:00 AM,0958,2,2,0,0,CLEAR,DRY,False,ANGLE COLLISION - OTHER,ANGLE,STRAIGHT & HILLCREST,DAYLIGHT,,,4/27/2021 9:12:16 AM,False,7751,Accepted,
28061177,0568000,LOUISVILLE METRO POLICE DEPT,Accepted,JEFFERSON,,,9TH,ST,S,US0150,BROADWAY,,,,,38.246930498,-85.766662442,0.006,4/26/2021 12:00:00 AM,1027,2,2,0,0,CLEAR,DRY,True,OTHER INTERSECTION COLLISIONS,REAR END,STRAIGHT & LEVEL,DAYLIGHT,,,4/27/2021 9:10:41 AM,False,5187,Accepted,
28061178,0568000,LOUISVILLE METRO POLICE DEPT,Accepted,JEFFERSON,KY1065,,OUTER,LOOP,,,,,,,,38.136793647,-85.702184061,5.179,4/26/2021 12:00:00 AM,1120,2,2,0,1,CLEAR,DRY,False,SIDESWIPE COLLISION - SAME DIRECTION,SIDESWIPE-SAME DIRECTION,STRAIGHT & LEVEL,DAYLIGHT,,,4/27/2021 9:10:46 AM,False,2017,Accepted,
28061186,0568000,LOUISVILLE METRO POLICE DEPT,Accepted,JEFFERSON,I 0265,,I265 E,,,,,,,,,38.120316936,-85.631294467,14.231,4/26/2021 12:00:00 AM,1346,1,1,0,0,CLEAR,DRY,True,OTHER COLLISIONS ON SHOULDER,SINGLE VEHICLE,STRAIGHT & LEVEL,DAYLIGHT,,,4/27/2021 9:11:04 AM,False,4693,Accepted,
28061196,0568000,LOUISVILLE METRO POLICE DEPT,Accepted,JEFFERSON,KY1631,,CRITTENDEN,DR,,,PARK,,,,,38.192250504,-85.750904749,0.302,4/26/2021 12:00:00 AM,1443,2,2,0,1,CLEAR,DRY,False,ANGLE COLLISION - OTHER,ANGLE,STRAIGHT & LEVEL,DAYLIGHT,,,4/27/2021 9:11:21 AM,False,7872,Accepted,
28061203,0568000,LOUISVILLE METRO POLICE DEPT,Accepted,JEFFERSON,,1462,9TH,ST,S,,,,HILL,,OAKLAND,38.227246334,-85.770221070,1.301,4/26/2021 12:00:00 AM,1730,1,1,0,0,CLEAR,DRY,True,COLLISION WITH FIXED OBJECT NON - INTERSECTION - FIRST EVENT COLLISION 09 - 32 EXCLUDING 16,SINGLE VEHICLE,CURVE & LEVEL,DAYLIGHT,,,4/27/2021 9:11:49 AM,False,2469,Accepted,
28069993,0568000,LOUISVILLE METRO POLICE DEPT,Accepted,JEFFERSON,I 0064,,,,,,,,,,,38.270412869,-85.782060852,0.147,4/26/2021 12:00:00 AM,1125,2,2,0,0,CLOUDY,DRY,False,OTHER RAMP RELATED COLLISIONS NOT LISTED ABOVE,SIDESWIPE-SAME DIRECTION,CURVE & GRADE,DAYLIGHT,I 0064,US31W,4/29/2021 8:55:55 AM,False,8278,Accepted,
28061180,0568000,LOUISVILLE METRO POLICE DEPT,Accepted,JEFFERSON,KY1865,,TAYLOR,BLVD,,,,,BLUEGRASS,,LEHIGH,38.180133004,-85.783350308,5.012,4/26/2021 12:00:00 AM,0817,2,2,0,0,CLOUDY,DRY,True,SIDESWIPE COLLISION - SAME DIRECTION,SIDESWIPE-SAME DIRECTION,STRAIGHT & LEVEL,DAYLIGHT,,,4/27/2021 9:10:51 AM,False,5111,Accepted,
28056549,0568000,LOUISVILLE METRO POLICE DEPT,Accepted,JEFFERSON,US0031W,,DIXIE,HWY,,,STONESTREET,,,,,38.121188329,-85.855708425,9.747,4/26/2021 12:00:00 AM,0545,2,2,0,0,CLEAR,DRY,False,OPPOSING LEFT TURN,OPPOSING LEFT TURN,STRAIGHT & LEVEL,DARK-HWY NOT LIGHTED,,,4/26/2021 9:38:05 AM,False,5357,Accepted,
28056550,0568000,LOUISVILLE METRO POLICE DEPT,Accepted,JEFFERSON,,10308,DEERING,RD,,,,,,,,38.104422970,-85.861345608,0.088,4/25/2021 12:00:00 AM,2011,1,1,0,0,CLOUDY,DRY,False,COLLISION WITH FIXED OBJECT NON - INTERSECTION - FIRST EVENT COLLISION 09 - 32 EXCLUDING 16,SINGLE VEHICLE,STRAIGHT & LEVEL,DARK-HWY LIGHTED/ON,,,4/26/2021 9:38:08 AM,False,5223,Accepted,
28056542,0568000,LOUISVILLE METRO POLICE DEPT,Accepted,JEFFERSON,KY1865,,TAYLOR,BLVD,,,,,LEHIGH,,BLUEGRASS,38.180438947,-85.783383557,5.091,4/25/2021 12:00:00 AM,1944,3,3,0,0,CLEAR,DRY,False,1 VEHICLE ENTERING/LEAVING ENTRANCE,ANGLE,STRAIGHT & LEVEL,DAYLIGHT,,,4/26/2021 9:37:48 AM,False,5245,Accepted,