IncidentID,AgencyORI,AgencyName,IncidentStatusDesc,County,RdwyNumber,Street,RoadwayName,StreetSfx,StreetDir,IntersectionRdwy,IntersectionRdwyName,BetweenStRdwy1,BetweenStRdwyName1,BetweenStRdwy2,BetweenStRdwyName2,Latitude,Longitude,Milepoint,CollisionDate,CollisionTime,UnitsInvolved,MotorVehiclesInvolved,NumberKilled,NumberInjured,Weather,RdwyConditionCode,HitandRun,DirAnalysisCode,MannerofCollision,RdwyCharacter,LightCondition,RampFromRdwyId,RampToRdwyId,AcceptedDate,IsSecondaryCollision,OwnerBadge,IncidentStatus,
28056515,0568000,LOUISVILLE METRO POLICE DEPT,Accepted,JEFFERSON,,,COOPER CHAPEL,RD,,KY0061,PRESTON,,,,,38.103624313,-85.672463111,0.007,4/25/2021 12:00:00 AM,1338,2,2,0,0,CLOUDY,DRY,False,OTHER INTERSECTION COLLISIONS,REAR END,STRAIGHT & LEVEL,DAYLIGHT,,,4/26/2021 9:36:03 AM,False,2089,Accepted,
28056533,0568000,LOUISVILLE METRO POLICE DEPT,Accepted,JEFFERSON,,,1ST,ST,S,,AMHERST,,,,,38.174993460,-85.763144926,4.176,4/25/2021 12:00:00 AM,1315,3,3,0,1,CLEAR,DRY,False,ANGLE COLLISION - OTHER,ANGLE,STRAIGHT & LEVEL,DAYLIGHT,,,4/26/2021 9:37:11 AM,False,7116,Accepted,
28056539,0568000,LOUISVILLE METRO POLICE DEPT,Accepted,JEFFERSON,I 0065,,I65 S,,,,,,,,,38.244296522,-85.752404082,135.159,4/25/2021 12:00:00 AM,2234,2,2,0,0,CLEAR,DRY,False,1 VEHICLE PARKED POSITION (NOT PARKING LOT/DRIVEWAY),REAR END,STRAIGHT & LEVEL,DARK-HWY LIGHTED/ON,,,4/26/2021 9:37:38 AM,False,5122,Accepted,
28056540,0568000,LOUISVILLE METRO POLICE DEPT,Accepted,JEFFERSON,,3006,FURMAN,BLVD,,,,,,,,38.220255363,-85.646333806,0.083,4/25/2021 12:00:00 AM,2248,1,1,0,0,CLEAR,DRY,False,COLLISION WITH FIXED OBJECT NON - INTERSECTION - FIRST EVENT COLLISION 09 - 32 EXCLUDING 16,SINGLE VEHICLE,STRAIGHT & LEVEL,DARK-HWY LIGHTED/ON,,,4/26/2021 9:37:41 AM,False,5316,Accepted,
28056541,0568000,LOUISVILLE METRO POLICE DEPT,Accepted,JEFFERSON,,5808,RUSSETT,PL,,,,,,,,38.165508583,-85.667980592,0.025,4/25/2021 12:00:00 AM,2133,4,4,0,0,CLEAR,DRY,False,COLLISION IN PARKING LOT,BACKING,STRAIGHT & LEVEL,DARK-HWY LIGHTED/ON,,,4/26/2021 9:37:44 AM,False,5300,Accepted,
28073990,0568000,LOUISVILLE METRO POLICE DEPT,Accepted,JEFFERSON,US0031W,,DIXIE,HWY,,,BETHANY,,,,,38.095636899,-85.873900150,7.718,4/25/2021 12:00:00 AM,1446,2,2,0,0,CLEAR,DRY,False,OPPOSING LEFT TURN,OPPOSING LEFT TURN,STRAIGHT & LEVEL,DAYLIGHT,,,4/30/2021 8:28:57 AM,False,2098,Accepted,
28056507,0568000,LOUISVILLE METRO POLICE DEPT,Accepted,JEFFERSON,,,DIXIE,HWY,,,VORSTER,,,,,38.224555789,-85.791920428,1.757,4/25/2021 12:00:00 AM,0311,3,3,0,0,CLEAR,DRY,False,ANGLE COLLISION - OTHER,ANGLE,STRAIGHT & LEVEL,DARK-HWY LIGHTED/ON,,,4/26/2021 9:35:12 AM,False,5239,Accepted,
28056522,0568000,LOUISVILLE METRO POLICE DEPT,Accepted,JEFFERSON,,,WOODMORE,AVE,,,,,,,,38.151624141,-85.776473753,0.005,4/25/2021 12:00:00 AM,1551,1,1,0,0,CLEAR,DRY,False,OTHER COLLISIONS ON SHOULDER,SINGLE VEHICLE,STRAIGHT & LEVEL,DAYLIGHT,,,4/26/2021 9:36:38 AM,False,5302,Accepted,
28056523,0568000,LOUISVILLE METRO POLICE DEPT,Accepted,JEFFERSON,KY1142,,PALATKA,RD,,,,,,,,38.154105238,-85.796927307,0.278,4/25/2021 12:00:00 AM,1836,2,2,0,0,CLEAR,DRY,False,1 VEHICLE ENTERING/LEAVING ENTRANCE,ANGLE,CURVE & GRADE,DAYLIGHT,,,4/26/2021 9:36:42 AM,False,5302,Accepted,
28056524,0568000,LOUISVILLE METRO POLICE DEPT,Accepted,JEFFERSON,KY1932,,BRECKENRIDGE,LN,,,,,,,,38.185834715,-85.626166251,0.321,4/25/2021 12:00:00 AM,1839,2,2,0,0,CLEAR,DRY,False,REAR END IN TRAFFIC LANES BOTH VEHICLES MOVING,REAR END,STRAIGHT & HILLCREST,DAYLIGHT,,,4/26/2021 9:36:47 AM,False,7864,Accepted,
28056518,0568000,LOUISVILLE METRO POLICE DEPT,Accepted,JEFFERSON,,,CENTRAL STATION,BLVD,,KY1020,3RD,,,,,38.203525739,-85.764153346,0.052,4/25/2021 12:00:00 AM,1622,2,2,0,0,CLEAR,DRY,False,REAR END - ONE VEHICLE TURNING RIGHT,REAR END,STRAIGHT & LEVEL,DAYLIGHT,,,4/26/2021 9:36:19 AM,False,2499,Accepted,
28056519,0568000,LOUISVILLE METRO POLICE DEPT,Accepted,JEFFERSON,,6427,SIX MILE,LN,,,,,,,,38.198198223,-85.637361377,0.918,4/25/2021 12:00:00 AM,1706,2,2,0,0,CLOUDY,DRY,False,1 VEHICLE ENTERING/LEAVING ENTRANCE,ANGLE,STRAIGHT & LEVEL,DAYLIGHT,,,4/26/2021 9:36:23 AM,False,7851,Accepted,
28089320,0568000,LOUISVILLE METRO POLICE DEPT,Accepted,JEFFERSON,KY1020,,3RD,ST,S,US0060A,WINKLER,,,,,38.210446650,-85.762938944,9.852,4/25/2021 12:00:00 AM,2045,1,1,0,0,CLEAR,DRY,False,COLLISION WITH FIXED OBJECT IN INTERSECTION - FIRST EVENT COLLISION 09 - 32,SINGLE VEHICLE,STRAIGHT & LEVEL,DARK-HWY LIGHTED/ON,,,5/4/2021 9:41:24 AM,False,5139,Accepted,
28056070,0566700,MIDDLETOWN POLICE DEPARTMENT,Accepted,JEFFERSON,US0060,,SHELBYVILLE,RD,,,ENGLISH STATION,,,,,38.241616742,-85.498463613,12.294,4/25/2021 12:00:00 AM,1436,2,2,0,0,CLEAR,DRY,False,OTHER INTERSECTION COLLISIONS,REAR END,STRAIGHT & HILLCREST,DAYLIGHT,,,4/26/2021 8:06:32 AM,False,2019,Accepted,
28056553,0568000,LOUISVILLE METRO POLICE DEPT,Accepted,JEFFERSON,KY1020,,2ND,ST,S,,HILL,,,,,38.225646298,-85.758593654,10.694,4/25/2021 12:00:00 AM,0018,5,5,0,0,CLEAR,DRY,True,ANGLE COLLISION - OTHER,ANGLE,STRAIGHT & LEVEL,DARK (UNKNOWN ROADWAY LIGHTING),,,4/26/2021 9:38:18 AM,False,5213,Accepted,
28056543,0568000,LOUISVILLE METRO POLICE DEPT,Accepted,JEFFERSON,US0150,,BROADWAY,,E,KY0061,PRESTON,,,,,38.245340173,-85.747557927,2.961,4/25/2021 12:00:00 AM,2329,2,2,0,1,CLEAR,DRY,False,OTHER INTERSECTION COLLISIONS,REAR END,STRAIGHT & LEVEL,DARK-HWY LIGHTED/ON,,,4/26/2021 9:37:52 AM,False,5047,Accepted,
28282754,0560400,SHIVELY POLICE DEPARTMENT,Accepted,JEFFERSON,US0031W,2501,DIXIE,HWY,,,,,,,,38.214593097,-85.795400332,17.085,4/25/2021 12:00:00 AM,1800,2,2,0,0,CLEAR,DRY,True,1 VEHICLE ENTERING OR LEAVING PARKED POSITION (NOT PARKING LOT),BACKING,STRAIGHT & LEVEL,DAYLIGHT,,,6/22/2021 10:08:17 AM,False,7067,Accepted,
28056502,0568000,LOUISVILLE METRO POLICE DEPT,Accepted,JEFFERSON,KY0864,,SHELBY,ST,S,,MARY,,,,,38.234731143,-85.741240042,14.792,4/25/2021 12:00:00 AM,0014,2,2,0,0,CLEAR,DRY,False,ANGLE COLLISION - OTHER,ANGLE,STRAIGHT & LEVEL,DARK-HWY LIGHTED/ON,,,4/26/2021 9:35:07 AM,False,5204,Accepted,
28130419,0568000,LOUISVILLE METRO POLICE DEPT,Accepted,JEFFERSON,I 0071,,,,,,,,,,,38.317019651,-85.578477326,0.130,4/25/2021 12:00:00 AM,1225,1,1,0,1,CLEAR,DRY,False,OTHER RAMP RELATED COLLISIONS NOT LISTED ABOVE,SINGLE VEHICLE,STRAIGHT & LEVEL,DAYLIGHT,I 0071,KY0841,5/14/2021 9:07:00 AM,False,7615,Accepted,
28056546,0568000,LOUISVILLE METRO POLICE DEPT,Accepted,JEFFERSON,,,BENSON,CT,,,,,,,,38.095641064,-85.860496027,0.010,4/25/2021 12:00:00 AM,2057,1,1,0,1,CLEAR,DRY,False,COLLISION WITH FIXED OBJECT NON - INTERSECTION - FIRST EVENT COLLISION 09 - 32 EXCLUDING 16,SINGLE VEHICLE,CURVE & LEVEL,DUSK,,,4/26/2021 9:37:58 AM,False,5170,Accepted,
28061174,0568000,LOUISVILLE METRO POLICE DEPT,Accepted,JEFFERSON,I 0065,,I65 S,,,,,,,,,38.247776945,-85.752246423,135.399,4/25/2021 12:00:00 AM,2246,2,2,0,1,CLEAR,DRY,False,SIDESWIPE COLLISION - SAME DIRECTION,SIDESWIPE-SAME DIRECTION,STRAIGHT & LEVEL,DARK-HWY NOT LIGHTED,,,4/27/2021 9:10:16 AM,False,6886,Accepted,
28056535,0568000,LOUISVILLE METRO POLICE DEPT,Accepted,JEFFERSON,I 0264,,I264 W,,,,,,,,,38.189666563,-85.745368555,11.256,4/25/2021 12:00:00 AM,0609,2,2,0,0,CLEAR,DRY,True,1 VEHICLE PARKED POSITION (NOT PARKING LOT/DRIVEWAY),REAR END,STRAIGHT & LEVEL,DAYLIGHT,,,4/26/2021 9:37:20 AM,False,7462,Accepted,
28056536,0568000,LOUISVILLE METRO POLICE DEPT,Accepted,JEFFERSON,,,BROADWAY,,W,,34TH,,,,,38.249929304,-85.808083711,1.063,4/25/2021 12:00:00 AM,2210,2,2,0,0,CLEAR,DRY,False,HEAD-ON COLLISION,HEAD ON,STRAIGHT & LEVEL,DARK-HWY LIGHTED/ON,,,4/26/2021 9:37:23 AM,False,5181,Accepted,
28056537,0568000,LOUISVILLE METRO POLICE DEPT,Accepted,JEFFERSON,US0031W,,DIXIE,HWY,,,PAGES,,,,,38.130184493,-85.847841794,10.499,4/25/2021 12:00:00 AM,2247,3,3,0,0,CLEAR,DRY,False,OTHER INTERSECTION COLLISIONS,REAR END,STRAIGHT & LEVEL,DARK-HWY NOT LIGHTED,,,4/26/2021 9:37:29 AM,False,5357,Accepted,
28304770,0568000,LOUISVILLE METRO POLICE DEPT,Accepted,JEFFERSON,US0150,912,BROADWAY,,E,,,,,,,38.244464012,-85.737061602,3.505,4/25/2021 12:00:00 AM,2232,1,1,0,0,CLEAR,DRY,False,COLLISION IN PARKING LOT,SINGLE VEHICLE,STRAIGHT & LEVEL,DARK-HWY LIGHTED/ON,,,6/28/2021 8:42:52 AM,False,5268,Accepted,
28065952,0568000,LOUISVILLE METRO POLICE DEPT,Accepted,JEFFERSON,,13910,FACTORY,LN,,,,,,,,38.284894676,-85.490420385,,4/25/2021 12:00:00 AM,2339,1,1,0,0,CLEAR,DRY,False,RAN OFF ROADWAY (1 VEHICLE WITH/EARTH EMBANKMENT/DITCH),SINGLE VEHICLE,CURVE & GRADE,DARK-HWY NOT LIGHTED,,,4/28/2021 8:45:22 AM,False,5276,Accepted,
28070000,0568000,LOUISVILLE METRO POLICE DEPT,Accepted,JEFFERSON,,,DEERING,RD,,,,,PIERCE,,FLOWERVALE,38.089330064,-85.869959601,1.453,4/25/2021 12:00:00 AM,1336,2,2,0,0,CLOUDY,DRY,True,VEHICLE BACKING NON INTERSECTION,BACKING,STRAIGHT & LEVEL,DAYLIGHT,,,4/29/2021 8:56:18 AM,False,7634,Accepted,
28069998,0568000,LOUISVILLE METRO POLICE DEPT,Accepted,JEFFERSON,,1601,FLOYD,ST,S,,,,,,,38.224427783,-85.753338197,2.140,4/25/2021 12:00:00 AM,1806,1,1,0,0,CLOUDY,DRY,False,COLLISION IN PARKING LOT,SINGLE VEHICLE,CURVE & LEVEL,DAYLIGHT,,,4/29/2021 8:56:12 AM,False,2927,Accepted,
28056486,0568000,LOUISVILLE METRO POLICE DEPT,Accepted,JEFFERSON,KY1865,,NEW CUT,RD,,KY1065,OUTER,,,,,38.126404226,-85.776122953,1.263,4/24/2021 12:00:00 AM,1627,2,2,0,0,RAINING,WET,False,ANGLE COLLISION - OTHER,ANGLE,STRAIGHT & LEVEL,DAYLIGHT,,,4/26/2021 9:34:13 AM,False,7356,Accepted,
28056487,0568000,LOUISVILLE METRO POLICE DEPT,Accepted,JEFFERSON,,3600,CHAMBERLAIN,LN,,,,,,,,38.295688605,-85.540629765,1.838,4/24/2021 12:00:00 AM,1650,2,2,0,1,RAINING,WET,False,REAR END IN TRAFFIC LANES BOTH VEHICLES MOVING,REAR END,STRAIGHT & LEVEL,DAYLIGHT,,,4/26/2021 9:34:17 AM,False,7316,Accepted,
28056529,0568000,LOUISVILLE METRO POLICE DEPT,Accepted,JEFFERSON,,,LIBERTY,ST,W,,4TH,,,,,38.253069271,-85.757151409,0.608,4/24/2021 12:00:00 AM,1341,3,1,0,2,RAINING,WET,False,COLLISION WITH PEDESTRIAN IN INTERSECTION,SINGLE VEHICLE,STRAIGHT & LEVEL,DAYLIGHT,,,4/26/2021 9:36:57 AM,False,2854,Accepted,
28056530,0568000,LOUISVILLE METRO POLICE DEPT,Accepted,JEFFERSON,I 0064,,I64 W,,,,,,,,,38.258899968,-85.759825482,4.124,4/24/2021 12:00:00 AM,1603,3,3,0,0,RAINING,WATER (STANDING OR MOVING),False,1 VEHICLE ENTERING/LEAVING ENTRANCE,ANGLE,STRAIGHT & LEVEL,DAYLIGHT,,,4/26/2021 9:37:01 AM,False,2854,Accepted,
28056501,0568000,LOUISVILLE METRO POLICE DEPT,Accepted,JEFFERSON,,,LEE,ST,E,,FLOYD,,,,,38.222491158,-85.753739700,0.200,4/24/2021 12:00:00 AM,0510,2,1,0,0,CLEAR,DRY,False,COLLISION WITH TRAIN,SINGLE VEHICLE,STRAIGHT & LEVEL,DARK-HWY NOT LIGHTED,,,4/26/2021 9:35:04 AM,False,5204,Accepted,
28056538,0568000,LOUISVILLE METRO POLICE DEPT,Accepted,JEFFERSON,,,DAWSON HILL,RD,,,,KY1819,BRUSH RUN,,BUTTERMILK RIDGE,38.123217356,-85.504101046,0.401,4/24/2021 12:00:00 AM,2338,1,1,0,2,FOG WITH RAIN,WET,False,OTHER COLLISIONS ON SHOULDER,SINGLE VEHICLE,CURVE & GRADE,DARK-HWY NOT LIGHTED,,,4/26/2021 9:37:33 AM,False,5169,Accepted,
28074027,0568000,LOUISVILLE METRO POLICE DEPT,Accepted,JEFFERSON,KY1934,,GREENBELT,HWY,,,GLOBAL,,,,,38.140222835,-85.888186511,3.968,4/24/2021 12:00:00 AM,0430,1,1,0,0,CLEAR,DRY,True,COLLISION IN PARKING LOT,SINGLE VEHICLE,STRAIGHT & LEVEL,DARK-HWY LIGHTED/ON,,,4/30/2021 8:33:03 AM,False,7234,Accepted,
28053020,0560400,SHIVELY POLICE DEPARTMENT,Accepted,JEFFERSON,I 0264,,I264 E,,,,,,,,,38.203625231,-85.827608093,5.430,4/24/2021 12:00:00 AM,1155,2,2,0,0,RAINING,WET,True,SIDESWIPE COLLISION - SAME DIRECTION,SIDESWIPE-SAME DIRECTION,STRAIGHT & LEVEL,DAYLIGHT,,,4/25/2021 8:03:50 AM,False,7088,Accepted,
28093490,0568000,LOUISVILLE METRO POLICE DEPT,Accepted,JEFFERSON,,2217,GOLDSMITH,LN,,,,,,,,38.209744470,-85.666596688,1.214,4/24/2021 12:00:00 AM,1359,1,1,0,0,CLEAR,DRY,False,OTHER ROADWAY OR MID-BLOCK COLLISION,SINGLE VEHICLE,STRAIGHT & LEVEL,DAYLIGHT,,,5/5/2021 9:04:18 AM,False,7851,Accepted,
28056520,0568000,LOUISVILLE METRO POLICE DEPT,Accepted,JEFFERSON,US0042,,MAIN,ST,E,,JOHNSON,,,,,38.253867883,-85.731313211,0.058,4/24/2021 12:00:00 AM,1848,2,2,0,0,CLOUDY,WET,False,ANGLE COLLISION - OTHER,ANGLE,STRAIGHT & LEVEL,DAYLIGHT,,,4/26/2021 9:36:29 AM,False,2764,Accepted,
28056521,0568000,LOUISVILLE METRO POLICE DEPT,Accepted,JEFFERSON,US0031E,,BARDSTOWN,RD,,,,,,,,38.152041226,-85.588272227,5.711,4/24/2021 12:00:00 AM,1619,2,2,0,2,RAINING,WET,False,1 VEHICLE ENTERING/LEAVING ENTRANCE,ANGLE,STRAIGHT & LEVEL,DAYLIGHT,,,4/26/2021 9:36:32 AM,False,7755,Accepted,
28056485,0568000,LOUISVILLE METRO POLICE DEPT,Accepted,JEFFERSON,,,1ST,ST,S,,ST CATHERINE,,,,,38.236913670,-85.754936424,1.334,4/24/2021 12:00:00 AM,1604,2,2,0,1,RAINING,WET,False,ANGLE COLLISION - OTHER,ANGLE,STRAIGHT & LEVEL,OTHER,,,4/26/2021 9:34:09 AM,False,5120,Accepted,
28056510,0568000,LOUISVILLE METRO POLICE DEPT,Accepted,JEFFERSON,,1152,INDIAN,TRL,W,,,,,,,38.168830070,-85.708072298,0.065,4/24/2021 12:00:00 AM,1747,2,2,0,0,RAINING,WET,True,1 VEHICLE PARKED POSITION (NOT PARKING LOT/DRIVEWAY),SIDESWIPE-SAME DIRECTION,STRAIGHT & GRADE,OTHER,,,4/26/2021 9:35:36 AM,False,5130,Accepted,
28056512,0568000,LOUISVILLE METRO POLICE DEPT,Accepted,JEFFERSON,I 0065,,I65 N,,,,,,,,,38.174638803,-85.719656999,129.489,4/24/2021 12:00:00 AM,1223,2,2,0,0,RAINING,WET,True,COLLISION WITH FIXED OBJECT NON - INTERSECTION - FIRST EVENT COLLISION 09 - 32 EXCLUDING 16,SIDESWIPE-SAME DIRECTION,CURVE & LEVEL,DAYLIGHT,,,4/26/2021 9:35:45 AM,False,5352,Accepted,
28056513,0568000,LOUISVILLE METRO POLICE DEPT,Accepted,JEFFERSON,I 0065,,I65 S,,,,,,,,,38.166058500,-85.720935913,128.890,4/24/2021 12:00:00 AM,1557,2,2,0,0,RAINING,WET,False,SIDESWIPE COLLISION - SAME DIRECTION,SIDESWIPE-SAME DIRECTION,STRAIGHT & LEVEL,DAYLIGHT,,,4/26/2021 9:35:51 AM,False,5352,Accepted,
28056460,0568000,LOUISVILLE METRO POLICE DEPT,Accepted,JEFFERSON,,1910,7TH,ST,S,,,,,,,38.220760585,-85.776328142,0.075,4/24/2021 12:00:00 AM,0045,2,2,0,0,CLEAR,DRY,False,1 VEHICLE PARKED POSITION (NOT PARKING LOT/DRIVEWAY),ANGLE,STRAIGHT & LEVEL,DARK-HWY LIGHTED/ON,,,4/26/2021 9:32:06 AM,False,5369,Accepted,
28056531,0568000,LOUISVILLE METRO POLICE DEPT,Accepted,JEFFERSON,US0060A,,LEXINGTON,RD,,,LEDGE,,,,,38.244904185,-85.698518628,8.188,4/24/2021 12:00:00 AM,1940,2,2,0,0,RAINING,WET,False,ANGLE COLLISION - OTHER,ANGLE,STRAIGHT & LEVEL,DAYLIGHT,,,4/26/2021 9:37:04 AM,False,7012,Accepted,
28056480,0568000,LOUISVILLE METRO POLICE DEPT,Accepted,JEFFERSON,KY0061,,PRESTON,ST,S,,LIBERTY,,,,,38.251143341,-85.746602389,12.663,4/24/2021 12:00:00 AM,1408,1,1,0,1,RAINING,WET,False,COLLISION WITH FIXED OBJECT IN INTERSECTION - FIRST EVENT COLLISION 09 - 32,SINGLE VEHICLE,STRAIGHT & LEVEL,DAYLIGHT,,,4/26/2021 9:33:50 AM,False,7904,Accepted,
28056481,0568000,LOUISVILLE METRO POLICE DEPT,Accepted,JEFFERSON,KY2054,,ALGONQUIN,PKWY,,US0031W,22ND,,,,,38.223345176,-85.795132289,1.502,4/24/2021 12:00:00 AM,1324,2,2,0,3,RAINING,WET,False,OPPOSING LEFT TURN,OPPOSING LEFT TURN,STRAIGHT & LEVEL,DAYLIGHT,,,4/26/2021 9:33:53 AM,False,5303,Accepted,
28056482,0568000,LOUISVILLE METRO POLICE DEPT,Accepted,JEFFERSON,,,15TH,ST,N,US0031W,MAIN,,,,,38.258611025,-85.774716787,0.002,4/24/2021 12:00:00 AM,0826,1,1,0,0,CLOUDY,DRY,True,COLLISION WITH FIXED OBJECT IN INTERSECTION - FIRST EVENT COLLISION 09 - 32,SINGLE VEHICLE,STRAIGHT & LEVEL,DAYLIGHT,,,4/26/2021 9:33:57 AM,False,5353,Accepted,
28056508,0568000,LOUISVILLE METRO POLICE DEPT,Accepted,JEFFERSON,KY1747,,HURSTBOURNE,PKWY,S,,HENDRIK,,,,,38.185488134,-85.606212206,8.680,4/24/2021 12:00:00 AM,2128,2,2,0,2,CLOUDY,WET,False,ANGLE COLLISION - OTHER,ANGLE,STRAIGHT & GRADE,DARK-HWY LIGHTED/ON,,,4/26/2021 9:35:20 AM,False,5178,Accepted,
28056492,0568000,LOUISVILLE METRO POLICE DEPT,Accepted,JEFFERSON,US0031E,,BARDSTOWN,RD,,,MEADOW,,,,,38.203930933,-85.665177449,11.445,4/24/2021 12:00:00 AM,1325,2,2,0,1,RAINING,WET,False,OPPOSING LEFT TURN,OPPOSING LEFT TURN,STRAIGHT & LEVEL,DAYLIGHT,,,4/26/2021 9:34:38 AM,False,5146,Accepted,
28056509,0568000,LOUISVILLE METRO POLICE DEPT,Accepted,JEFFERSON,KY1932,,BRECKENRIDGE,LN,,,SUDBURY,,,,,38.208658681,-85.626515245,1.988,4/24/2021 12:00:00 AM,2214,1,1,0,1,CLOUDY,WET,False,COLLISION WITH FIXED OBJECT IN INTERSECTION - FIRST EVENT COLLISION 09 - 32,SINGLE VEHICLE,STRAIGHT & HILLCREST,DARK-HWY LIGHTED/ON,,,4/26/2021 9:35:29 AM,False,5316,Accepted,
28056514,0568000,LOUISVILLE METRO POLICE DEPT,Accepted,JEFFERSON,KY1934,3919,CANE RUN,RD,,,,,LINDA,,DARLENE,38.211279936,-85.822284442,10.355,4/24/2021 12:00:00 AM,1816,3,3,0,1,CLOUDY,WET,True,HEAD-ON COLLISION,HEAD ON,STRAIGHT & LEVEL,DAYLIGHT,,,4/26/2021 9:35:58 AM,False,7538,Accepted,
28056457,0568000,LOUISVILLE METRO POLICE DEPT,Accepted,JEFFERSON,KY1020,6908,SOUTHSIDE,DR,,,,,,,,38.157574584,-85.764876185,6.052,4/24/2021 12:00:00 AM,0443,1,1,0,0,CLEAR,DRY,False,COLLISION IN PARKING LOT,SINGLE VEHICLE,STRAIGHT & LEVEL,DARK-HWY LIGHTED/ON,,,4/26/2021 9:31:57 AM,False,5321,Accepted,
28056448,0568000,LOUISVILLE METRO POLICE DEPT,Accepted,JEFFERSON,I 0064,,I64 E,,,,,,,,,38.232619597,-85.608125725,13.357,4/24/2021 12:00:00 AM,0113,2,2,0,1,CLEAR,DRY,False,1 VEHICLE PARKED POSITION (NOT PARKING LOT/DRIVEWAY),REAR END,STRAIGHT & LEVEL,DARK-HWY LIGHTED/ON,,,4/26/2021 9:31:27 AM,False,7096,Accepted,
28056455,0568000,LOUISVILLE METRO POLICE DEPT,Accepted,JEFFERSON,,,DIXIE,HWY,,,BERNHEIM,,,,,38.221417704,-85.793248428,1.995,4/24/2021 12:00:00 AM,0237,2,2,0,2,CLEAR,DRY,False,OPPOSING LEFT TURN,OPPOSING LEFT TURN,STRAIGHT & LEVEL,DARK-HWY LIGHTED/ON,,,4/26/2021 9:31:46 AM,False,7312,Accepted,
28056466,0568000,LOUISVILLE METRO POLICE DEPT,Accepted,JEFFERSON,US0031E,,BARDSTOWN,RD,,,,,,,,38.228400398,-85.700965430,14.117,4/24/2021 12:00:00 AM,0041,2,2,0,0,CLEAR,DRY,False,REAR END IN TRAFFIC LANES BOTH VEHICLES MOVING,REAR END,STRAIGHT & LEVEL,DARK-HWY LIGHTED/ON,,,4/26/2021 9:32:40 AM,False,5104,Accepted,
28056459,0568000,LOUISVILLE METRO POLICE DEPT,Accepted,JEFFERSON,I 0065,,I65 N,,,I 0065,I65 N EXIT130 OFF RAMP TO KY61,,,,,38.177954051,-85.719403888,129.711,4/24/2021 12:00:00 AM,0320,1,1,0,1,CLEAR,DRY,False,OTHER INTERSECTION COLLISIONS,SINGLE VEHICLE,CURVE & LEVEL,DARK-HWY LIGHTED/OFF,,,4/26/2021 9:32:02 AM,False,5269,Accepted,
28056490,0568000,LOUISVILLE METRO POLICE DEPT,Accepted,JEFFERSON,I 0064,,I64 W,,,,,,,,,38.259041783,-85.748905140,4.719,4/24/2021 12:00:00 AM,1631,1,1,0,1,RAINING,WET,False,OTHER ROADWAY OR MID-BLOCK COLLISION,SINGLE VEHICLE,STRAIGHT & LEVEL,DAYLIGHT,,,4/26/2021 9:34:31 AM,False,5342,Accepted,
28056497,0568000,LOUISVILLE METRO POLICE DEPT,Accepted,JEFFERSON,KY1865,,NEW CUT,RD,,,GHEENS,,,,,38.165023592,-85.780026918,4.007,4/24/2021 12:00:00 AM,2300,2,2,0,0,CLEAR,WET,False,REAR END - ONE VEHICLE TURNING LEFT,REAR END,STRAIGHT & LEVEL,DARK-HWY LIGHTED/ON,,,4/26/2021 9:34:53 AM,False,7115,Accepted,
28056534,0568000,LOUISVILLE METRO POLICE DEPT,Accepted,JEFFERSON,KY1865,,TAYLOR,BLVD,,I 0264,I264 E EXIT9 OFF RAMP TO KY1865 S,,,,,38.185696335,-85.784047519,5.463,4/24/2021 12:00:00 AM,1958,2,2,0,1,RAINING,WET,False,ANGLE COLLISION - OTHER,ANGLE,STRAIGHT & LEVEL,DUSK,,,4/26/2021 9:37:16 AM,False,7462,Accepted,
28056489,0568000,LOUISVILLE METRO POLICE DEPT,Accepted,JEFFERSON,KY2054,,ALGONQUIN,PKWY,,,MCCLOSKEY,,,,,38.222847189,-85.787976292,1.886,4/24/2021 12:00:00 AM,1530,3,3,0,1,RAINING,WET,False,REAR END - ONE VEHICLE TURNING LEFT,REAR END,STRAIGHT & LEVEL,DAYLIGHT,,,4/26/2021 9:34:21 AM,False,5318,Accepted,
28056516,0568000,LOUISVILLE METRO POLICE DEPT,Accepted,JEFFERSON,KY0061,9200,PRESTON,HWY,,,,,,,,38.117985322,-85.677260400,2.444,4/23/2021 12:00:00 AM,1045,1,1,0,0,CLEAR,DRY,False,COLLISION WITH FIXED OBJECT NON - INTERSECTION - FIRST EVENT COLLISION 09 - 32 EXCLUDING 16,SINGLE VEHICLE,STRAIGHT & LEVEL,DAYLIGHT,,,4/26/2021 9:36:08 AM,False,7642,Accepted,
28056472,0568000,LOUISVILLE METRO POLICE DEPT,Accepted,JEFFERSON,US0031E,6300,BARDSTOWN,RD,,,,,,,,38.153929839,-85.589157649,5.846,4/23/2021 12:00:00 AM,1539,2,2,0,0,CLOUDY,DRY,False,REAR END IN TRAFFIC LANES BOTH VEHICLES MOVING,REAR END,STRAIGHT & GRADE,DAYLIGHT,,,4/26/2021 9:33:11 AM,False,5297,Accepted,