IncidentID,AgencyORI,AgencyName,IncidentStatusDesc,County,RdwyNumber,Street,RoadwayName,StreetSfx,StreetDir,IntersectionRdwy,IntersectionRdwyName,BetweenStRdwy1,BetweenStRdwyName1,BetweenStRdwy2,BetweenStRdwyName2,Latitude,Longitude,Milepoint,CollisionDate,CollisionTime,UnitsInvolved,MotorVehiclesInvolved,NumberKilled,NumberInjured,Weather,RdwyConditionCode,HitandRun,DirAnalysisCode,MannerofCollision,RdwyCharacter,LightCondition,RampFromRdwyId,RampToRdwyId,AcceptedDate,IsSecondaryCollision,OwnerBadge,IncidentStatus,
28046681,0568000,LOUISVILLE METRO POLICE DEPT,Accepted,JEFFERSON,US0031W,,DIXIE,HWY,,,UPPER HUNTERS,,,,,38.168443912,-85.828649792,13.264,4/22/2021 12:00:00 AM,2150,2,2,0,0,CLEAR,DRY,True,SIDESWIPE-SAME DIRECTION,SIDESWIPE-SAME DIRECTION,CURVE & LEVEL,DARK-HWY NOT LIGHTED,,,4/23/2021 6:55:03 AM,False,5033,Accepted,
28058220,0560600,WEST BUECHEL POLICE DEPT.,Accepted,JEFFERSON,,1900,BASHFORD MANOR,LN,,,GLADDEN,,,,,38.197553096,-85.675205493,0.691,4/22/2021 12:00:00 AM,0820,2,2,0,0,CLEAR,DRY,True,OTHER INTERSECTION COLLISIONS,REAR END,STRAIGHT & LEVEL,DAYLIGHT,,,4/26/2021 3:43:39 PM,False,1260,Accepted,
28056548,0568000,LOUISVILLE METRO POLICE DEPT,Accepted,JEFFERSON,,,MUD,LN,,,,,,,,38.088430510,-85.669824345,0.419,4/22/2021 12:00:00 AM,1744,2,2,0,0,CLEAR,DRY,False,SIDESWIPE COLLISION - SAME DIRECTION,SIDESWIPE-SAME DIRECTION,STRAIGHT & LEVEL,DAYLIGHT,,,4/26/2021 9:38:01 AM,False,7474,Accepted,
28066559,0563800,NORTHFIELD POLICE DEPARTMENT,Accepted,JEFFERSON,KY0022,,BROWNSBORO,RD,,,HOLIDAY MANOR,,,,,38.282543495,-85.630502700,0.274,4/22/2021 12:00:00 AM,1715,2,2,0,0,CLEAR,DRY,False,OTHER INTERSECTION COLLISIONS,REAR END,STRAIGHT & LEVEL,DAYLIGHT,,,4/28/2021 11:01:58 AM,False,1375,Accepted,
28069992,0568000,LOUISVILLE METRO POLICE DEPT,Accepted,JEFFERSON,I 0264,,I264 W,,,,,,,,,38.199000116,-85.702444591,13.743,4/21/2021 12:00:00 AM,1327,2,2,0,1,CLOUDY,DRY,False,REAR END IN TRAFFIC LANES BOTH VEHICLES MOVING,REAR END,CURVE & GRADE,DAYLIGHT,,,4/29/2021 8:55:48 AM,False,8278,Accepted,
28065968,0568000,LOUISVILLE METRO POLICE DEPT,Accepted,JEFFERSON,,,OAK,ST,E,,,,CLAY,KY0864,SHELBY,38.233741790,-85.742385777,0.715,4/21/2021 12:00:00 AM,1928,2,2,0,0,CLEAR,DRY,False,SIDESWIPE COLLISION - SAME DIRECTION,SIDESWIPE-SAME DIRECTION,CURVE & LEVEL,DAYLIGHT,,,4/28/2021 8:46:05 AM,False,5050,Accepted,
28061205,0568000,LOUISVILLE METRO POLICE DEPT,Accepted,JEFFERSON,US0031W,,DIXIE,HWY,,,UPPER HUNTERS,,,,,38.168537297,-85.828402835,13.270,4/21/2021 12:00:00 AM,2150,2,2,0,0,CLEAR,DRY,True,OTHER INTERSECTION COLLISIONS,REAR END,STRAIGHT & LEVEL,DARK-HWY LIGHTED/ON,,,4/27/2021 9:11:56 AM,False,2721,Accepted,
28042720,0568000,LOUISVILLE METRO POLICE DEPT,Accepted,JEFFERSON,KY0864,,POPLAR LEVEL,RD,,KY2052,SHEPHERDSVILLE,,,,,38.160146029,-85.659994055,7.422,4/21/2021 12:00:00 AM,2203,2,2,0,0,CLEAR,DRY,False,ANGLE COLLISION - OTHER,ANGLE,STRAIGHT & LEVEL,DARK-HWY LIGHTED/ON,,,4/22/2021 7:53:03 AM,False,5307,Accepted,
28046662,0568000,LOUISVILLE METRO POLICE DEPT,Accepted,JEFFERSON,,,18TH,ST,N,,,,OWEN,,BANK,38.262993956,-85.778839817,0.265,4/21/2021 12:00:00 AM,0151,2,2,0,0,CLEAR,DRY,False,1 VEHICLE PARKED POSITION (NOT PARKING LOT/DRIVEWAY),BACKING,STRAIGHT & LEVEL,DAYLIGHT,,,4/23/2021 6:54:04 AM,False,2128,Accepted,
28042713,0568000,LOUISVILLE METRO POLICE DEPT,Accepted,JEFFERSON,,1310,PENILE,RD,,,,,,,,38.109354882,-85.800224426,1.113,4/21/2021 12:00:00 AM,1819,1,1,0,2,CLEAR,DRY,False,OTHER ROADWAY OR MID-BLOCK COLLISION,SINGLE VEHICLE,STRAIGHT & LEVEL,DAYLIGHT,,,4/22/2021 7:52:45 AM,False,7234,Accepted,
28042726,0568000,LOUISVILLE METRO POLICE DEPT,Accepted,JEFFERSON,KY0864,,POPLAR LEVEL,RD,,,WILLOW,,,,,38.183743156,-85.699060160,10.382,4/21/2021 12:00:00 AM,2130,2,2,0,0,CLEAR,DRY,False,OTHER INTERSECTION COLLISIONS,REAR END,STRAIGHT & LEVEL,DARK-HWY LIGHTED/ON,,,4/22/2021 7:53:12 AM,False,5165,Accepted,
28042702,0568000,LOUISVILLE METRO POLICE DEPT,Accepted,JEFFERSON,KY2241,,WILLIS,AVE,,,MERIDIAN,,,,,38.252120220,-85.652917170,0.071,4/21/2021 12:00:00 AM,0948,2,2,0,0,CLOUDY,DRY,False,OTHER INTERSECTION COLLISIONS,REAR END,STRAIGHT & LEVEL,DAYLIGHT,,,4/22/2021 7:52:12 AM,False,7180,Accepted,
28042703,0568000,LOUISVILLE METRO POLICE DEPT,Accepted,JEFFERSON,,,4TH,ST,S,,CENTRAL,,,,,38.205104637,-85.765569027,3.590,4/21/2021 12:00:00 AM,1352,3,3,0,0,CLOUDY,DRY,False,ANGLE COLLISION - OTHER,ANGLE,STRAIGHT & LEVEL,DAYLIGHT,,,4/22/2021 7:52:15 AM,False,7872,Accepted,
28042704,0568000,LOUISVILLE METRO POLICE DEPT,Accepted,JEFFERSON,,9880,ANGIES,WAY,,,,,,,,38.314855337,-85.569218441,0.183,4/21/2021 12:00:00 AM,0830,2,2,0,0,CLOUDY,DRY,False,COLLISION IN PARKING LOT,ANGLE,STRAIGHT & LEVEL,DAYLIGHT,,,4/22/2021 7:52:18 AM,False,6929,Accepted,
28042709,0568000,LOUISVILLE METRO POLICE DEPT,Accepted,JEFFERSON,KY1747,,HURSTBOURNE,PKWY,N,US0060,SHELBYVILLE,,,,,38.246432289,-85.577014366,13.515,4/21/2021 12:00:00 AM,0936,2,2,0,0,CLOUDY,DRY,False,ANGLE COLLISION - OTHER,ANGLE,STRAIGHT & LEVEL,DAYLIGHT,,,4/22/2021 7:52:33 AM,False,7751,Accepted,
28042710,0568000,LOUISVILLE METRO POLICE DEPT,Accepted,JEFFERSON,US0060,,SHELBYVILLE,RD,,,,,EDEN,,WHITTINGTON,38.246694467,-85.580793247,7.649,4/21/2021 12:00:00 AM,1535,2,2,0,0,CLOUDY,WET,False,OTHER ROADWAY OR MID-BLOCK COLLISION,REAR END,STRAIGHT & LEVEL,DAYLIGHT,,,4/22/2021 7:52:36 AM,False,7751,Accepted,
28042711,0568000,LOUISVILLE METRO POLICE DEPT,Accepted,JEFFERSON,KY1447,,WESTPORT,RD,,,,,CREEKSIDE,KY1747,HURSTBOURNE,38.289139482,-85.568941226,5.421,4/21/2021 12:00:00 AM,1641,3,3,0,1,CLOUDY,DRY,False,OTHER ROADWAY OR MID-BLOCK COLLISION,REAR END,STRAIGHT & LEVEL,DAYLIGHT,,,4/22/2021 7:52:39 AM,False,7751,Accepted,
28042712,0568000,LOUISVILLE METRO POLICE DEPT,Accepted,JEFFERSON,KY1931,,ST ANDREWS CHURCH,RD,,,,,,,,38.151611988,-85.820004199,4.383,4/21/2021 12:00:00 AM,1713,2,2,0,1,CLEAR,DRY,False,REAR END IN TRAFFIC LANES BOTH VEHICLES MOVING,REAR END,STRAIGHT & LEVEL,DAYLIGHT,,,4/22/2021 7:52:42 AM,False,7234,Accepted,
28056415,0568000,LOUISVILLE METRO POLICE DEPT,Accepted,JEFFERSON,I 0264,,I264 E,,,,,,,,,38.190062782,-85.757776356,10.539,4/21/2021 12:00:00 AM,0816,3,3,0,0,CLEAR,DRY,True,REAR END IN TRAFFIC LANES BOTH VEHICLES MOVING,REAR END,STRAIGHT & LEVEL,DAYLIGHT,,,4/26/2021 9:28:28 AM,False,7772,Accepted,
28038720,0568000,LOUISVILLE METRO POLICE DEPT,Accepted,JEFFERSON,KY1865,,TAYLOR,BLVD,,,WALTER,,,,,38.175871390,-85.782712209,4.758,4/21/2021 12:00:00 AM,0010,2,2,0,3,SNOWING,SNOW/SLUSH,False,HEAD-ON COLLISION,HEAD ON,STRAIGHT & LEVEL,DARK-HWY LIGHTED/ON,,,4/21/2021 8:40:00 AM,False,5245,Accepted,
28038721,0568000,LOUISVILLE METRO POLICE DEPT,Accepted,JEFFERSON,US0031E,,BARDSTOWN,RD,,US0031E,US31E CROSSOVER,,,,,38.201239511,-85.663580366,11.188,4/21/2021 12:00:00 AM,0513,1,1,0,0,CLEAR,WET,False,COLLISION WITH FIXED OBJECT IN INTERSECTION - FIRST EVENT COLLISION 09 - 32,SINGLE VEHICLE,CURVE & LEVEL,DARK-HWY LIGHTED/ON,,,4/21/2021 8:40:03 AM,False,5328,Accepted,
28042700,0568000,LOUISVILLE METRO POLICE DEPT,Accepted,JEFFERSON,,,6TH,ST,S,,ZANE,,,,,38.238703034,-85.763050946,1.273,4/21/2021 12:00:00 AM,1054,2,2,0,0,CLEAR,DRY,False,ANGLE COLLISION - OTHER,ANGLE,STRAIGHT & LEVEL,DAYLIGHT,,,4/22/2021 7:52:05 AM,False,7433,Accepted,
28042705,0568000,LOUISVILLE METRO POLICE DEPT,Accepted,JEFFERSON,,,ST CATHERINE,ST,E,KY0061,PRESTON,,,,,38.236216107,-85.749112304,0.997,4/21/2021 12:00:00 AM,1010,2,2,0,0,CLEAR,DRY,False,ANGLE COLLISION - OTHER,ANGLE,CURVE & LEVEL,DAYLIGHT,,,4/22/2021 7:52:21 AM,False,5175,Accepted,
28042706,0568000,LOUISVILLE METRO POLICE DEPT,Accepted,JEFFERSON,,8327,ROSEBOROUGH,RD,,,,,,,,38.127503786,-85.632694264,0.341,4/21/2021 12:00:00 AM,1720,1,1,0,0,CLEAR,DRY,False,COLLISION WITH FIXED OBJECT NON - INTERSECTION - FIRST EVENT COLLISION 09 - 32 EXCLUDING 16,SINGLE VEHICLE,STRAIGHT & LEVEL,DAYLIGHT,,,4/22/2021 7:52:24 AM,False,7465,Accepted,
28042707,0568000,LOUISVILLE METRO POLICE DEPT,Accepted,JEFFERSON,I 0265,,,,,,,,,,,38.111907895,-85.674370399,0.273,4/21/2021 12:00:00 AM,1741,2,2,0,0,CLEAR,WET,False,OTHER RAMP RELATED COLLISIONS NOT LISTED ABOVE,REAR END,STRAIGHT & HILLCREST,DAYLIGHT,I 0265,KY0061,4/22/2021 7:52:27 AM,False,7272,Accepted,
28042708,0568000,LOUISVILLE METRO POLICE DEPT,Accepted,JEFFERSON,I 0065,,I65 N,,,,,,,,,38.167624738,-85.720546693,129.000,4/21/2021 12:00:00 AM,1359,1,1,0,0,CLEAR,DRY,True,COLLISION WITH FIXED OBJECT NON - INTERSECTION - FIRST EVENT COLLISION 09 - 32 EXCLUDING 16,SINGLE VEHICLE,STRAIGHT & LEVEL,DAYLIGHT,,,4/22/2021 7:52:30 AM,False,2142,Accepted,
28042714,0568000,LOUISVILLE METRO POLICE DEPT,Accepted,JEFFERSON,US0060A,,LEXINGTON,RD,,,WALLACE,,,,,38.252742628,-85.657879725,10.507,4/21/2021 12:00:00 AM,2002,2,2,0,0,CLEAR,DRY,True,ANGLE COLLISION - OTHER,ANGLE,STRAIGHT & LEVEL,DARK-HWY LIGHTED/ON,,,4/22/2021 7:52:48 AM,False,7219,Accepted,
28042715,0568000,LOUISVILLE METRO POLICE DEPT,Accepted,JEFFERSON,,5610,3RD,ST,S,,,,GHEENS,,CUMBERLAND,38.168759309,-85.768512935,2.079,4/21/2021 12:00:00 AM,2151,2,2,0,0,CLEAR,DRY,True,1 VEHICLE ENTERING/LEAVING ENTRANCE,ANGLE,STRAIGHT & LEVEL,DARK-HWY LIGHTED/ON,,,4/22/2021 7:52:51 AM,False,5312,Accepted,
28097827,0568000,LOUISVILLE METRO POLICE DEPT,Accepted,JEFFERSON,,500B,PHILLIPS,LN,,,,,,,,38.190921852,-85.744457436,0.429,4/21/2021 12:00:00 AM,1506,2,2,0,2,CLEAR,DRY,False,HEAD-ON COLLISION,HEAD ON,STRAIGHT & LEVEL,DAYLIGHT,,,5/6/2021 8:12:40 AM,False,7398,Accepted,
28046668,0568000,LOUISVILLE METRO POLICE DEPT,Accepted,JEFFERSON,,,OAKLAWN,LN,,,RANGELAND,,,,,38.165042822,-85.669354667,0.307,4/21/2021 12:00:00 AM,1840,2,2,0,1,CLEAR,DRY,False,ANGLE COLLISION - OTHER,ANGLE,CURVE & LEVEL,DAYLIGHT,,,4/23/2021 6:54:22 AM,False,5203,Accepted,
28038730,0568000,LOUISVILLE METRO POLICE DEPT,Accepted,JEFFERSON,,,WATTERSON,TRL,,,,,NACHAND,,STARLITE,38.181443288,-85.618969580,0.363,4/21/2021 12:00:00 AM,0600,1,1,0,0,RAINING,WET,True,COLLISION WITH FIXED OBJECT NON - INTERSECTION - FIRST EVENT COLLISION 09 - 32 EXCLUDING 16,SINGLE VEHICLE,STRAIGHT & LEVEL,UNKNOWN,,,4/21/2021 8:40:18 AM,False,5178,Accepted,
28061176,0568000,LOUISVILLE METRO POLICE DEPT,Accepted,JEFFERSON,,,BELMAR,DR,,,FAYETTE,,,,,38.195319253,-85.728150966,0.093,4/21/2021 12:00:00 AM,1721,2,2,0,0,CLEAR,DRY,False,ANGLE COLLISION - OTHER,ANGLE,STRAIGHT & LEVEL,DAYLIGHT,,,4/27/2021 9:10:35 AM,False,7938,Accepted,
28061207,0568000,LOUISVILLE METRO POLICE DEPT,Accepted,JEFFERSON,,,MUHAMMAD ALI,BLVD,W,,AMY,,,,,38.257491622,-85.813699316,3.349,4/21/2021 12:00:00 AM,1948,2,2,0,1,CLOUDY,DRY,False,OPPOSING LEFT TURN,OPPOSING LEFT TURN,STRAIGHT & LEVEL,DAYLIGHT,,,4/27/2021 9:12:02 AM,False,5347,Accepted,
28111838,0568000,LOUISVILLE METRO POLICE DEPT,Accepted,JEFFERSON,,,FLOYD,ST,S,,BOXLEY,,,,,38.207023730,-85.756421627,3.357,4/21/2021 12:00:00 AM,0123,1,1,0,1,RAINING,WET,False,COLLISION WITH FIXED OBJECT IN INTERSECTION - FIRST EVENT COLLISION 09 - 32,SINGLE VEHICLE,STRAIGHT & LEVEL,DARK-HWY LIGHTED/ON,,,5/10/2021 8:47:54 AM,False,5139,Accepted,
28065938,0568000,LOUISVILLE METRO POLICE DEPT,Accepted,JEFFERSON,KY1065,,OUTER,LOOP,,,,,,,,38.126607901,-85.781903023,0.709,4/20/2021 12:00:00 AM,1432,2,2,0,1,CLEAR,DRY,False,1 VEHICLE ENTERING/LEAVING ENTRANCE,ANGLE,STRAIGHT & LEVEL,DAYLIGHT,,,4/28/2021 8:44:37 AM,False,7234,Accepted,
28038747,0370200,KY STATE POLICE CVE,Accepted,JEFFERSON,US0031E,,BARDSTOWN,RD,,,,,,,,38.130752902,-85.577621094,4.114,4/20/2021 12:00:00 AM,0800,2,2,0,0,CLEAR,DRY,False,1 VEHICLE ENTERING/LEAVING ENTRANCE,ANGLE,STRAIGHT & LEVEL,DAYLIGHT,,,4/21/2021 8:44:29 AM,False,C-340,Accepted,
28038719,0568000,LOUISVILLE METRO POLICE DEPT,Accepted,JEFFERSON,US0150,,BROADWAY,,E,,CLAY,,,,,38.244869378,-85.741535844,3.301,4/20/2021 12:00:00 AM,2117,2,1,0,0,RAINING,WET,True,COLLISION WITH PEDESTRIAN IN INTERSECTION,SINGLE VEHICLE,STRAIGHT & LEVEL,DARK (UNKNOWN ROADWAY LIGHTING),,,4/21/2021 8:39:56 AM,False,5334,Accepted,
28038729,0568000,LOUISVILLE METRO POLICE DEPT,Accepted,JEFFERSON,KY1747,,FERN VALLEY,RD,,KY1747,KY1747 CROSSOVER,,,,,38.157392788,-85.695639196,2.017,4/20/2021 12:00:00 AM,1240,3,3,0,1,CLEAR,DRY,False,OPPOSING LEFT TURN,OPPOSING LEFT TURN,STRAIGHT & LEVEL,DAYLIGHT,,,4/21/2021 8:40:15 AM,False,4693,Accepted,
28038697,0568000,LOUISVILLE METRO POLICE DEPT,Accepted,JEFFERSON,KY1065,,OUTER,LOOP,,,,,JUDGE,,LAUREL RIDGE,38.137789725,-85.671730249,6.878,4/20/2021 12:00:00 AM,1534,2,2,0,0,CLEAR,DRY,False,1 VEHICLE ENTERING/LEAVING ENTRANCE,ANGLE,STRAIGHT & LEVEL,DAYLIGHT,,,4/21/2021 8:38:50 AM,False,2547,Accepted,
28038714,0568000,LOUISVILLE METRO POLICE DEPT,Accepted,JEFFERSON,,2201,BILJANA,DR,,,,,,,,38.259125898,-85.703074235,0.009,4/20/2021 12:00:00 AM,2002,1,1,0,0,RAINING,WET,True,OTHER ROADWAY OR MID-BLOCK COLLISION,SINGLE VEHICLE,STRAIGHT & GRADE,DUSK,,,4/21/2021 8:39:41 AM,False,2976,Accepted,
28034207,0568000,LOUISVILLE METRO POLICE DEPT,Accepted,JEFFERSON,,,BERNHEIM,LN,,,,,,,,38.221187774,-85.789597845,0.176,4/20/2021 12:00:00 AM,0150,1,1,0,0,CLEAR,DRY,False,OTHER ROADWAY OR MID-BLOCK COLLISION,SINGLE VEHICLE,STRAIGHT & LEVEL,DARK-HWY LIGHTED/ON,,,4/20/2021 8:35:50 AM,False,7154,Accepted,
28034210,0568000,LOUISVILLE METRO POLICE DEPT,Accepted,JEFFERSON,,6412,BIRCHLINE,BLVD,,,,,,,,38.154308619,-85.598119313,0.082,4/20/2021 12:00:00 AM,0102,1,1,0,0,CLEAR,DRY,False,OTHER ROADWAY OR MID-BLOCK COLLISION,SINGLE VEHICLE,STRAIGHT & LEVEL,DARK-HWY NOT LIGHTED,,,4/20/2021 8:35:58 AM,False,5141,Accepted,
28038670,0568000,LOUISVILLE METRO POLICE DEPT,Accepted,JEFFERSON,KY0061,1329,PRESTON,ST,S,,MARRET,,,,,38.230108905,-85.750119403,11.176,4/20/2021 12:00:00 AM,0911,2,2,0,1,CLEAR,DRY,False,SIDESWIPE-SAME DIRECTION,SIDESWIPE-SAME DIRECTION,STRAIGHT & LEVEL,DAYLIGHT,,,4/21/2021 8:38:08 AM,False,5360,Accepted,
28038688,0568000,LOUISVILLE METRO POLICE DEPT,Accepted,JEFFERSON,I 0064,,I64 W,,,,,,,,,38.277803544,-85.821181028,0.224,4/20/2021 12:00:00 AM,0700,1,1,0,1,CLEAR,DRY,False,OTHER ROADWAY OR MID-BLOCK COLLISION,SINGLE VEHICLE,STRAIGHT & HILLCREST,DAYLIGHT,,,4/21/2021 8:38:34 AM,False,6886,Accepted,
28038695,0568000,LOUISVILLE METRO POLICE DEPT,Accepted,JEFFERSON,KY1934,,GREENBELT,HWY,,,LOWER HUNTERS,,,,,38.170225945,-85.876085033,6.211,4/20/2021 12:00:00 AM,1448,2,2,0,0,CLEAR,DRY,False,OTHER INTERSECTION COLLISIONS,REAR END,STRAIGHT & LEVEL,DAYLIGHT,,,4/21/2021 8:38:45 AM,False,7483,Accepted,
28038704,0568000,LOUISVILLE METRO POLICE DEPT,Accepted,JEFFERSON,KY0061,,PRESTON,HWY,,,,,,,,38.092627554,-85.668995122,0.633,4/20/2021 12:00:00 AM,1832,2,2,0,0,CLOUDY,DRY,False,OTHER ROADWAY OR MID-BLOCK COLLISION,REAR END,STRAIGHT & LEVEL,DAYLIGHT,,,4/21/2021 8:39:10 AM,False,7755,Accepted,
28038705,0568000,LOUISVILLE METRO POLICE DEPT,Accepted,JEFFERSON,,3410,YOUNG,AVE,,,,,,,,38.230300013,-85.812084242,0.324,4/20/2021 12:00:00 AM,1425,1,1,0,0,CLEAR,DRY,False,COLLISION WITH FIXED OBJECT NON - INTERSECTION - FIRST EVENT COLLISION 09 - 32 EXCLUDING 16,SINGLE VEHICLE,STRAIGHT & LEVEL,DAYLIGHT,,,4/21/2021 8:39:14 AM,False,7437,Accepted,
28101992,0568000,LOUISVILLE METRO POLICE DEPT,Accepted,JEFFERSON,KY0907,,3RD ST,RD,,,OLDE ENGLISH,,,,,38.116497628,-85.812156520,3.371,4/20/2021 12:00:00 AM,1848,2,2,1,3,CLOUDY,DRY,False,HEAD-ON COLLISION,HEAD ON,STRAIGHT & LEVEL,DAYLIGHT,,,5/7/2021 8:06:48 AM,False,2217,Accepted,
28056477,0568000,LOUISVILLE METRO POLICE DEPT,Accepted,JEFFERSON,KY1065,,OUTER,LOOP,,,,,JOYCE,,DONEGAL,38.138474601,-85.651812752,7.973,4/20/2021 12:00:00 AM,1825,2,2,0,1,CLOUDY,DRY,False,REAR END IN TRAFFIC LANES BOTH VEHICLES MOVING,REAR END,STRAIGHT & HILLCREST,DAYLIGHT,,,4/26/2021 9:33:38 AM,False,2583,Accepted,
28056470,0568000,LOUISVILLE METRO POLICE DEPT,Accepted,JEFFERSON,KY0155,,TAYLORSVILLE LAKE,RD,,,CROOKED,,,,,38.169137643,-85.453594175,2.222,4/20/2021 12:00:00 AM,1502,2,2,0,2,CLEAR,DRY,False,HEAD-ON COLLISION,HEAD ON,STRAIGHT & GRADE,DAYLIGHT,,,4/26/2021 9:33:06 AM,False,5297,Accepted,
28392139,0568000,LOUISVILLE METRO POLICE DEPT,Accepted,JEFFERSON,KY1065,,OUTER,LOOP,,,JUDGE,,,,,38.137810177,-85.669466075,7.009,4/20/2021 12:00:00 AM,1614,2,2,0,0,CLEAR,DRY,False,ANGLE COLLISION - ONE VEHICLE TURNING LEFT,ANGLE,STRAIGHT & LEVEL,DAYLIGHT,,,7/21/2021 7:48:07 AM,False,2324,Accepted,
28046665,0568000,LOUISVILLE METRO POLICE DEPT,Accepted,JEFFERSON,I 0064,,I64 E,,,,,,,,,38.222617398,-85.505101858,18.997,4/20/2021 12:00:00 AM,1716,2,2,0,1,CLEAR,DRY,False,REAR END IN TRAFFIC LANES BOTH VEHICLES MOVING,REAR END,STRAIGHT & GRADE,DAYLIGHT,,,4/23/2021 6:54:14 AM,False,6532,Accepted,
28056467,0568000,LOUISVILLE METRO POLICE DEPT,Accepted,JEFFERSON,KY0864,,GOSS,AVE,,,CHESTER,,,,,38.230800684,-85.741173490,14.474,4/20/2021 12:00:00 AM,1309,1,1,0,0,CLEAR,DRY,False,COLLISION WITH FIXED OBJECT IN INTERSECTION - FIRST EVENT COLLISION 09 - 32,SINGLE VEHICLE,CURVE & LEVEL,DAYLIGHT,,,4/26/2021 9:32:48 AM,False,5360,Accepted,
28038702,0568000,LOUISVILLE METRO POLICE DEPT,Accepted,JEFFERSON,US0031W,,22ND,ST,S,,OSAGE,,,,,38.239333649,-85.789866262,18.870,4/20/2021 12:00:00 AM,1726,2,2,0,0,CLEAR,DRY,False,ANGLE COLLISION - OTHER,ANGLE,STRAIGHT & LEVEL,DAYLIGHT,,,4/21/2021 8:39:06 AM,False,5318,Accepted,
28038710,0568000,LOUISVILLE METRO POLICE DEPT,Accepted,JEFFERSON,,,BLUEGRASS,AVE,,,CHURCHMAN,,,,,38.179605501,-85.792365107,0.356,4/20/2021 12:00:00 AM,0809,2,2,0,0,CLEAR,DRY,False,ANGLE COLLISION - ONE VEHICLE TURNING RIGHT,ANGLE,STRAIGHT & LEVEL,DAYLIGHT,,,4/21/2021 8:39:31 AM,False,7468,Accepted,
28038718,0568000,LOUISVILLE METRO POLICE DEPT,Accepted,JEFFERSON,US0031W,,DIXIE,HWY,,KY1931,GREENWOOD,,,,,38.143394330,-85.839726136,11.683,4/20/2021 12:00:00 AM,2200,2,2,0,0,CLOUDY,WET,True,SIDESWIPE-SAME DIRECTION,SIDESWIPE-SAME DIRECTION,STRAIGHT & LEVEL,DARK-HWY NOT LIGHTED,,,4/21/2021 8:39:53 AM,False,5357,Accepted,
28038726,0568000,LOUISVILLE METRO POLICE DEPT,Accepted,JEFFERSON,US0031E,,BARDSTOWN,RD,,,,,,,,38.137275149,-85.581128262,4.605,4/20/2021 12:00:00 AM,0833,2,2,0,1,CLEAR,DRY,False,OTHER ROADWAY OR MID-BLOCK COLLISION,OPPOSING LEFT TURN,STRAIGHT & LEVEL,DAYLIGHT,,,4/21/2021 8:40:10 AM,False,4693,Accepted,
28042701,0568000,LOUISVILLE METRO POLICE DEPT,Accepted,JEFFERSON,KY1747,2711,FERN VALLEY,RD,,,,,,,,38.157410320,-85.714712200,0.987,4/20/2021 12:00:00 AM,1424,1,1,0,0,CLEAR,DRY,False,COLLISION IN PARKING LOT,SINGLE VEHICLE,STRAIGHT & LEVEL,DAYLIGHT,,,4/22/2021 7:52:09 AM,False,2017,Accepted,
28038674,0568000,LOUISVILLE METRO POLICE DEPT,Accepted,JEFFERSON,KY1934,,CANE RUN,RD,,,NEW LYNNVIEW,,,,,38.189192118,-85.850103298,8.194,4/20/2021 12:00:00 AM,0909,2,2,0,0,CLEAR,DRY,False,ANGLE COLLISION - OTHER,ANGLE,STRAIGHT & LEVEL,DAYLIGHT,,,4/21/2021 8:38:13 AM,False,7467,Accepted,
28038683,0568000,LOUISVILLE METRO POLICE DEPT,Accepted,JEFFERSON,I 0064,,I64 E,,,,,,,,,38.222616770,-85.505132780,18.995,4/20/2021 12:00:00 AM,0940,2,2,0,0,CLEAR,DRY,False,SIDESWIPE COLLISION - SAME DIRECTION,SIDESWIPE-SAME DIRECTION,STRAIGHT & GRADE,DAYLIGHT,,,4/21/2021 8:38:28 AM,False,6532,Accepted,
28038699,0568000,LOUISVILLE METRO POLICE DEPT,Accepted,JEFFERSON,,,WHITTINGTON,PKWY,N,,WHIPPS MILL,,,,,38.256589575,-85.586983455,1.057,4/20/2021 12:00:00 AM,1710,2,2,0,0,CLEAR,DRY,False,ANGLE COLLISION - OTHER,ANGLE,CURVE & LEVEL,DAYLIGHT,,,4/21/2021 8:38:57 AM,False,2013,Accepted,
28038700,0568000,LOUISVILLE METRO POLICE DEPT,Accepted,JEFFERSON,KY1703,,BAXTER,AVE,,,RUFER,,,,,38.237236692,-85.721896509,5.440,4/20/2021 12:00:00 AM,1542,2,2,0,0,CLOUDY,DRY,True,OPPOSITE DIRECTION - BOTH VEHICLES GOING STRAIGHT AHEAD,SIDESWIPE-OPPOSITE DIRECTION,STRAIGHT & GRADE,DAYLIGHT,,,4/21/2021 8:39:00 AM,False,2228,Accepted,
28038701,0568000,LOUISVILLE METRO POLICE DEPT,Accepted,JEFFERSON,,,DOWNING,WAY,,,HIKES,,,,,38.202675976,-85.654135038,0.415,4/20/2021 12:00:00 AM,1517,2,2,0,1,CLEAR,DRY,False,ANGLE COLLISION - OTHER,ANGLE,STRAIGHT & GRADE,DAYLIGHT,,,4/21/2021 8:39:03 AM,False,5130,Accepted,
28034211,0568000,LOUISVILLE METRO POLICE DEPT,Accepted,JEFFERSON,I 0065,,I65 N,,,,,,,,,38.092590296,-85.700751740,123.614,4/20/2021 12:00:00 AM,0210,1,1,0,0,CLEAR,DRY,False,OTHER ROADWAY OR MID-BLOCK COLLISION,SINGLE VEHICLE,STRAIGHT & LEVEL,DARK-HWY NOT LIGHTED,,,4/20/2021 8:36:03 AM,False,5314,Accepted,