IncidentID,AgencyORI,AgencyName,IncidentStatusDesc,County,RdwyNumber,Street,RoadwayName,StreetSfx,StreetDir,IntersectionRdwy,IntersectionRdwyName,BetweenStRdwy1,BetweenStRdwyName1,BetweenStRdwy2,BetweenStRdwyName2,Latitude,Longitude,Milepoint,CollisionDate,CollisionTime,UnitsInvolved,MotorVehiclesInvolved,NumberKilled,NumberInjured,Weather,RdwyConditionCode,HitandRun,DirAnalysisCode,MannerofCollision,RdwyCharacter,LightCondition,RampFromRdwyId,RampToRdwyId,AcceptedDate,IsSecondaryCollision,OwnerBadge,IncidentStatus,
28038667,0568000,LOUISVILLE METRO POLICE DEPT,Accepted,JEFFERSON,KY1865,,TAYLOR,BLVD,,I 0264,I264 E EXIT9 ON RAMP FROM KY1865 N,,,,,38.186644871,-85.783800576,5.530,4/20/2021 12:00:00 AM,0526,2,2,0,2,CLEAR,DRY,False,ANGLE COLLISION - OTHER,ANGLE,STRAIGHT & LEVEL,DARK-HWY LIGHTED/ON,,,4/21/2021 8:37:58 AM,False,7772,Accepted,
28038692,0568000,LOUISVILLE METRO POLICE DEPT,Accepted,JEFFERSON,KY2860,,GRINSTEAD,DR,,,,US0031E,BARDSTOWN,,CHEROKEE,38.238834208,-85.720252562,0.049,4/20/2021 12:00:00 AM,1414,2,2,0,0,CLEAR,DRY,False,1 VEHICLE ENTERING/LEAVING ENTRANCE,ANGLE,STRAIGHT & LEVEL,DAYLIGHT,,,4/21/2021 8:38:42 AM,False,7900,Accepted,
28038709,0568000,LOUISVILLE METRO POLICE DEPT,Accepted,JEFFERSON,US0031W,,DIXIE,HWY,,,,,,,,38.082890814,-85.881315163,6.752,4/20/2021 12:00:00 AM,1623,2,2,0,0,CLEAR,DRY,False,OTHER ROADWAY OR MID-BLOCK COLLISION,REAR END,STRAIGHT & LEVEL,DAYLIGHT,,,4/21/2021 8:39:28 AM,False,7234,Accepted,
28038715,0568000,LOUISVILLE METRO POLICE DEPT,Accepted,JEFFERSON,,,16TH,ST,N,US0031W,MAIN,,,,,38.258790830,-85.776375493,0.236,4/20/2021 12:00:00 AM,2218,2,2,0,0,CLEAR,DRY,False,ANGLE COLLISION - OTHER,ANGLE,STRAIGHT & LEVEL,DARK-HWY NOT LIGHTED,,,4/21/2021 8:39:44 AM,False,7487,Accepted,
28038716,0568000,LOUISVILLE METRO POLICE DEPT,Accepted,JEFFERSON,,,CARDINAL,BLVD,W,KY1020,2ND,,,,,38.220420012,-85.759807776,0.106,4/20/2021 12:00:00 AM,2329,2,2,0,1,RAINING,WET,True,ANGLE COLLISION - OTHER,ANGLE,STRAIGHT & LEVEL,DARK-HWY LIGHTED/ON,,,4/21/2021 8:39:47 AM,False,5037,Accepted,
28038717,0568000,LOUISVILLE METRO POLICE DEPT,Accepted,JEFFERSON,,,BUECHEL BANK,RD,,KY2052,SHEPHERDSVILLE,,,,,38.178794760,-85.658797777,1.509,4/20/2021 12:00:00 AM,2210,2,2,0,0,RAINING,WET,False,OTHER INTERSECTION COLLISIONS,REAR END,STRAIGHT & LEVEL,DARK-HWY LIGHTED/ON,,,4/21/2021 8:39:50 AM,False,5316,Accepted,
28070037,0568000,LOUISVILLE METRO POLICE DEPT,Accepted,JEFFERSON,I 0264,,I264 E,,,,,,,,,38.202385735,-85.827504299,5.403,4/20/2021 12:00:00 AM,2100,3,3,0,0,CLEAR,DRY,False,REAR END IN TRAFFIC LANES BOTH VEHICLES MOVING,REAR END,STRAIGHT & LEVEL,DARK-HWY LIGHTED/ON,,,4/29/2021 8:57:48 AM,False,7466,Accepted,
28066110,0561500,UNIV. OF LOUISVILLE POLICE,Accepted,JEFFERSON,,414,CHESTNUT,ST,E,,,,,,,38.247705037,-85.746377802,0.359,4/20/2021 12:00:00 AM,0703,2,2,0,0,CLEAR,DRY,True,REAR END IN TRAFFIC LANES BOTH VEHICLES MOVING,REAR END,STRAIGHT & LEVEL,DUSK,,,4/28/2021 9:10:28 AM,False,5704,Accepted,
28038698,0568000,LOUISVILLE METRO POLICE DEPT,Accepted,JEFFERSON,,,MCCAWLEY,RD,,,EGYPT,,,,,38.144488638,-85.686125301,0.225,4/19/2021 12:00:00 AM,2141,1,1,0,0,CLEAR,DRY,False,COLLISION WITH FIXED OBJECT IN INTERSECTION - FIRST EVENT COLLISION 09 - 32,SINGLE VEHICLE,STRAIGHT & LEVEL,DARK-HWY LIGHTED/OFF,,,4/21/2021 8:38:54 AM,False,5115,Accepted,
28038668,0568000,LOUISVILLE METRO POLICE DEPT,Accepted,JEFFERSON,KY0864,,CHESTNUT,ST,E,US0031E,BAXTER,,,,,38.251255426,-85.732924066,15.971,4/19/2021 12:00:00 AM,1810,2,2,0,0,CLEAR,DRY,False,ANGLE COLLISION - OTHER,ANGLE,STRAIGHT & LEVEL,DAYLIGHT,,,4/21/2021 8:38:03 AM,False,5342,Accepted,
28038677,0568000,LOUISVILLE METRO POLICE DEPT,Accepted,JEFFERSON,,1832,EDGELAND,AVE,,,,,,,,38.232217398,-85.713570066,0.135,4/19/2021 12:00:00 AM,0846,2,2,0,0,CLEAR,DRY,False,1 VEHICLE PARKED POSITION (NOT PARKING LOT/DRIVEWAY),SIDESWIPE-SAME DIRECTION,STRAIGHT & GRADE,DAYLIGHT,,,4/21/2021 8:38:18 AM,False,2228,Accepted,
28038707,0568000,LOUISVILLE METRO POLICE DEPT,Accepted,JEFFERSON,,,JEFFERSON,ST,W,,16TH,,,,,38.256021502,-85.776857722,1.362,4/19/2021 12:00:00 AM,1802,2,2,0,3,CLEAR,DRY,False,ANGLE COLLISION - OTHER,ANGLE,STRAIGHT & LEVEL,DAYLIGHT,,,4/21/2021 8:39:24 AM,False,2854,Accepted,
28034186,0568000,LOUISVILLE METRO POLICE DEPT,Accepted,JEFFERSON,KY0841,,,,,,,,,,,38.118956933,-85.748951783,0.051,4/19/2021 12:00:00 AM,1132,2,2,0,1,CLEAR,DRY,False,OTHER RAMP RELATED COLLISIONS NOT LISTED ABOVE,ANGLE,STRAIGHT & LEVEL,DAYLIGHT,KY1020,KY0841,4/20/2021 8:34:43 AM,False,7356,Accepted,
28034203,0568000,LOUISVILLE METRO POLICE DEPT,Accepted,JEFFERSON,KY1934,,CANE RUN,RD,,,,,,,,38.179374455,-85.859882232,7.324,4/19/2021 12:00:00 AM,1647,3,3,0,0,CLEAR,DRY,False,REAR END IN TRAFFIC LANES BOTH VEHICLES MOVING,REAR END,STRAIGHT & LEVEL,DAYLIGHT,,,4/20/2021 8:35:36 AM,False,7234,Accepted,
28038690,0568000,LOUISVILLE METRO POLICE DEPT,Accepted,JEFFERSON,US0031E,1368,BARDSTOWN,RD,,,,,,,,38.233604924,-85.712231929,14.830,4/19/2021 12:00:00 AM,1813,2,2,0,0,CLEAR,DRY,False,1 VEHICLE PARKED POSITION (NOT PARKING LOT/DRIVEWAY),SIDESWIPE-SAME DIRECTION,STRAIGHT & LEVEL,DAYLIGHT,,,4/21/2021 8:38:38 AM,False,5020,Accepted,
28034164,0568000,LOUISVILLE METRO POLICE DEPT,Accepted,JEFFERSON,,,ALGONQUIN,PKWY,,,,,,,,38.227976203,-85.827743586,0.347,4/19/2021 12:00:00 AM,0731,1,1,0,0,CLEAR,DRY,False,COLLISION WITH FIXED OBJECT NON - INTERSECTION - FIRST EVENT COLLISION 09 - 32 EXCLUDING 16,SINGLE VEHICLE,CURVE & GRADE,DAWN,,,4/20/2021 8:34:05 AM,False,5161,Accepted,
28038666,0568000,LOUISVILLE METRO POLICE DEPT,Accepted,JEFFERSON,,,RUNDILL,RD,,,OLMSTED,,,,,38.167076498,-85.781368836,1.558,4/19/2021 12:00:00 AM,1408,1,1,0,1,CLEAR,DRY,False,COLLISION WITH FIXED OBJECT IN INTERSECTION - FIRST EVENT COLLISION 09 - 32,SINGLE VEHICLE,CURVE & HILLCREST,DAYLIGHT,,,4/21/2021 8:37:53 AM,False,7252,Accepted,
28034196,0568000,LOUISVILLE METRO POLICE DEPT,Accepted,JEFFERSON,,,ALGONQUIN,PKWY,,,,,SOUTHWESTERN,,GIBSON,38.233622333,-85.830608935,0.885,4/19/2021 12:00:00 AM,1130,1,1,0,1,CLEAR,DRY,False,COLLISION WITH FIXED OBJECT NON - INTERSECTION - FIRST EVENT COLLISION 09 - 32 EXCLUDING 16,SINGLE VEHICLE,CURVE & LEVEL,DAYLIGHT,,,4/20/2021 8:35:12 AM,False,7328,Accepted,
28034197,0568000,LOUISVILLE METRO POLICE DEPT,Accepted,JEFFERSON,KY0864,,POPLAR LEVEL,RD,,KY3069,SANITA,,,,,38.192691036,-85.706206423,11.103,4/19/2021 12:00:00 AM,1634,2,2,0,0,CLEAR,DRY,False,OTHER INTERSECTION COLLISIONS,REAR END,STRAIGHT & LEVEL,DAYLIGHT,,,4/20/2021 8:35:16 AM,False,5352,Accepted,
28034198,0568000,LOUISVILLE METRO POLICE DEPT,Accepted,JEFFERSON,US0060A,,EASTERN,PKWY,,,ALEXANDER,,,,,38.216029026,-85.740470824,4.726,4/19/2021 12:00:00 AM,1619,2,2,0,2,CLEAR,DRY,False,OPPOSING LEFT TURN,OPPOSING LEFT TURN,STRAIGHT & LEVEL,DAYLIGHT,,,4/20/2021 8:35:20 AM,False,5180,Accepted,
28034204,0568000,LOUISVILLE METRO POLICE DEPT,Accepted,JEFFERSON,KY1934,,CANE RUN,RD,,,,,,,,38.182664842,-85.856595974,7.627,4/19/2021 12:00:00 AM,1759,2,2,0,0,CLEAR,DRY,False,REAR END IN TRAFFIC LANES BOTH VEHICLES MOVING,REAR END,STRAIGHT & LEVEL,DAYLIGHT,,,4/20/2021 8:35:40 AM,False,7234,Accepted,
28034205,0568000,LOUISVILLE METRO POLICE DEPT,Accepted,JEFFERSON,US0150,,BROADWAY,,W,,,,,,,38.247606333,-85.771632620,1.651,4/19/2021 12:00:00 AM,1943,2,2,0,3,CLOUDY,DRY,False,OTHER COLLISIONS ON SHOULDER,ANGLE,STRAIGHT & LEVEL,DUSK,,,4/20/2021 8:35:44 AM,False,5334,Accepted,
28034212,0568000,LOUISVILLE METRO POLICE DEPT,Accepted,JEFFERSON,,804,FETTER,AVE,,,,KY0061,SHELBY,,ALEXANDER,38.216178452,-85.742373143,0.098,4/19/2021 12:00:00 AM,2315,2,2,0,0,CLEAR,DRY,False,1 VEHICLE PARKED POSITION (NOT PARKING LOT/DRIVEWAY),SIDESWIPE-OPPOSITE DIRECTION,STRAIGHT & LEVEL,DARK-HWY LIGHTED/ON,,,4/20/2021 8:36:07 AM,False,5204,Accepted,
28034213,0568000,LOUISVILLE METRO POLICE DEPT,Accepted,JEFFERSON,I 0265,,,,,,,I 0265,I265 S,I 0265,I265 S EXIT34 OFF RAMP TO KY22 W,38.309901107,-85.573869348,0.150,4/19/2021 12:00:00 AM,1504,1,1,0,0,CLEAR,DRY,False,OTHER COLLISIONS ON SHOULDER,SINGLE VEHICLE,STRAIGHT & LEVEL,DAYLIGHT,,,4/20/2021 8:36:11 AM,False,7751,Accepted,
28029701,0568000,LOUISVILLE METRO POLICE DEPT,Accepted,JEFFERSON,,2206,HIKES,LN,,,,,,,,38.199154729,-85.659865324,0.856,4/19/2021 12:00:00 AM,0002,2,2,0,0,CLEAR,DRY,False,REAR END IN TRAFFIC LANES BOTH VEHICLES MOVING,REAR END,STRAIGHT & LEVEL,DARK-HWY LIGHTED/ON,,,4/19/2021 9:09:13 AM,False,5305,Accepted,
28029708,0568000,LOUISVILLE METRO POLICE DEPT,Accepted,JEFFERSON,I 0264,,I264 E,,,I 0065,I65 W EXIT12 RAMP TO I65 S,,,,,38.189711931,-85.733920302,11.840,4/19/2021 12:00:00 AM,0451,2,2,0,1,CLEAR,DRY,True,SIDESWIPE-SAME DIRECTION,SIDESWIPE-SAME DIRECTION,CURVE & LEVEL,DARK-HWY LIGHTED/ON,,,4/19/2021 9:09:40 AM,False,5348,Accepted,
28056476,0568000,LOUISVILLE METRO POLICE DEPT,Accepted,JEFFERSON,KY1065,4813,OUTER,LOOP,,,,,,,,38.138009413,-85.673329729,6.754,4/19/2021 12:00:00 AM,1805,2,2,0,0,CLOUDY,DRY,False,COLLISION IN PARKING LOT,BACKING,STRAIGHT & LEVEL,DAYLIGHT,,,4/26/2021 9:33:33 AM,False,2583,Accepted,
28056526,0568000,LOUISVILLE METRO POLICE DEPT,Accepted,JEFFERSON,,4740,NEW CHAMBERLAIN,LN,,,,,,,,38.315334504,-85.561429190,0.432,4/19/2021 12:00:00 AM,2159,1,1,0,0,CLEAR,DRY,False,COLLISION IN PARKING LOT,SINGLE VEHICLE,STRAIGHT & LEVEL,DARK-HWY LIGHTED/ON,,,4/26/2021 9:36:50 AM,False,5056,Accepted,
28038711,0568000,LOUISVILLE METRO POLICE DEPT,Accepted,JEFFERSON,,,16TH,ST,S,US0150,BROADWAY,,,,,38.248461487,-85.778267029,0.726,4/19/2021 12:00:00 AM,1945,2,2,0,4,CLEAR,DRY,False,ANGLE COLLISION - OTHER,ANGLE,STRAIGHT & LEVEL,DAYLIGHT,,,4/21/2021 8:39:34 AM,False,5008,Accepted,
28029706,0568000,LOUISVILLE METRO POLICE DEPT,Accepted,JEFFERSON,,,34TH,ST,S,,GREENWOOD,,,,,38.243192999,-85.809590564,1.339,4/19/2021 12:00:00 AM,0149,2,2,0,3,CLEAR,DRY,False,ANGLE COLLISION - OTHER,ANGLE,STRAIGHT & LEVEL,DUSK,,,4/19/2021 9:09:34 AM,False,7309,Accepted,
28034190,0568000,LOUISVILLE METRO POLICE DEPT,Accepted,JEFFERSON,,,GRADE,LN,,KY1065,OUTER,,,,,38.130020539,-85.737504004,0.032,4/19/2021 12:00:00 AM,0650,2,2,0,0,CLEAR,DRY,False,REAR END - ONE VEHICLE TURNING RIGHT,REAR END,CURVE & GRADE,DAWN,,,4/20/2021 8:34:56 AM,False,4693,Accepted,
28034191,0568000,LOUISVILLE METRO POLICE DEPT,Accepted,JEFFERSON,KY0155,,TAYLORSVILLE,RD,,,MCMAHAN,,,,,38.219482805,-85.619547693,12.986,4/19/2021 12:00:00 AM,0805,2,2,0,1,CLEAR,DRY,False,ANGLE COLLISION - OTHER,ANGLE,STRAIGHT & LEVEL,DAYLIGHT,,,4/20/2021 8:34:59 AM,False,4693,Accepted,
28034994,0561500,UNIV. OF LOUISVILLE POLICE,Accepted,JEFFERSON,US0060A,,EASTERN,PKWY,,,,,CRITTENDEN,,ARTHUR,38.211984357,-85.752304336,3.996,4/19/2021 12:00:00 AM,1832,2,2,0,0,CLEAR,DRY,True,SIDESWIPE COLLISION - SAME DIRECTION,SIDESWIPE-SAME DIRECTION,STRAIGHT & LEVEL,DAYLIGHT,,,4/20/2021 11:31:12 AM,False,5690,Accepted,
28038706,0568000,LOUISVILLE METRO POLICE DEPT,Accepted,JEFFERSON,,,LIBERTY,ST,W,KY1020,3RD,,,,,38.252881711,-85.755495436,0.699,4/19/2021 12:00:00 AM,1505,2,2,0,0,CLEAR,DRY,False,ANGLE COLLISION - ONE VEHICLE TURNING RIGHT,ANGLE,STRAIGHT & LEVEL,DAYLIGHT,,,4/21/2021 8:39:21 AM,False,2854,Accepted,
28034167,0568000,LOUISVILLE METRO POLICE DEPT,Accepted,JEFFERSON,,7513,MANSLICK,RD,,,,,,,,38.147003690,-85.790370560,0.421,4/19/2021 12:00:00 AM,1033,1,1,0,0,CLEAR,DRY,False,COLLISION WITH FIXED OBJECT NON - INTERSECTION - FIRST EVENT COLLISION 09 - 32 EXCLUDING 16,SINGLE VEHICLE,CURVE & GRADE,DAYLIGHT,,,4/20/2021 8:34:24 AM,False,7232,Accepted,
28034177,0568000,LOUISVILLE METRO POLICE DEPT,Accepted,JEFFERSON,US0150,,BROADWAY,,E,KY0864,CAMPBELL,,,,,38.244490650,-85.737537443,3.459,4/19/2021 12:00:00 AM,1127,2,2,0,0,CLEAR,DRY,False,ANGLE COLLISION - OTHER,ANGLE,STRAIGHT & LEVEL,DAYLIGHT,,,4/20/2021 8:34:38 AM,False,5251,Accepted,
28034193,0568000,LOUISVILLE METRO POLICE DEPT,Accepted,JEFFERSON,KY0864,,BEULAH CHURCH,RD,,,COOPER CHAPEL,,,,,38.109211885,-85.616110022,2.300,4/19/2021 12:00:00 AM,1504,2,2,0,0,CLEAR,DRY,False,ANGLE COLLISION - OTHER,ANGLE,STRAIGHT & LEVEL,DAYLIGHT,,,4/20/2021 8:35:06 AM,False,7799,Accepted,
28034201,0568000,LOUISVILLE METRO POLICE DEPT,Accepted,JEFFERSON,KY1934,,CANE RUN,RD,,,ROCKFORD,,,,,38.183783569,-85.855232841,7.725,4/19/2021 12:00:00 AM,1515,2,2,0,1,CLEAR,DRY,False,OTHER INTERSECTION COLLISIONS,REAR END,STRAIGHT & LEVEL,DAYLIGHT,,,4/20/2021 8:35:28 AM,False,5318,Accepted,
28034202,0568000,LOUISVILLE METRO POLICE DEPT,Accepted,JEFFERSON,US0031W,,DIXIE,HWY,,,,,,,,38.170926748,-85.826706353,13.491,4/19/2021 12:00:00 AM,1343,3,3,0,0,CLEAR,DRY,False,REAR END IN TRAFFIC LANES BOTH VEHICLES MOVING,REAR END,STRAIGHT & LEVEL,DAYLIGHT,,,4/20/2021 8:35:31 AM,False,7234,Accepted,
28034209,0568000,LOUISVILLE METRO POLICE DEPT,Accepted,JEFFERSON,,,PENNSYLVANIA RUN,RD,,,,,,,,38.121080840,-85.629585172,0.373,4/19/2021 12:00:00 AM,2212,2,1,0,1,CLEAR,DRY,False,COLLISION WITH PEDESTRIAN NON - INTERSECTION,SINGLE VEHICLE,STRAIGHT & LEVEL,DARK-HWY NOT LIGHTED,,,4/20/2021 8:35:54 AM,False,5141,Accepted,
28130452,0568000,LOUISVILLE METRO POLICE DEPT,Accepted,JEFFERSON,,800,ZORN,AVE,,,,,,,,38.271659060,-85.694840646,1.290,4/19/2021 12:00:00 AM,2340,1,1,0,1,CLEAR,DRY,False,COLLISION IN PARKING LOT,SINGLE VEHICLE,STRAIGHT & LEVEL,DARK-HWY LIGHTED/ON,,,5/14/2021 9:08:20 AM,False,7012,Accepted,
28061175,0568000,LOUISVILLE METRO POLICE DEPT,Accepted,JEFFERSON,KY1703,,NEWBURG,RD,,,,,,,,38.199996465,-85.684840531,1.988,4/18/2021 12:00:00 AM,1455,2,2,0,0,CLEAR,DRY,False,REAR END IN TRAFFIC LANES BOTH VEHICLES MOVING,REAR END,STRAIGHT & LEVEL,DAYLIGHT,,,4/27/2021 9:10:28 AM,False,5346,Accepted,
28029689,0568000,LOUISVILLE METRO POLICE DEPT,Accepted,JEFFERSON,KY1934,,GREENBELT,HWY,,,GLOBAL,,,,,38.139528400,-85.887586042,3.908,4/18/2021 12:00:00 AM,1035,2,2,0,0,CLEAR,DRY,False,OTHER INTERSECTION COLLISIONS,REAR END,STRAIGHT & LEVEL,DAYLIGHT,,,4/19/2021 9:08:15 AM,False,7205,Accepted,
28029696,0568000,LOUISVILLE METRO POLICE DEPT,Accepted,JEFFERSON,,,LEXINGTON,RD,,,,,PAYNE,,COOPER,38.251043483,-85.722090508,0.649,4/18/2021 12:00:00 AM,0058,1,1,0,0,CLEAR,DRY,False,COLLISION WITH FIXED OBJECT NON - INTERSECTION - FIRST EVENT COLLISION 09 - 32 EXCLUDING 16,SINGLE VEHICLE,CURVE & LEVEL,DARK-HWY LIGHTED/ON,,,4/19/2021 9:08:53 AM,False,5197,Accepted,
28029686,0568000,LOUISVILLE METRO POLICE DEPT,Accepted,JEFFERSON,US0031E,1591,BARDSTOWN,RD,,,,,,,,38.230614818,-85.704469745,14.353,4/18/2021 12:00:00 AM,0804,1,1,0,0,CLOUDY,DRY,False,COLLISION WITH FIXED OBJECT NON - INTERSECTION - FIRST EVENT COLLISION 09 - 32 EXCLUDING 16,SINGLE VEHICLE,STRAIGHT & LEVEL,DARK-HWY LIGHTED/ON,,,4/19/2021 9:08:05 AM,False,7570,Accepted,
28029698,0568000,LOUISVILLE METRO POLICE DEPT,Accepted,JEFFERSON,US0150,1155,BROADWAY,,E,,,,BARRET,,ST ANTHONY,38.244118785,-85.732063535,3.822,4/18/2021 12:00:00 AM,2045,2,2,0,0,CLEAR,DRY,False,1 VEHICLE PARKED POSITION (NOT PARKING LOT/DRIVEWAY),REAR END,STRAIGHT & LEVEL,DARK-HWY LIGHTED/ON,,,4/19/2021 9:09:00 AM,False,5274,Accepted,
28029703,0568000,LOUISVILLE METRO POLICE DEPT,Accepted,JEFFERSON,KY1747,2901,FERN VALLEY,RD,,,,,,,,38.157057641,-85.709254427,1.260,4/18/2021 12:00:00 AM,2325,1,1,0,0,CLEAR,DRY,False,COLLISION WITH FIXED OBJECT NON - INTERSECTION - FIRST EVENT COLLISION 09 - 32 EXCLUDING 16,SINGLE VEHICLE,STRAIGHT & LEVEL,DARK-HWY LIGHTED/ON,,,4/19/2021 9:09:23 AM,False,5336,Accepted,
28038722,0568000,LOUISVILLE METRO POLICE DEPT,Accepted,JEFFERSON,I 0065,,I65 N,,,,,,,,,38.184541804,-85.723377898,130.224,4/18/2021 12:00:00 AM,1334,2,2,0,3,CLEAR,DRY,False,OTHER ROADWAY OR MID-BLOCK COLLISION,REAR END,STRAIGHT & LEVEL,DAYLIGHT,,,4/21/2021 8:40:06 AM,False,5027,Accepted,
28029678,0568000,LOUISVILLE METRO POLICE DEPT,Accepted,JEFFERSON,I 0264,,,,,US0264E,I264 E EXIT16 OFF RAMP TO US31E S,,,,,38.210566283,-85.670854528,0.327,4/18/2021 12:00:00 AM,0115,3,3,0,5,CLEAR,DRY,False,REAR END IN TRAFFIC LANES BOTH VEHICLES MOVING,REAR END,STRAIGHT & LEVEL,DARK-HWY LIGHTED/ON,,,4/19/2021 9:07:34 AM,True,5305,Accepted,
28029680,0568000,LOUISVILLE METRO POLICE DEPT,Accepted,JEFFERSON,,6513,SKY BLUE,AVE,,,,,,,,38.156008342,-85.850764269,0.834,4/18/2021 12:00:00 AM,0506,1,1,0,1,CLEAR,DRY,False,OTHER COLLISIONS ON SHOULDER,SINGLE VEHICLE,STRAIGHT & LEVEL,DARK-HWY NOT LIGHTED,,,4/19/2021 9:07:45 AM,False,5212,Accepted,
28029681,0568000,LOUISVILLE METRO POLICE DEPT,Accepted,JEFFERSON,I 0064,,I64 E,,,,,,,,,38.222605235,-85.573944102,15.302,4/18/2021 12:00:00 AM,0112,2,2,0,0,CLEAR,DRY,False,1 VEHICLE PARKED POSITION (NOT PARKING LOT/DRIVEWAY),REAR END,STRAIGHT & LEVEL,DARK-HWY LIGHTED/ON,,,4/19/2021 9:07:49 AM,False,7436,Accepted,
28029687,0568000,LOUISVILLE METRO POLICE DEPT,Accepted,JEFFERSON,KY0061,,PRESTON,HWY,,KY1747,FERN VALLEY,,,,,38.156889908,-85.697079762,5.369,4/18/2021 12:00:00 AM,0734,2,2,0,0,CLEAR,DRY,True,OTHER INTERSECTION COLLISIONS,REAR END,STRAIGHT & LEVEL,DAYLIGHT,,,4/19/2021 9:08:08 AM,False,7669,Accepted,
28029709,0568000,LOUISVILLE METRO POLICE DEPT,Accepted,JEFFERSON,,,3RD,ST,S,,ASHBURY,,,,,38.172305344,-85.767876762,1.837,4/18/2021 12:00:00 AM,2116,2,2,0,0,CLEAR,DRY,False,SIDESWIPE-SAME DIRECTION,SIDESWIPE-SAME DIRECTION,STRAIGHT & LEVEL,DARK-HWY LIGHTED/ON,,,4/19/2021 9:09:43 AM,False,5324,Accepted,
28029710,0568000,LOUISVILLE METRO POLICE DEPT,Accepted,JEFFERSON,KY1020,,2ND,ST,S,US0150,BROADWAY,,,,,38.245837880,-85.755048046,12.097,4/18/2021 12:00:00 AM,1825,2,2,0,0,CLEAR,DRY,False,OPPOSING LEFT TURN,OPPOSING LEFT TURN,STRAIGHT & LEVEL,DAYLIGHT,,,4/19/2021 9:09:46 AM,False,7325,Accepted,
28029700,0568000,LOUISVILLE METRO POLICE DEPT,Accepted,JEFFERSON,,2822,SLEVIN,ST,,,28TH,,,,,38.266310567,-85.795645499,0.401,4/18/2021 12:00:00 AM,2231,3,3,0,0,CLEAR,DRY,False,COLLISION WITH PARKED VEHICLE,SIDESWIPE-SAME DIRECTION,STRAIGHT & LEVEL,DARK-HWY LIGHTED/ON,,,4/19/2021 9:09:08 AM,False,5362,Accepted,
28029682,0568000,LOUISVILLE METRO POLICE DEPT,Accepted,JEFFERSON,KY3082,,BANK,ST,,,,,30TH,,31ST,38.271625762,-85.797347712,0.708,4/18/2021 12:00:00 AM,0415,2,2,0,0,CLEAR,DRY,True,REAR END IN TRAFFIC LANES BOTH VEHICLES MOVING,REAR END,STRAIGHT & LEVEL,DARK-HWY NOT LIGHTED,,,4/19/2021 9:07:52 AM,False,7325,Accepted,
28029690,0568000,LOUISVILLE METRO POLICE DEPT,Accepted,JEFFERSON,,,SMYRNA,PKWY,,,,,,,,38.118478013,-85.643548985,1.258,4/18/2021 12:00:00 AM,1734,3,3,0,0,CLEAR,DRY,False,OTHER ROADWAY OR MID-BLOCK COLLISION,REAR END,STRAIGHT & LEVEL,DAYLIGHT,,,4/19/2021 9:08:19 AM,False,7486,Accepted,
28029707,0568000,LOUISVILLE METRO POLICE DEPT,Accepted,JEFFERSON,,1837,JEFFERSON,ST,W,,,,18TH,,19TH,38.256595195,-85.781768844,1.632,4/18/2021 12:00:00 AM,1759,1,1,0,0,CLEAR,DRY,False,COLLISION WITH FIXED OBJECT NON - INTERSECTION - FIRST EVENT COLLISION 09 - 32 EXCLUDING 16,SINGLE VEHICLE,STRAIGHT & LEVEL,DAYLIGHT,,,4/19/2021 9:09:37 AM,False,5021,Accepted,
28029699,0568000,LOUISVILLE METRO POLICE DEPT,Accepted,JEFFERSON,,9323,LONGHORN,CT,,,,,,,,38.115415617,-85.764192354,0.072,4/18/2021 12:00:00 AM,1400,1,1,0,0,CLEAR,DRY,True,COLLISION WITH FIXED OBJECT NON - INTERSECTION - FIRST EVENT COLLISION 09 - 32 EXCLUDING 16,SINGLE VEHICLE,STRAIGHT & LEVEL,DAYLIGHT,,,4/19/2021 9:09:03 AM,False,5209,Accepted,
28029675,0568000,LOUISVILLE METRO POLICE DEPT,Accepted,JEFFERSON,,2200,MAIN,ST,W,US0150,22ND,,,,,38.259951508,-85.786364790,0.003,4/18/2021 12:00:00 AM,0021,2,2,0,1,CLEAR,DRY,False,ANGLE COLLISION - OTHER,ANGLE,STRAIGHT & LEVEL,DARK-HWY LIGHTED/ON,,,4/19/2021 9:07:22 AM,False,5362,Accepted,
28029676,0568000,LOUISVILLE METRO POLICE DEPT,Accepted,JEFFERSON,I 0064,,I64 E,,,,,,,,,38.233232365,-85.610049634,13.248,4/18/2021 12:00:00 AM,0156,3,3,0,0,CLEAR,DRY,False,SIDESWIPE COLLISION - SAME DIRECTION,SIDESWIPE-SAME DIRECTION,STRAIGHT & LEVEL,DARK-HWY LIGHTED/ON,,,4/19/2021 9:07:26 AM,False,7660,Accepted,