IncidentID,AgencyORI,AgencyName,IncidentStatusDesc,County,RdwyNumber,Street,RoadwayName,StreetSfx,StreetDir,IntersectionRdwy,IntersectionRdwyName,BetweenStRdwy1,BetweenStRdwyName1,BetweenStRdwy2,BetweenStRdwyName2,Latitude,Longitude,Milepoint,CollisionDate,CollisionTime,UnitsInvolved,MotorVehiclesInvolved,NumberKilled,NumberInjured,Weather,RdwyConditionCode,HitandRun,DirAnalysisCode,MannerofCollision,RdwyCharacter,LightCondition,RampFromRdwyId,RampToRdwyId,AcceptedDate,IsSecondaryCollision,OwnerBadge,IncidentStatus,
28029684,0568000,LOUISVILLE METRO POLICE DEPT,Accepted,JEFFERSON,I 0264,,I264 E,,,,,,,,,38.190018410,-85.732868538,11.898,4/18/2021 12:00:00 AM,0024,2,2,0,2,CLEAR,DRY,False,OTHER ROADWAY OR MID-BLOCK COLLISION,REAR TO REAR,STRAIGHT & LEVEL,DARK-HWY NOT LIGHTED,,,4/19/2021 9:07:55 AM,False,5196,Accepted,
28029685,0568000,LOUISVILLE METRO POLICE DEPT,Accepted,JEFFERSON,US0060,,SHELBYVILLE,RD,,,WHITTINGTON,,,,,38.246832978,-85.581207758,7.623,4/18/2021 12:00:00 AM,0701,2,2,0,0,CLEAR,DRY,False,OTHER INTERSECTION COLLISIONS,REAR END,STRAIGHT & LEVEL,DAYLIGHT,,,4/19/2021 9:08:01 AM,False,7440,Accepted,
28029693,0568000,LOUISVILLE METRO POLICE DEPT,Accepted,JEFFERSON,KY0155,,TAYLORSVILLE,RD,,,,,POPE LICK,KY2265,ROUTT,38.190877431,-85.485526748,4.797,4/18/2021 12:00:00 AM,1733,5,5,0,1,CLEAR,DRY,False,OTHER ROADWAY OR MID-BLOCK COLLISION,REAR END,STRAIGHT & LEVEL,DAYLIGHT,,,4/19/2021 9:08:33 AM,False,7278,Accepted,
28029694,0568000,LOUISVILLE METRO POLICE DEPT,Accepted,JEFFERSON,US0031W,,DIXIE,HWY,,,BLEVINS GAP,,,,,38.071925234,-85.884716926,5.937,4/18/2021 12:00:00 AM,1450,2,2,0,0,CLEAR,DRY,False,SIDESWIPE-SAME DIRECTION,SIDESWIPE-SAME DIRECTION,STRAIGHT & LEVEL,DAYLIGHT,,,4/19/2021 9:08:38 AM,False,5344,Accepted,
28029677,0568000,LOUISVILLE METRO POLICE DEPT,Accepted,JEFFERSON,,1101,GRINSTEAD,DR,,KY1703,BAXTER,,,,,38.238411321,-85.720979066,,4/17/2021 12:00:00 AM,2248,4,4,0,0,CLEAR,DRY,False,OTHER INTERSECTION COLLISIONS,REAR TO REAR,STRAIGHT & LEVEL,DARK-HWY LIGHTED/ON,,,4/19/2021 9:07:30 AM,False,5274,Accepted,
28029657,0568000,LOUISVILLE METRO POLICE DEPT,Accepted,JEFFERSON,I 0064,,I64 E,,,,,,,,,38.267617727,-85.780734395,2.941,4/17/2021 12:00:00 AM,1603,3,3,0,0,CLOUDY,DRY,False,SIDESWIPE COLLISION - SAME DIRECTION,SIDESWIPE-SAME DIRECTION,CURVE & GRADE,DAYLIGHT,,,4/19/2021 9:06:35 AM,False,7292,Accepted,
28029667,0568000,LOUISVILLE METRO POLICE DEPT,Accepted,JEFFERSON,,7110,GERBER,AVE,,,,,,,,38.149653523,-85.766743351,0.190,4/17/2021 12:00:00 AM,1600,1,1,0,0,CLEAR,DRY,True,COLLISION WITH FIXED OBJECT NON - INTERSECTION - FIRST EVENT COLLISION 09 - 32 EXCLUDING 16,SINGLE VEHICLE,STRAIGHT & LEVEL,DAYLIGHT,,,4/19/2021 9:06:52 AM,False,5312,Accepted,
28029674,0568000,LOUISVILLE METRO POLICE DEPT,Accepted,JEFFERSON,,,CENTRAL,AVE,,,LINDBERGH,,,,,38.212837002,-85.781113347,1.545,4/17/2021 12:00:00 AM,1920,2,2,0,1,CLEAR,DRY,False,ANGLE COLLISION - OTHER,ANGLE,STRAIGHT & LEVEL,DAYLIGHT,,,4/19/2021 9:07:18 AM,False,5332,Accepted,
28029643,0568000,LOUISVILLE METRO POLICE DEPT,Accepted,JEFFERSON,US0060A,,EASTERN,PKWY,,,BARRET,,,,,38.226522625,-85.720434045,6.106,4/17/2021 12:00:00 AM,0230,1,1,0,0,CLEAR,DRY,False,COLLISION WITH FIXED OBJECT IN INTERSECTION - FIRST EVENT COLLISION 09 - 32,SINGLE VEHICLE,CURVE & HILLCREST,DARK-HWY LIGHTED/ON,,,4/19/2021 9:05:35 AM,False,5117,Accepted,
28029650,0568000,LOUISVILLE METRO POLICE DEPT,Accepted,JEFFERSON,US0060,,SHELBYVILLE,RD,,,,,,,,38.246382282,-85.576685187,7.864,4/17/2021 12:00:00 AM,1059,2,2,0,0,CLOUDY,DRY,False,REAR END IN TRAFFIC LANES BOTH VEHICLES MOVING,REAR END,STRAIGHT & LEVEL,DAYLIGHT,,,4/19/2021 9:06:16 AM,False,2218,Accepted,
28030646,0568000,LOUISVILLE METRO POLICE DEPT,Accepted,JEFFERSON,,,NORRIS,PL,,,DEERWOOD,,,,,38.227001603,-85.708438302,0.391,4/17/2021 12:00:00 AM,1910,2,1,0,0,CLEAR,DRY,False,ANGLE COLLISION - OTHER,ANGLE,STRAIGHT & LEVEL,DUSK,,,4/19/2021 1:10:48 PM,False,7916,Accepted,
28038685,0568000,LOUISVILLE METRO POLICE DEPT,Accepted,JEFFERSON,KY1934,,GREENBELT,HWY,,,LOWER HUNTERS,,,,,38.170142775,-85.875946720,6.201,4/17/2021 12:00:00 AM,0155,1,1,1,1,CLEAR,DRY,False,COLLISION WITH FIXED OBJECT IN INTERSECTION - FIRST EVENT COLLISION 09 - 32,SINGLE VEHICLE,STRAIGHT & LEVEL,DARK-HWY NOT LIGHTED,,,4/21/2021 8:38:31 AM,False,6886,Accepted,
28042718,0568000,LOUISVILLE METRO POLICE DEPT,Accepted,JEFFERSON,,,AUTUMN LAKE,DR,,,,,,,,38.079036800,-85.876626346,0.584,4/17/2021 12:00:00 AM,0451,2,0,0,1,CLEAR,DRY,False,OTHER ROADWAY OR MID-BLOCK COLLISION,SINGLE VEHICLE,STRAIGHT & LEVEL,DARK (UNKNOWN ROADWAY LIGHTING),,,4/22/2021 7:53:00 AM,False,5356,Accepted,
28056450,0568000,LOUISVILLE METRO POLICE DEPT,Accepted,JEFFERSON,I 0065,,,,,,,,,,,38.250259526,-85.747589738,0.018,4/17/2021 12:00:00 AM,1940,1,1,0,0,CLEAR,DRY,False,OTHER RAMP RELATED COLLISIONS NOT LISTED ABOVE,SINGLE VEHICLE,CURVE & LEVEL,DUSK,W MUHAMMAD ALI BLVD,I 0065,4/26/2021 9:31:32 AM,False,7430,Accepted,
28029679,0568000,LOUISVILLE METRO POLICE DEPT,Accepted,JEFFERSON,US0031W,,DR W J HODGE,ST,,,HALE,,,,,38.238266450,-85.788454369,18.903,4/17/2021 12:00:00 AM,0451,2,2,0,1,CLEAR,DRY,False,SIDESWIPE-SAME DIRECTION,SIDESWIPE-SAME DIRECTION,STRAIGHT & LEVEL,DARK-HWY LIGHTED/ON,,,4/19/2021 9:07:41 AM,False,5039,Accepted,
28029670,0568000,LOUISVILLE METRO POLICE DEPT,Accepted,JEFFERSON,,833,31ST,ST,S,,,,,,,38.246088325,-85.803855595,0.378,4/17/2021 12:00:00 AM,1852,2,2,0,0,CLEAR,DRY,True,1 VEHICLE PARKED POSITION (NOT PARKING LOT/DRIVEWAY),REAR END,STRAIGHT & GRADE,DAYLIGHT,,,4/19/2021 9:07:02 AM,False,7387,Accepted,
28029654,0568000,LOUISVILLE METRO POLICE DEPT,Accepted,JEFFERSON,I 0265,,,,,,,,,,,38.285037523,-85.511678640,0.199,4/17/2021 12:00:00 AM,1615,1,1,0,1,CLOUDY,DRY,False,OTHER COLLISIONS ON SHOULDER,SINGLE VEHICLE,CURVE & GRADE,DAYLIGHT,,,4/19/2021 9:06:31 AM,False,6334,Accepted,
28029647,0568000,LOUISVILLE METRO POLICE DEPT,Accepted,JEFFERSON,,,BRECKINRIDGE,ST,W,,,,6TH,,5TH,38.242223982,-85.761989594,0.432,4/17/2021 12:00:00 AM,0212,1,1,0,0,CLEAR,DRY,True,COLLISION WITH FIXED OBJECT NON - INTERSECTION - FIRST EVENT COLLISION 09 - 32 EXCLUDING 16,SINGLE VEHICLE,STRAIGHT & LEVEL,DARK-HWY LIGHTED/ON,,,4/19/2021 9:06:05 AM,False,5301,Accepted,
28035796,0568000,LOUISVILLE METRO POLICE DEPT,Accepted,JEFFERSON,,,NORRIS,PL,,,RICHMOND,,,,,38.223311852,-85.705255392,0.698,4/17/2021 12:00:00 AM,0134,2,2,0,0,CLEAR,DRY,False,ANGLE COLLISION - OTHER,ANGLE,STRAIGHT & LEVEL,DARK-HWY LIGHTED/ON,,,4/20/2021 2:49:48 PM,False,2034,Accepted,
28029705,0568000,LOUISVILLE METRO POLICE DEPT,Accepted,JEFFERSON,KY0061,,PRESTON,HWY,,,MCCAWLEY,,,,,38.144758388,-85.690256520,4.426,4/17/2021 12:00:00 AM,1926,2,2,0,0,CLEAR,DRY,False,HEAD-ON COLLISION,HEAD ON,STRAIGHT & LEVEL,DAYLIGHT,,,4/19/2021 9:09:31 AM,False,7730,Accepted,
28029669,0568000,LOUISVILLE METRO POLICE DEPT,Accepted,JEFFERSON,US0031E,,MARKET,ST,E,KY0061,PRESTON,,,,,38.254125108,-85.746101216,17.371,4/17/2021 12:00:00 AM,0643,2,2,0,0,CLEAR,DRY,False,ANGLE COLLISION - OTHER,ANGLE,STRAIGHT & LEVEL,DAWN,,,4/19/2021 9:06:56 AM,False,5135,Accepted,
28029661,0568000,LOUISVILLE METRO POLICE DEPT,Accepted,JEFFERSON,,,BLANTON,LN,,,,,,,,38.157360004,-85.833819260,0.006,4/17/2021 12:00:00 AM,1805,2,2,0,0,CLOUDY,DRY,False,1 VEHICLE ENTERING/LEAVING ENTRANCE,ANGLE,STRAIGHT & LEVEL,DAYLIGHT,,,4/19/2021 9:06:38 AM,False,7174,Accepted,
28056418,0568000,LOUISVILLE METRO POLICE DEPT,Accepted,JEFFERSON,I 0264,,I264 W,,,I 0264,I264 W EXIT15B OFF RAMP TO KY1703 S,,,,,38.201922216,-85.689707990,14.468,4/17/2021 12:00:00 AM,2304,2,2,1,0,CLEAR,DRY,False,OTHER INTERSECTION COLLISIONS,REAR END,STRAIGHT & LEVEL,DARK-HWY LIGHTED/OFF,,,4/26/2021 9:28:40 AM,False,7720,Accepted,
28046659,0568000,LOUISVILLE METRO POLICE DEPT,Accepted,JEFFERSON,US0031E,,MARKET,ST,E,,WENZEL,,,,,38.252736401,-85.734019834,16.714,4/17/2021 12:00:00 AM,1645,2,2,0,0,CLOUDY,DRY,False,SIDESWIPE-SAME DIRECTION,SIDESWIPE-SAME DIRECTION,STRAIGHT & LEVEL,DAYLIGHT,,,4/23/2021 6:53:55 AM,False,7058,Accepted,
28029621,0568000,LOUISVILLE METRO POLICE DEPT,Accepted,JEFFERSON,KY1865,,NEW CUT,RD,,,KENWOOD,,,,,38.161457982,-85.779121226,3.764,4/16/2021 12:00:00 AM,1330,2,2,0,0,CLEAR,DRY,False,ANGLE COLLISION - OTHER,ANGLE,STRAIGHT & LEVEL,DAYLIGHT,,,4/19/2021 9:03:53 AM,False,7139,Accepted,
28029636,0568000,LOUISVILLE METRO POLICE DEPT,Accepted,JEFFERSON,,1503,ARLING,AVE,,,,,,,,38.173818873,-85.786655983,0.233,4/16/2021 12:00:00 AM,1701,1,1,0,1,CLEAR,DRY,False,COLLISION WITH FIXED OBJECT NON - INTERSECTION - FIRST EVENT COLLISION 09 - 32 EXCLUDING 16,SINGLE VEHICLE,STRAIGHT & GRADE,DAYLIGHT,,,4/19/2021 9:05:05 AM,False,5252,Accepted,
28029644,0568000,LOUISVILLE METRO POLICE DEPT,Accepted,JEFFERSON,,9204,MATILDA,CT,,,,,,,,38.117063640,-85.678785458,0.040,4/16/2021 12:00:00 AM,2132,2,2,0,0,CLEAR,DRY,False,1 VEHICLE PARKED POSITION (NOT PARKING LOT/DRIVEWAY),BACKING,STRAIGHT & GRADE,DARK-HWY LIGHTED/ON,,,4/19/2021 9:05:48 AM,False,7730,Accepted,
28029697,0568000,LOUISVILLE METRO POLICE DEPT,Accepted,JEFFERSON,,,LYNN,ST,,,,,ALLENE,,MAY,38.217001931,-85.747349395,0.088,4/16/2021 12:00:00 AM,2114,4,4,0,0,CLEAR,DRY,False,1 VEHICLE PARKED POSITION (NOT PARKING LOT/DRIVEWAY),SIDESWIPE-SAME DIRECTION,STRAIGHT & LEVEL,DARK-HWY LIGHTED/OFF,,,4/19/2021 9:08:57 AM,False,7527,Accepted,
28029688,0568000,LOUISVILLE METRO POLICE DEPT,Accepted,JEFFERSON,I 0264,,I264 E EXIT15 CROSSOVER KY1703,,,,,,,,,38.201537772,-85.687643118,0.302,4/16/2021 12:00:00 AM,1535,2,2,0,1,CLEAR,DRY,False,REAR END IN TRAFFIC LANES BOTH VEHICLES MOVING,REAR END,STRAIGHT & LEVEL,DAYLIGHT,,,4/19/2021 9:08:11 AM,False,5346,Accepted,
28029648,0568000,LOUISVILLE METRO POLICE DEPT,Accepted,JEFFERSON,KY1931,4600 BLK,MANSLICK,RD,,,,,,,,38.181804635,-85.799414716,7.415,4/16/2021 12:00:00 AM,1930,2,2,0,1,CLEAR,DRY,False,REAR END IN TRAFFIC LANES BOTH VEHICLES MOVING,REAR END,STRAIGHT & GRADE,DUSK,,,4/19/2021 9:06:09 AM,False,7040,Accepted,
28029645,0568000,LOUISVILLE METRO POLICE DEPT,Accepted,JEFFERSON,US0031W,,22ND,ST,S,,BROADWAY,,,,,38.249234085,-85.788190774,19.557,4/16/2021 12:00:00 AM,1832,2,2,0,0,CLEAR,DRY,False,ANGLE COLLISION - OTHER,ANGLE,STRAIGHT & LEVEL,DAYLIGHT,,,4/19/2021 9:05:57 AM,False,5021,Accepted,
28029646,0568000,LOUISVILLE METRO POLICE DEPT,Accepted,JEFFERSON,,,MAIN,ST,W,,24TH,,,,,38.260291730,-85.789621251,0.182,4/16/2021 12:00:00 AM,2309,2,2,0,2,CLEAR,DRY,True,ANGLE COLLISION - OTHER,ANGLE,STRAIGHT & LEVEL,DARK-HWY LIGHTED/ON,,,4/19/2021 9:06:01 AM,False,7325,Accepted,
28029637,0568000,LOUISVILLE METRO POLICE DEPT,Accepted,JEFFERSON,KY1747,,HURSTBOURNE,PKWY,N,,,KY1447,WESTPORT,KY1747,KY1747 CROSSOVER,38.286772384,-85.571530522,16.968,4/16/2021 12:00:00 AM,1746,2,2,0,0,CLEAR,DRY,False,1 VEHICLE ENTERING/LEAVING ENTRANCE,ANGLE,STRAIGHT & LEVEL,DAYLIGHT,,,4/19/2021 9:05:08 AM,False,7751,Accepted,
28029663,0568000,LOUISVILLE METRO POLICE DEPT,Accepted,JEFFERSON,KY0864,,BEULAH CHURCH,RD,,I 0265,I265 W EXIT15 ON RAMP FROM KY864,,,,,38.125706540,-85.614542742,3.436,4/16/2021 12:00:00 AM,1905,2,2,0,0,CLEAR,DRY,False,ANGLE COLLISION - OTHER,ANGLE,STRAIGHT & LEVEL,DAYLIGHT,,,4/19/2021 9:06:42 AM,False,7484,Accepted,
28029653,0568000,LOUISVILLE METRO POLICE DEPT,Accepted,JEFFERSON,I 0264,,I264 E,,,,,,,,,38.231355007,-85.630462699,18.295,4/16/2021 12:00:00 AM,0617,2,2,0,2,CLEAR,DRY,False,SIDESWIPE COLLISION - SAME DIRECTION,SIDESWIPE-SAME DIRECTION,STRAIGHT & LEVEL,DAWN,,,4/19/2021 9:06:27 AM,False,7772,Accepted,
28029671,0568000,LOUISVILLE METRO POLICE DEPT,Accepted,JEFFERSON,US0031W,,DIXIE,HWY,,,STONESTREET,,,,,38.120933167,-85.855931279,9.726,4/16/2021 12:00:00 AM,2301,1,1,0,1,CLEAR,DRY,False,NON-COLLISION OBJECT COLLISION,SINGLE VEHICLE,STRAIGHT & LEVEL,DARK-HWY LIGHTED/ON,,,4/19/2021 9:07:05 AM,False,5211,Accepted,
28029562,0568000,LOUISVILLE METRO POLICE DEPT,Accepted,JEFFERSON,KY2052,,SHEPHERDSVILLE,RD,,KY0864,POPLAR LEVEL,,,,,38.160135946,-85.659987389,1.481,4/16/2021 12:00:00 AM,1222,2,2,0,0,CLEAR,DRY,True,OTHER INTERSECTION COLLISIONS,REAR END,STRAIGHT & LEVEL,DAYLIGHT,,,4/19/2021 9:03:03 AM,False,2017,Accepted,
28029563,0568000,LOUISVILLE METRO POLICE DEPT,Accepted,JEFFERSON,KY2052,,SHEPHERDSVILLE,RD,,,,,,,,38.148308254,-85.659932215,0.668,4/16/2021 12:00:00 AM,0741,2,2,0,0,CLEAR,DRY,False,1 VEHICLE ENTERING/LEAVING ENTRANCE,ANGLE,STRAIGHT & LEVEL,DAYLIGHT,,,4/19/2021 9:03:06 AM,False,4693,Accepted,
28029564,0568000,LOUISVILLE METRO POLICE DEPT,Accepted,JEFFERSON,,,WOODROW,WAY,,,,,,,,38.149337569,-85.637389879,0.490,4/16/2021 12:00:00 AM,1033,2,2,0,0,CLEAR,DRY,False,VEHICLE BACKING NON INTERSECTION,BACKING,STRAIGHT & LEVEL,DAYLIGHT,,,4/19/2021 9:03:13 AM,False,4693,Accepted,
28029619,0568000,LOUISVILLE METRO POLICE DEPT,Accepted,JEFFERSON,I 0264,,I264 E,,,I 0264,I264 E EXIT18 OFF RAMP TO KY1932,,,,,38.224810888,-85.643389173,17.459,4/16/2021 12:00:00 AM,0659,3,3,0,1,CLEAR,DRY,False,ANGLE COLLISION - OTHER,ANGLE,STRAIGHT & LEVEL,DAWN,,,4/19/2021 9:03:48 AM,True,7720,Accepted,
28029630,0568000,LOUISVILLE METRO POLICE DEPT,Accepted,JEFFERSON,,1532,9TH,ST,S,,,,7TH,,HILL,38.225880388,-85.770387317,1.425,4/16/2021 12:00:00 AM,1501,2,2,0,0,CLEAR,DRY,True,1 VEHICLE PARKED POSITION (NOT PARKING LOT/DRIVEWAY),SIDESWIPE-SAME DIRECTION,STRAIGHT & LEVEL,DAWN,,,4/19/2021 9:04:34 AM,False,7091,Accepted,
28139931,0568000,LOUISVILLE METRO POLICE DEPT,Accepted,JEFFERSON,KY0061,,PRESTON,HWY,,,KFEC GATE6 DR,,,,,38.199429997,-85.732765469,8.899,4/16/2021 12:00:00 AM,2140,2,1,0,0,CLEAR,DRY,True,COLLISION WITH BICYCLE IN INTERSECTION,SINGLE VEHICLE,STRAIGHT & LEVEL,DARK-HWY LIGHTED/ON,,,5/17/2021 8:35:22 AM,False,7972,Accepted,
28040137,0568000,LOUISVILLE METRO POLICE DEPT,Accepted,JEFFERSON,KY1931,,GREENWOOD,RD,,KY1934,GREENBELT,,,,,38.146921604,-85.886339641,0.538,4/16/2021 12:00:00 AM,1741,2,2,0,0,CLEAR,DRY,False,ANGLE COLLISION - OTHER,ANGLE,STRAIGHT & LEVEL,DAYLIGHT,,,4/21/2021 2:30:41 PM,False,2311,Accepted,
28029702,0568000,LOUISVILLE METRO POLICE DEPT,Accepted,JEFFERSON,,,HAMES,TRCE,,,,,,,,38.164203697,-85.605593578,0.343,4/16/2021 12:00:00 AM,2245,2,2,0,0,CLEAR,DRY,False,HEAD-ON COLLISION,HEAD ON,STRAIGHT & GRADE,DARK-HWY LIGHTED/ON,,,4/19/2021 9:09:18 AM,False,7449,Accepted,
28029692,0568000,LOUISVILLE METRO POLICE DEPT,Accepted,JEFFERSON,,,MUHAMMAD ALI,BLVD,E,KY0061,PRESTON,,,,,38.249976750,-85.746812246,0.724,4/16/2021 12:00:00 AM,1217,2,2,0,0,CLEAR,DRY,False,ANGLE COLLISION - OTHER,ANGLE,STRAIGHT & LEVEL,DAYLIGHT,,,4/19/2021 9:08:29 AM,False,7823,Accepted,
28029617,0568000,LOUISVILLE METRO POLICE DEPT,Accepted,JEFFERSON,,,WATTERSON,TRL,,,,,,,,38.183587187,-85.605530400,1.216,4/16/2021 12:00:00 AM,1231,2,2,0,0,CLEAR,DRY,False,REAR END IN TRAFFIC LANES BOTH VEHICLES MOVING,REAR END,STRAIGHT & LEVEL,DAYLIGHT,,,4/19/2021 9:03:34 AM,False,4693,Accepted,
28029640,0568000,LOUISVILLE METRO POLICE DEPT,Accepted,JEFFERSON,,,RODMAN,ST,,,IOWA,,,,,38.208262611,-85.770065603,0.176,4/16/2021 12:00:00 AM,2315,2,2,0,0,CLEAR,DRY,True,ANGLE COLLISION - OTHER,ANGLE,STRAIGHT & LEVEL,DARK-HWY LIGHTED/ON,,,4/19/2021 9:05:20 AM,False,5332,Accepted,
28029652,0568000,LOUISVILLE METRO POLICE DEPT,Accepted,JEFFERSON,US0031W,,DIXIE,HWY,,,PAGES,,,,,38.130170542,-85.847848189,10.500,4/16/2021 12:00:00 AM,1618,3,3,0,1,CLEAR,DRY,False,ANGLE COLLISION - OTHER,ANGLE,STRAIGHT & LEVEL,DAYLIGHT,,,4/19/2021 9:06:24 AM,False,7205,Accepted,
28019466,0568000,LOUISVILLE METRO POLICE DEPT,Accepted,JEFFERSON,I 0264,,I264 E,,,,,,,,,38.231389499,-85.630427949,18.298,4/16/2021 12:00:00 AM,0617,2,2,0,0,CLEAR,DRY,False,REAR END IN TRAFFIC LANES BOTH VEHICLES MOVING,REAR END,STRAIGHT & LEVEL,DAYLIGHT,,,4/16/2021 9:17:48 AM,True,4903,Accepted,
28029627,0568000,LOUISVILLE METRO POLICE DEPT,Accepted,JEFFERSON,,,3RD,ST,S,,GHEENS,,,,,38.168389353,-85.768534525,2.036,4/16/2021 12:00:00 AM,1418,2,2,0,0,CLEAR,DRY,False,ANGLE COLLISION - OTHER,ANGLE,STRAIGHT & LEVEL,DAYLIGHT,,,4/19/2021 9:04:17 AM,False,7234,Accepted,
28029632,0568000,LOUISVILLE METRO POLICE DEPT,Accepted,JEFFERSON,,,CHESTNUT,ST,W,,26TH,,,,,38.253000205,-85.794497986,0.352,4/16/2021 12:00:00 AM,1023,2,2,0,1,CLEAR,DRY,False,ANGLE COLLISION - OTHER,ANGLE,STRAIGHT & LEVEL,DAYLIGHT,,,4/19/2021 9:04:43 AM,False,5124,Accepted,
28029633,0568000,LOUISVILLE METRO POLICE DEPT,Accepted,JEFFERSON,I 0065,,I65 S,,,,,,,,,38.086593358,-85.701206226,123.198,4/16/2021 12:00:00 AM,1634,2,2,0,0,CLEAR,DRY,False,REAR END IN TRAFFIC LANES BOTH VEHICLES MOVING,REAR END,STRAIGHT & LEVEL,DAYLIGHT,,,4/19/2021 9:04:47 AM,False,7474,Accepted,
28029634,0568000,LOUISVILLE METRO POLICE DEPT,Accepted,JEFFERSON,US0150,,BROADWAY,,W,KY1020,2ND,,,,,38.245834540,-85.755043159,2.560,4/16/2021 12:00:00 AM,1349,2,2,0,0,CLEAR,DRY,True,ANGLE COLLISION - OTHER,ANGLE,,DAYLIGHT,,,4/19/2021 9:04:53 AM,False,7852,Accepted,
28029635,0568000,LOUISVILLE METRO POLICE DEPT,Accepted,JEFFERSON,KY1703,,BAXTER,AVE,,,ROSEWOOD,,,,,38.232768144,-85.718315973,5.076,4/16/2021 12:00:00 AM,1243,2,2,0,0,CLEAR,DRY,False,ANGLE COLLISION - OTHER,ANGLE,STRAIGHT & LEVEL,DAYLIGHT,,,4/19/2021 9:05:01 AM,False,7129,Accepted,
28029641,0568000,LOUISVILLE METRO POLICE DEPT,Accepted,JEFFERSON,I 0264,,I264 E,,,I 0264,I264 E EXIT17B OFF RAMP TO KY155 N,,,,,38.221804249,-85.649979109,17.040,4/16/2021 12:00:00 AM,2236,2,2,0,0,CLEAR,DRY,False,OTHER INTERSECTION COLLISIONS,REAR END,STRAIGHT & LEVEL,DARK-HWY LIGHTED/ON,,,4/19/2021 9:05:24 AM,False,7049,Accepted,
28029642,0568000,LOUISVILLE METRO POLICE DEPT,Accepted,JEFFERSON,US0031W,9200,DIXIE,HWY,,,,,,,,38.120663322,-85.856382718,9.696,4/16/2021 12:00:00 AM,1905,2,2,0,0,CLEAR,DRY,False,COLLISION IN PARKING LOT,ANGLE,STRAIGHT & LEVEL,DAYLIGHT,,,4/19/2021 9:05:29 AM,False,5033,Accepted,
28029624,0568000,LOUISVILLE METRO POLICE DEPT,Accepted,JEFFERSON,,,34TH,ST,S,,GRAND,,,,,38.241774439,-85.809845447,1.437,4/16/2021 12:00:00 AM,1245,2,2,0,0,CLEAR,DRY,True,ANGLE COLLISION - OTHER,ANGLE,STRAIGHT & LEVEL,DAYLIGHT,,,4/19/2021 9:03:58 AM,False,5280,Accepted,
28029625,0568000,LOUISVILLE METRO POLICE DEPT,Accepted,JEFFERSON,,4207,RESERVOIR,AVE,,,,,,,,38.193556219,-85.717017818,0.224,4/16/2021 12:00:00 AM,0825,2,2,0,0,CLEAR,DRY,True,1 VEHICLE PARKED POSITION (NOT PARKING LOT/DRIVEWAY),BACKING,STRAIGHT & LEVEL,DAYLIGHT,,,4/19/2021 9:04:05 AM,False,5203,Accepted,
28029626,0568000,LOUISVILLE METRO POLICE DEPT,Accepted,JEFFERSON,,,JOHNSONTOWN,RD,,,,,,,,38.121777329,-85.872912402,0.939,4/16/2021 12:00:00 AM,1025,2,2,0,0,CLEAR,DRY,False,OTHER ROADWAY OR MID-BLOCK COLLISION,OPPOSING LEFT TURN,STRAIGHT & LEVEL,DAYLIGHT,,,4/19/2021 9:04:09 AM,False,7234,Accepted,
28014535,0568000,LOUISVILLE METRO POLICE DEPT,Accepted,JEFFERSON,I 0265,,I265 N,,,I 0064,I64 W EXIT19B RAMP TO I265 N,,,,,38.221955429,-85.505578286,25.447,4/15/2021 12:00:00 AM,0130,2,2,0,0,CLEAR,DRY,False,COLLISION WITH FIXED OBJECT IN INTERSECTION - FIRST EVENT COLLISION 09 - 32,SIDESWIPE-SAME DIRECTION,STRAIGHT & LEVEL,DARK-HWY LIGHTED/OFF,,,4/15/2021 8:54:06 AM,False,7571,Accepted,
28017468,0561000,JEFFERSONTOWN POLICE DEPT,Accepted,JEFFERSON,KY1747,,HURSTBOURNE,PKWY,S,,,KY6159,BLUEGRASS PKWY ACCESS,I 0064,I64 E EXIT15 ON RAMP FROM KY1747 N,38.220564959,-85.580794322,11.677,4/15/2021 12:00:00 AM,1847,2,2,0,0,CLEAR,DRY,False,SIDESWIPE COLLISION - SAME DIRECTION,SIDESWIPE-SAME DIRECTION,STRAIGHT & LEVEL,DAYLIGHT,,,4/15/2021 8:11:56 PM,False,8265,Accepted,
28019421,0568000,LOUISVILLE METRO POLICE DEPT,Accepted,JEFFERSON,I 0064,,I64 W,,,,,,,,,38.235430433,-85.652562359,10.631,4/15/2021 12:00:00 AM,0908,4,4,0,0,CLEAR,DRY,False,REAR END IN TRAFFIC LANES BOTH VEHICLES MOVING,REAR END,CURVE & LEVEL,DAYLIGHT,,,4/16/2021 9:14:55 AM,False,6886,Accepted,
28019437,0568000,LOUISVILLE METRO POLICE DEPT,Accepted,JEFFERSON,US0031W,,DIXIE,HWY,,,,,ASHBY,,BROWNS PARK,38.102834559,-85.869713091,8.265,4/15/2021 12:00:00 AM,1332,2,2,0,0,CLEAR,DRY,False,1 VEHICLE ENTERING/LEAVING ENTRANCE,ANGLE,STRAIGHT & LEVEL,DAYLIGHT,,,4/16/2021 9:15:41 AM,False,2021,Accepted,