IncidentID,AgencyORI,AgencyName,IncidentStatusDesc,County,RdwyNumber,Street,RoadwayName,StreetSfx,StreetDir,IntersectionRdwy,IntersectionRdwyName,BetweenStRdwy1,BetweenStRdwyName1,BetweenStRdwy2,BetweenStRdwyName2,Latitude,Longitude,Milepoint,CollisionDate,CollisionTime,UnitsInvolved,MotorVehiclesInvolved,NumberKilled,NumberInjured,Weather,RdwyConditionCode,HitandRun,DirAnalysisCode,MannerofCollision,RdwyCharacter,LightCondition,RampFromRdwyId,RampToRdwyId,AcceptedDate,IsSecondaryCollision,OwnerBadge,IncidentStatus,
28019438,0568000,LOUISVILLE METRO POLICE DEPT,Accepted,JEFFERSON,I 0265,,I265 E,,,,,,,,,38.112003129,-85.669909201,11.980,4/15/2021 12:00:00 AM,1444,2,2,0,1,CLEAR,DRY,False,REAR END IN TRAFFIC LANES BOTH VEHICLES MOVING,REAR END,STRAIGHT & LEVEL,DAYLIGHT,,,4/16/2021 9:15:51 AM,False,7989,Accepted,
28019440,0568000,LOUISVILLE METRO POLICE DEPT,Accepted,JEFFERSON,,,GILMORE,LN,,,,,,,,38.175362171,-85.711822482,0.119,4/15/2021 12:00:00 AM,1620,3,3,0,0,CLEAR,DRY,False,REAR END IN TRAFFIC LANES BOTH VEHICLES MOVING,REAR END,STRAIGHT & GRADE,DAYLIGHT,,,4/16/2021 9:15:56 AM,False,5130,Accepted,
28019447,0568000,LOUISVILLE METRO POLICE DEPT,Accepted,JEFFERSON,KY1142,,PALATKA,RD,,,,,,,,38.153801344,-85.792895505,0.515,4/15/2021 12:00:00 AM,1634,2,2,0,1,CLEAR,DRY,False,HEAD-ON COLLISION,HEAD ON,CURVE & LEVEL,DAYLIGHT,,,4/16/2021 9:16:20 AM,False,7234,Accepted,
28014616,0560400,SHIVELY POLICE DEPARTMENT,Accepted,JEFFERSON,US0031W,4700,DIXIE,HWY,,,ROCKFORD,,,,,38.173476166,-85.823957798,13.760,4/15/2021 12:00:00 AM,0743,2,2,0,0,CLEAR,DRY,False,OTHER INTERSECTION COLLISIONS,REAR END,STRAIGHT & LEVEL,DAYLIGHT,,,4/15/2021 9:04:40 AM,False,7082,Accepted,
28019422,0568000,LOUISVILLE METRO POLICE DEPT,Accepted,JEFFERSON,KY0155,12901,TAYLORSVILLE,RD,,,,,,,,38.188153658,-85.512699893,6.279,4/15/2021 12:00:00 AM,0801,2,2,0,0,CLEAR,DRY,False,1 VEHICLE ENTERING/LEAVING ENTRANCE,ANGLE,STRAIGHT & LEVEL,DAYLIGHT,,,4/16/2021 9:14:59 AM,False,2017,Accepted,
28019423,0568000,LOUISVILLE METRO POLICE DEPT,Accepted,JEFFERSON,US0060A,,LEXINGTON,RD,,KY2048,CANNONS,,,,,38.249627384,-85.666956301,9.967,4/15/2021 12:00:00 AM,0946,3,3,0,2,CLEAR,DRY,False,ANGLE COLLISION - OTHER,ANGLE,STRAIGHT & LEVEL,DAYLIGHT,,,4/16/2021 9:15:04 AM,False,7281,Accepted,
28019462,0568000,LOUISVILLE METRO POLICE DEPT,Accepted,JEFFERSON,,,MARY,ST,,,SWAN,,,,,38.233923807,-85.737115864,0.189,4/15/2021 12:00:00 AM,1826,3,3,0,0,CLEAR,DRY,True,ANGLE COLLISION - OTHER,ANGLE,STRAIGHT & GRADE,DAYLIGHT,,,4/16/2021 9:17:32 AM,False,5204,Accepted,
28024770,0560300,ST. MATTHEWS POLICE DEPARTMENT,Accepted,JEFFERSON,US0060,,SHELBYVILLE,RD,,KY0146,NEW LA GRANGE,,,,,38.249653376,-85.615177149,5.763,4/15/2021 12:00:00 AM,1815,2,2,0,0,CLEAR,DRY,False,SIDESWIPE-SAME DIRECTION,SIDESWIPE-SAME DIRECTION,STRAIGHT & LEVEL,DAYLIGHT,,,4/17/2021 10:22:30 PM,False,9172,Accepted,
28019456,0568000,LOUISVILLE METRO POLICE DEPT,Accepted,JEFFERSON,,,FAIRGROUND,RD,,,PLUMWOOD,,,,,38.165175738,-85.585632746,0.722,4/15/2021 12:00:00 AM,2121,2,2,0,2,CLEAR,DRY,False,ANGLE COLLISION - OTHER,ANGLE,CURVE & LEVEL,DARK-HWY LIGHTED/ON,,,4/16/2021 9:16:53 AM,False,5141,Accepted,
28029651,0568000,LOUISVILLE METRO POLICE DEPT,Accepted,JEFFERSON,I 0264,,I264 E,,,,,I 0264,I264 E EXIT14 ON RAMP FROM KY864,I 0264,I264 E EXIT15 OFF RAMP TO KY1703,38.200894563,-85.694424853,14.195,4/15/2021 12:00:00 AM,0924,3,3,0,2,CLEAR,DRY,False,REAR END IN TRAFFIC LANES BOTH VEHICLES MOVING,REAR END,STRAIGHT & LEVEL,DAYLIGHT,,,4/19/2021 9:06:20 AM,False,7632,Accepted,
28019455,0568000,LOUISVILLE METRO POLICE DEPT,Accepted,JEFFERSON,,,MUHAMMAD ALI,BLVD,W,,19TH,,,,,38.253893612,-85.782301424,1.634,4/15/2021 12:00:00 AM,2049,2,2,0,2,CLEAR,DRY,False,ANGLE COLLISION - OTHER,ANGLE,STRAIGHT & LEVEL,DARK-HWY LIGHTED/ON,,,4/16/2021 9:16:51 AM,False,5008,Accepted,
28019463,0568000,LOUISVILLE METRO POLICE DEPT,Accepted,JEFFERSON,KY2054,,ALGONQUIN,PKWY,,,,,,,,38.224065992,-85.805219227,0.950,4/15/2021 12:00:00 AM,2329,1,1,0,0,CLEAR,DRY,False,COLLISION WITH FIXED OBJECT NON - INTERSECTION - FIRST EVENT COLLISION 09 - 32 EXCLUDING 16,SINGLE VEHICLE,STRAIGHT & LEVEL,DARK-HWY LIGHTED/ON,,,4/16/2021 9:17:37 AM,False,7312,Accepted,
28056475,0568000,LOUISVILLE METRO POLICE DEPT,Accepted,JEFFERSON,I 0065,,I65 S,,,,,I 0065,I65 S EXIT125 ON RAMP FROM KY481,I 0065,I65 S EXIT10 RAMP TO I65,38.114056185,-85.701718071,125.093,4/15/2021 12:00:00 AM,1730,2,2,0,2,CLOUDY,DRY,False,REAR END IN TRAFFIC LANES BOTH VEHICLES MOVING,REAR END,STRAIGHT & LEVEL,DAYLIGHT,,,4/26/2021 9:33:26 AM,False,2583,Accepted,
28019441,0568000,LOUISVILLE METRO POLICE DEPT,Accepted,JEFFERSON,,,GRADE,LN,,,,KY1747,FERN VALLEY,,CRITTENDEN,38.155357452,-85.732815594,2.240,4/15/2021 12:00:00 AM,1530,3,3,0,1,CLEAR,DRY,False,OTHER ROADWAY OR MID-BLOCK COLLISION,REAR END,STRAIGHT & LEVEL,DAYLIGHT,,,4/16/2021 9:16:00 AM,False,2324,Accepted,
28019442,0568000,LOUISVILLE METRO POLICE DEPT,Accepted,JEFFERSON,,,GRINSTEAD,DR,,,PLEASANTVIEW,,,,,38.252482065,-85.685424059,1.080,4/15/2021 12:00:00 AM,1645,2,2,0,0,CLEAR,DRY,False,ANGLE COLLISION - ONE VEHICLE TURNING LEFT,ANGLE,STRAIGHT & GRADE,DAYLIGHT,,,4/16/2021 9:16:05 AM,False,2413,Accepted,
28019443,0568000,LOUISVILLE METRO POLICE DEPT,Accepted,JEFFERSON,,,BRASHEAR,DR,,,,,13TH,,11TH,38.225151888,-85.775625303,0.149,4/15/2021 12:00:00 AM,1541,2,2,0,0,CLEAR,DRY,True,SIDESWIPE COLLISION - SAME DIRECTION,SIDESWIPE-SAME DIRECTION,STRAIGHT & LEVEL,DAYLIGHT,,,4/16/2021 9:16:08 AM,False,5318,Accepted,
28019444,0568000,LOUISVILLE METRO POLICE DEPT,Accepted,JEFFERSON,US0031E,,BARDSTOWN,RD,,,,,,,,38.217386996,-85.676850365,12.550,4/15/2021 12:00:00 AM,0916,2,2,0,1,CLEAR,DRY,False,1 VEHICLE ENTERING/LEAVING ENTRANCE,ANGLE,STRAIGHT & LEVEL,DAYLIGHT,,,4/16/2021 9:16:12 AM,False,6813,Accepted,
28029561,0568000,LOUISVILLE METRO POLICE DEPT,Accepted,JEFFERSON,US0150,,BROADWAY,,E,KY0061,JACKSON,,,,,38.245100571,-85.745502926,3.070,4/15/2021 12:00:00 AM,1730,2,2,0,2,CLEAR,DRY,False,ANGLE COLLISION - ONE VEHICLE TURNING LEFT,ANGLE,STRAIGHT & LEVEL,DAYLIGHT,,,4/19/2021 9:02:58 AM,False,7058,Accepted,
28019433,0568000,LOUISVILLE METRO POLICE DEPT,Accepted,JEFFERSON,,,26TH,ST,S,,CHESTNUT,,,,,38.252983089,-85.794462427,0.534,4/15/2021 12:00:00 AM,0926,2,2,0,2,CLEAR,DRY,False,ANGLE COLLISION - OTHER,ANGLE,STRAIGHT & LEVEL,DAYLIGHT,,,4/16/2021 9:15:38 AM,False,7220,Accepted,
28019461,0568000,LOUISVILLE METRO POLICE DEPT,Accepted,JEFFERSON,,1314,BRECKINRIDGE,ST,E,,,,,,,38.240512777,-85.730856718,0.295,4/15/2021 12:00:00 AM,0728,1,1,0,0,CLEAR,DRY,False,OTHER ROADWAY OR MID-BLOCK COLLISION,SINGLE VEHICLE,STRAIGHT & GRADE,DAYLIGHT,,,4/16/2021 9:17:27 AM,False,7376,Accepted,
28019445,0568000,LOUISVILLE METRO POLICE DEPT,Accepted,JEFFERSON,US0150,,BROADWAY,,E,KY0864,SHELBY,,,,,38.244699407,-85.739567442,3.402,4/15/2021 12:00:00 AM,1618,2,2,0,1,CLEAR,DRY,True,ANGLE COLLISION - OTHER,ANGLE,STRAIGHT & LEVEL,DAYLIGHT,,,4/16/2021 9:16:16 AM,False,5338,Accepted,
28019451,0568000,LOUISVILLE METRO POLICE DEPT,Accepted,JEFFERSON,,,ST LOUIS,AVE,,,TEMPLE,,,,,38.233972516,-85.792046866,0.170,4/15/2021 12:00:00 AM,1905,2,2,0,0,CLEAR,DRY,False,SIDESWIPE-SAME DIRECTION,SIDESWIPE-SAME DIRECTION,STRAIGHT & LEVEL,DAYLIGHT,,,4/16/2021 9:16:39 AM,False,5303,Accepted,
28019453,0568000,LOUISVILLE METRO POLICE DEPT,Accepted,JEFFERSON,KY1934,,CANE RUN,RD,,,TEAKWOOD,,,,,38.187416068,-85.851631221,8.044,4/15/2021 12:00:00 AM,2150,2,2,0,1,CLEAR,DRY,False,OPPOSING LEFT TURN,OPPOSING LEFT TURN,STRAIGHT & LEVEL,DARK-HWY LIGHTED/ON,,,4/16/2021 9:16:47 AM,False,7973,Accepted,
28019459,0568000,LOUISVILLE METRO POLICE DEPT,Accepted,JEFFERSON,US0031W,,22ND,ST,S,,BROADWAY,,,,,38.249301172,-85.788184018,19.553,4/15/2021 12:00:00 AM,2105,2,2,0,1,CLEAR,DRY,False,SIDESWIPE-SAME DIRECTION,SIDESWIPE-SAME DIRECTION,STRAIGHT & LEVEL,DARK-HWY LIGHTED/ON,,,4/16/2021 9:17:03 AM,False,5047,Accepted,
28019420,0568000,LOUISVILLE METRO POLICE DEPT,Accepted,JEFFERSON,I 0265,,,,,,,,,,,38.145112495,-85.547554370,0.250,4/15/2021 12:00:00 AM,0807,2,2,0,0,CLEAR,DRY,False,OTHER RAMP RELATED COLLISIONS NOT LISTED ABOVE,REAR END,STRAIGHT & GRADE,DAYLIGHT,I 0265,KY1819,4/16/2021 9:14:51 AM,False,6886,Accepted,
28019427,0568000,LOUISVILLE METRO POLICE DEPT,Accepted,JEFFERSON,KY1065,5608,OUTER,LOOP,,,,,,,,38.138902544,-85.656510996,7.715,4/15/2021 12:00:00 AM,1058,2,2,0,1,CLEAR,DRY,False,COLLISION IN PARKING LOT,BACKING,STRAIGHT & LEVEL,DAYLIGHT,,,4/16/2021 9:15:14 AM,False,2017,Accepted,
28019428,0568000,LOUISVILLE METRO POLICE DEPT,Accepted,JEFFERSON,I 0071,,,,,,,,,,,38.312242000,-85.577470611,0.641,4/15/2021 12:00:00 AM,0814,2,2,0,0,CLEAR,DRY,False,OTHER RAMP RELATED COLLISIONS NOT LISTED ABOVE,SIDESWIPE-SAME DIRECTION,CURVE & LEVEL,DAYLIGHT,I 0071,I 0265,4/16/2021 9:15:19 AM,False,4903,Accepted,
28019450,0568000,LOUISVILLE METRO POLICE DEPT,Accepted,JEFFERSON,,,JEFFERSON,ST,E,,WENZEL,,,,,38.252104764,-85.734332806,0.047,4/15/2021 12:00:00 AM,1833,2,2,0,1,CLEAR,DRY,True,ANGLE COLLISION - ONE VEHICLE TURNING LEFT,ANGLE,STRAIGHT & LEVEL,DAYLIGHT,,,4/16/2021 9:16:35 AM,False,5342,Accepted,
28019458,0568000,LOUISVILLE METRO POLICE DEPT,Accepted,JEFFERSON,KY1865,,TAYLOR,BLVD,,,CARRICO,,,,,38.184081880,-85.783928634,5.352,4/15/2021 12:00:00 AM,0151,1,1,0,0,CLEAR,DRY,False,COLLISION WITH FIXED OBJECT IN INTERSECTION - FIRST EVENT COLLISION 09 - 32,SINGLE VEHICLE,STRAIGHT & LEVEL,DARK-HWY LIGHTED/ON,,,4/16/2021 9:17:00 AM,False,5139,Accepted,
28034200,0568000,LOUISVILLE METRO POLICE DEPT,Accepted,JEFFERSON,I 0065,,I65 S,,,,,,,,,38.244161540,-85.752590011,135.148,4/15/2021 12:00:00 AM,1726,3,3,0,2,CLEAR,DRY,False,OTHER ROADWAY OR MID-BLOCK COLLISION,REAR END,STRAIGHT & LEVEL,DAYLIGHT,,,4/20/2021 8:35:24 AM,False,7495,Accepted,
28034166,0568000,LOUISVILLE METRO POLICE DEPT,Accepted,JEFFERSON,KY1865,,TAYLOR,BLVD,,,STRADER,,,,,38.191113604,-85.783313823,5.839,4/15/2021 12:00:00 AM,1956,2,2,0,0,CLEAR,DRY,False,SIDESWIPE-SAME DIRECTION,SIDESWIPE-SAME DIRECTION,STRAIGHT & LEVEL,DAYLIGHT,,,4/20/2021 8:34:11 AM,False,5106,Accepted,
28038681,0568000,LOUISVILLE METRO POLICE DEPT,Accepted,JEFFERSON,,,ALLMOND,AVE,,,WOODLAWN,,,,,38.180803301,-85.759019155,0.877,4/15/2021 12:00:00 AM,1016,2,2,0,1,CLEAR,DRY,False,ANGLE COLLISION - OTHER,ANGLE,STRAIGHT & LEVEL,DAYLIGHT,,,4/21/2021 8:38:25 AM,False,5335,Accepted,
28038713,0568000,LOUISVILLE METRO POLICE DEPT,Accepted,JEFFERSON,US0060,,FRANKFORT,AVE,,,,,,,,38.253920245,-85.668438605,2.845,4/14/2021 12:00:00 AM,1930,2,2,0,0,CLEAR,DRY,False,SIDESWIPE COLLISION - SAME DIRECTION,SIDESWIPE-SAME DIRECTION,STRAIGHT & LEVEL,DAYLIGHT,,,4/21/2021 8:39:38 AM,False,2976,Accepted,
28029704,0568000,LOUISVILLE METRO POLICE DEPT,Accepted,JEFFERSON,I 0265,,I265 W,,,I 0265,I265 W EXIT14 OFF RAMP TO  COOPER CHAPEL RD,,,,,38.119087080,-85.638279264,13.834,4/14/2021 12:00:00 AM,0200,2,2,0,0,CLEAR,DRY,False,OTHER INTERSECTION COLLISIONS,REAR END,STRAIGHT & LEVEL,DARK-HWY LIGHTED/ON,,,4/19/2021 9:09:27 AM,False,7415,Accepted,
28056429,0568000,LOUISVILLE METRO POLICE DEPT,Accepted,JEFFERSON,,,SOUTHLAND,BLVD,W,,SUMMERS,,,,,38.169641834,-85.777464638,0.803,4/14/2021 12:00:00 AM,1150,2,2,0,0,CLEAR,DRY,False,OTHER INTERSECTION COLLISIONS,REAR END,STRAIGHT & LEVEL,DAYLIGHT,,,4/26/2021 9:29:27 AM,False,7116,Accepted,
28014540,0568000,LOUISVILLE METRO POLICE DEPT,Accepted,JEFFERSON,,,FAIRMONT,AVE,W,,2ND,,,,,38.195407763,-85.763250038,0.278,4/14/2021 12:00:00 AM,1355,2,2,0,0,CLOUDY,WET,True,ANGLE COLLISION - OTHER,ANGLE,STRAIGHT & LEVEL,DAYLIGHT,,,4/15/2021 8:54:32 AM,False,2499,Accepted,
28014530,0568000,LOUISVILLE METRO POLICE DEPT,Accepted,JEFFERSON,US0031E,1300B,BARDSTOWN,RD,,,,,,,,38.235093277,-85.714949527,15.021,4/14/2021 12:00:00 AM,1630,3,3,0,1,CLEAR,DRY,False,HEAD-ON COLLISION,HEAD ON,STRAIGHT & LEVEL,DAYLIGHT,,,4/15/2021 8:53:49 AM,False,7281,Accepted,
28014531,0568000,LOUISVILLE METRO POLICE DEPT,Accepted,JEFFERSON,,,7TH,ST,S,,SHIPP,,,,,38.226217289,-85.769271838,0.615,4/14/2021 12:00:00 AM,0845,2,2,0,0,RAINING,WET,False,ANGLE COLLISION - OTHER,ANGLE,STRAIGHT & LEVEL,DAYLIGHT,,,4/15/2021 8:53:52 AM,False,5308,Accepted,
28019417,0568000,LOUISVILLE METRO POLICE DEPT,Accepted,JEFFERSON,I 0265,,,,,,,,,,,38.308423625,-85.571316847,0.122,4/14/2021 12:00:00 AM,0806,2,2,0,0,RAINING,WET,False,OTHER RAMP RELATED COLLISIONS NOT LISTED ABOVE,REAR END,STRAIGHT & HILLCREST,DAYLIGHT,KY0022,I 0265,4/16/2021 9:14:36 AM,False,7751,Accepted,
28019418,0568000,LOUISVILLE METRO POLICE DEPT,Accepted,JEFFERSON,KY0841,,GENE SNYDER,FWY,,,,KY0841,GENE SNYDER,,WOLF PEN BRANCH,38.320725234,-85.613162704,36.480,4/14/2021 12:00:00 AM,1922,1,1,0,0,CLEAR,DRY,False,COLLISION WITH FIXED OBJECT NON - INTERSECTION - FIRST EVENT COLLISION 09 - 32 EXCLUDING 16,SINGLE VEHICLE,STRAIGHT & HILLCREST,DAYLIGHT,,,4/16/2021 9:14:42 AM,False,7751,Accepted,
28019419,0568000,LOUISVILLE METRO POLICE DEPT,Accepted,JEFFERSON,KY1631,,CRITTENDEN,DR,,,,,CENTRAL,I 0065,I65 S EXIT132 ON RAMP FROM  CRITTENDEN DR,38.203928229,-85.750736582,1.102,4/14/2021 12:00:00 AM,1819,2,2,0,1,CLEAR,DRY,False,1 VEHICLE ENTERING/LEAVING ENTRANCE,ANGLE,STRAIGHT & LEVEL,DAYLIGHT,,,4/16/2021 9:14:46 AM,False,2499,Accepted,
28009809,0568000,LOUISVILLE METRO POLICE DEPT,Accepted,JEFFERSON,,,ZORN,AVE,,I 0071,I71 S EXIT2 OFF RAMP TO  ZORN AVE,,,,,38.275589409,-85.697579339,1.574,4/14/2021 12:00:00 AM,0059,2,2,0,0,CLEAR,DRY,True,ANGLE COLLISION - OTHER,ANGLE,STRAIGHT & GRADE,DARK-HWY LIGHTED/ON,,,4/14/2021 8:43:30 AM,False,5243,Accepted,
28009810,0568000,LOUISVILLE METRO POLICE DEPT,Accepted,JEFFERSON,KY1747,213,HURSTBOURNE,PKWY,N,,,,,,,38.248027393,-85.577502103,13.622,4/14/2021 12:00:00 AM,0540,2,2,0,0,CLEAR,WET,False,1 VEHICLE ENTERING/LEAVING ENTRANCE,ANGLE,STRAIGHT & LEVEL,DARK-HWY LIGHTED/ON,,,4/14/2021 8:43:33 AM,False,7370,Accepted,
28014529,0568000,LOUISVILLE METRO POLICE DEPT,Accepted,JEFFERSON,,,6TH,ST,S,,KENTUCKY,,,,,38.239982842,-85.762986457,1.181,4/14/2021 12:00:00 AM,1247,2,2,0,1,RAINING,WET,False,HEAD-ON COLLISION,HEAD ON,STRAIGHT & LEVEL,DAYLIGHT,,,4/15/2021 8:53:46 AM,False,5360,Accepted,
28010685,0568000,LOUISVILLE METRO POLICE DEPT,Accepted,JEFFERSON,KY1727,,TERRY,RD,,,,,,,,38.178213853,-85.861969948,4.044,4/14/2021 12:00:00 AM,0735,2,2,0,2,RAINING,WET,False,1 VEHICLE ENTERING/LEAVING ENTRANCE,ANGLE,STRAIGHT & LEVEL,DAYLIGHT,,,4/14/2021 1:04:01 PM,False,7244,Accepted,
28010693,0568000,LOUISVILLE METRO POLICE DEPT,Accepted,JEFFERSON,,,15TH,ST,S,,KENTUCKY,,,,,38.241351175,-85.777598995,1.107,4/14/2021 12:00:00 AM,1052,1,1,0,1,RAINING,WET,False,COLLISION WITH FIXED OBJECT IN INTERSECTION - FIRST EVENT COLLISION 09 - 32,SINGLE VEHICLE,STRAIGHT & LEVEL,DAYLIGHT,,,4/14/2021 1:04:51 PM,False,7381,Accepted,
28019448,0568000,LOUISVILLE METRO POLICE DEPT,Accepted,JEFFERSON,,,6TH,ST,S,,,,CONGRESS,US0031W,MARKET,38.255172669,-85.760152548,0.126,4/14/2021 12:00:00 AM,1310,2,2,0,0,CLOUDY,WET,False,SIDESWIPE COLLISION - SAME DIRECTION,SIDESWIPE-SAME DIRECTION,STRAIGHT & LEVEL,DAYLIGHT,,,4/16/2021 9:16:24 AM,False,2854,Accepted,
28019449,0568000,LOUISVILLE METRO POLICE DEPT,Accepted,JEFFERSON,,,7TH,ST,S,,SHIPP,,,,,38.226218732,-85.769285723,0.615,4/14/2021 12:00:00 AM,1300,2,2,0,0,CLEAR,DRY,False,COLLISION WITH PARKED VEHICLE,REAR END,STRAIGHT & LEVEL,DAYLIGHT,,,4/16/2021 9:16:28 AM,False,7298,Accepted,
28019430,0568000,LOUISVILLE METRO POLICE DEPT,Accepted,JEFFERSON,,1647,SALE,AVE,,,,,,,,38.197850741,-85.792914207,0.865,4/14/2021 12:00:00 AM,0158,1,1,0,0,CLEAR,DRY,False,COLLISION WITH FIXED OBJECT NON - INTERSECTION - FIRST EVENT COLLISION 09 - 32 EXCLUDING 16,SINGLE VEHICLE,STRAIGHT & LEVEL,DARK-HWY LIGHTED/ON,,,4/16/2021 9:15:26 AM,False,5205,Accepted,
28010688,0568000,LOUISVILLE METRO POLICE DEPT,Accepted,JEFFERSON,I 0264,,I264 W,,,,,,,,,38.193722372,-85.710849304,13.157,4/14/2021 12:00:00 AM,0916,2,2,0,0,RAINING,WET,False,OTHER ROADWAY OR MID-BLOCK COLLISION,REAR END,STRAIGHT & LEVEL,DAYLIGHT,,,4/14/2021 1:04:20 PM,False,4903,Accepted,
28014156,0560400,SHIVELY POLICE DEPARTMENT,Accepted,JEFFERSON,I 0264,4200,I264 E,,,I 0264,I264 E EXIT8 ON RAMP FROM US31W S,,,,,38.185262668,-85.814112288,7.379,4/14/2021 12:00:00 AM,1049,2,2,0,0,RAINING,WET,False,SIDESWIPE-SAME DIRECTION,SIDESWIPE-SAME DIRECTION,STRAIGHT & LEVEL,DAYLIGHT,,,4/15/2021 7:25:04 AM,False,7082,Accepted,
28014532,0568000,LOUISVILLE METRO POLICE DEPT,Accepted,JEFFERSON,KY1230,8831,CANE RUN,RD,,,,,,,,38.134926722,-85.897805512,3.953,4/14/2021 12:00:00 AM,1203,2,2,0,0,CLOUDY,WET,False,OTHER ROADWAY OR MID-BLOCK COLLISION,OPPOSING LEFT TURN,STRAIGHT & LEVEL,DAYLIGHT,,,4/15/2021 8:53:56 AM,False,7234,Accepted,
28014518,0568000,LOUISVILLE METRO POLICE DEPT,Accepted,JEFFERSON,,,1ST,ST,S,,MUHAMMAD ALI,,,,,38.250661436,-85.752568430,0.377,4/14/2021 12:00:00 AM,0927,2,2,0,0,RAINING,WET,False,ANGLE COLLISION - OTHER,ANGLE,STRAIGHT & LEVEL,DAYLIGHT,,,4/15/2021 8:53:15 AM,False,5342,Accepted,
28014524,0568000,LOUISVILLE METRO POLICE DEPT,Accepted,JEFFERSON,,,LEE,ST,W,KY1020,3RD,,,,,38.223223517,-85.760713683,1.225,4/14/2021 12:00:00 AM,1135,2,2,0,0,RAINING,WET,False,OTHER INTERSECTION COLLISIONS,REAR END,STRAIGHT & LEVEL,DAYLIGHT,,,4/15/2021 8:53:39 AM,False,5120,Accepted,
28014527,0568000,LOUISVILLE METRO POLICE DEPT,Accepted,JEFFERSON,KY3082,,BANK,ST,,,34TH,,,,,38.272532342,-85.802952599,0.372,4/14/2021 12:00:00 AM,0945,3,3,0,0,RAINING,WET,False,COLLISION WITH PARKED VEHICLE,REAR END,STRAIGHT & LEVEL,DAYLIGHT,,,4/15/2021 8:53:42 AM,True,5353,Accepted,
28014533,0568000,LOUISVILLE METRO POLICE DEPT,Accepted,JEFFERSON,KY1065,,OUTER,LOOP,,,GRADE,,,,,38.130000592,-85.737059061,3.185,4/14/2021 12:00:00 AM,2245,2,2,0,1,CLEAR,DRY,False,ANGLE COLLISION - OTHER,ANGLE,STRAIGHT & GRADE,DARK-HWY NOT LIGHTED,,,4/15/2021 8:54:00 AM,False,5198,Accepted,
28014534,0568000,LOUISVILLE METRO POLICE DEPT,Accepted,JEFFERSON,,,CHESTNUT,ST,W,,24TH,,,,,38.252762231,-85.791868486,0.493,4/14/2021 12:00:00 AM,2255,2,2,0,0,CLEAR,DRY,True,ANGLE COLLISION - OTHER,ANGLE,STRAIGHT & LEVEL,DARK (UNKNOWN ROADWAY LIGHTING),,,4/15/2021 8:54:03 AM,False,5334,Accepted,
28010690,0568000,LOUISVILLE METRO POLICE DEPT,Accepted,JEFFERSON,,,LOTUS,AVE,,,ALDER,,,,,38.171974682,-85.717125414,0.136,4/14/2021 12:00:00 AM,0805,2,2,0,1,RAINING,WET,False,ANGLE COLLISION - OTHER,ANGLE,CURVE & LEVEL,DAYLIGHT,,,4/14/2021 1:04:39 PM,False,4693,Accepted,
28009797,0568000,LOUISVILLE METRO POLICE DEPT,Accepted,JEFFERSON,US0042,,BROWNSBORO,RD,,,,,ANTRIM,,INDIAN RIDGE,38.276129900,-85.641903527,5.383,4/13/2021 12:00:00 AM,1653,2,2,0,0,CLEAR,DRY,False,1 VEHICLE ENTERING/LEAVING ENTRANCE,ANGLE,STRAIGHT & LEVEL,DAYLIGHT,,,4/14/2021 8:42:44 AM,False,7043,Accepted,
28009804,0568000,LOUISVILLE METRO POLICE DEPT,Accepted,JEFFERSON,,,CHESTNUT,ST,W,US0031W,22ND,,,,,38.252244587,-85.787675007,0.728,4/13/2021 12:00:00 AM,2347,2,2,0,2,CLEAR,DRY,False,ANGLE COLLISION - OTHER,ANGLE,STRAIGHT & LEVEL,DARK-HWY LIGHTED/ON,,,4/14/2021 8:43:08 AM,False,5172,Accepted,
28009805,0568000,LOUISVILLE METRO POLICE DEPT,Accepted,JEFFERSON,KY1747,,FERN VALLEY,RD,,,,KY6319,SIGNATURE,,PARAMOUNT PARK,38.157183213,-85.713626629,1.019,4/13/2021 12:00:00 AM,1945,1,1,0,0,CLEAR,DRY,False,COLLISION WITH FIXED OBJECT NON - INTERSECTION - FIRST EVENT COLLISION 09 - 32 EXCLUDING 16,SINGLE VEHICLE,STRAIGHT & LEVEL,DAYLIGHT,,,4/14/2021 8:43:12 AM,False,7730,Accepted,
28009806,0568000,LOUISVILLE METRO POLICE DEPT,Accepted,JEFFERSON,KY1747,,FERN VALLEY,RD,,,,I 0065,I65 N EXIT128 OFF RAMP TO KY1631,KY6319,SIGNATURE,38.157358190,-85.715645025,0.905,4/13/2021 12:00:00 AM,1852,2,2,0,0,CLEAR,DRY,False,REAR END IN TRAFFIC LANES BOTH VEHICLES MOVING,REAR END,STRAIGHT & HILLCREST,DAYLIGHT,,,4/14/2021 8:43:17 AM,False,5336,Accepted,
28010689,0568000,LOUISVILLE METRO POLICE DEPT,Accepted,JEFFERSON,KY1065,,OUTER,LOOP,,,JUDGE,,,,,38.137819789,-85.669461646,7.000,4/13/2021 12:00:00 AM,1442,3,3,0,3,CLEAR,DRY,False,ANGLE COLLISION - ONE VEHICLE TURNING LEFT,ANGLE,STRAIGHT & LEVEL,DAYLIGHT,,,4/14/2021 1:04:35 PM,False,4693,Accepted,