IncidentID,AgencyORI,AgencyName,IncidentStatusDesc,County,RdwyNumber,Street,RoadwayName,StreetSfx,StreetDir,IntersectionRdwy,IntersectionRdwyName,BetweenStRdwy1,BetweenStRdwyName1,BetweenStRdwy2,BetweenStRdwyName2,Latitude,Longitude,Milepoint,CollisionDate,CollisionTime,UnitsInvolved,MotorVehiclesInvolved,NumberKilled,NumberInjured,Weather,RdwyConditionCode,HitandRun,DirAnalysisCode,MannerofCollision,RdwyCharacter,LightCondition,RampFromRdwyId,RampToRdwyId,AcceptedDate,IsSecondaryCollision,OwnerBadge,IncidentStatus,
28029649,0568000,LOUISVILLE METRO POLICE DEPT,Accepted,JEFFERSON,KY2054,,ALGONQUIN,PKWY,,,WILSON,,,,,38.224392207,-85.809315121,0.719,4/13/2021 12:00:00 AM,1446,2,2,0,0,CLEAR,DRY,True,ANGLE COLLISION - OTHER,ANGLE,STRAIGHT & LEVEL,DAYLIGHT,,,4/19/2021 9:06:13 AM,False,7656,Accepted,
28005678,0565000,LYNDON POLICE DEPARTMENT,Accepted,JEFFERSON,KY0022,4932,BROWNSBORO,RD,,,,,HOLIDAY MANOR,KY2050,HERR,38.283035137,-85.629455892,0.340,4/13/2021 12:00:00 AM,0420,1,1,0,1,RAINING,WET,False,COLLISION WITH FIXED OBJECT NON - INTERSECTION - FIRST EVENT COLLISION 09 - 32 EXCLUDING 16,SINGLE VEHICLE,STRAIGHT & GRADE,DARK-HWY LIGHTED/ON,,,4/13/2021 11:13:24 AM,False,1380,Accepted,
28008009,0566900,LOUISVILLE AIRPORT POLICE,Accepted,JEFFERSON,,6406,GRADE,LN,,KY1747,FERN VALLEY,,,,,38.157127074,-85.731941670,2.141,4/13/2021 12:00:00 AM,1751,1,1,0,0,CLEAR,DRY,False,COLLISION IN PARKING LOT,SINGLE VEHICLE,CURVE & GRADE,DAYLIGHT,,,4/13/2021 9:47:54 PM,False,5877,Accepted,
28009786,0568000,LOUISVILLE METRO POLICE DEPT,Accepted,JEFFERSON,KY1747,,HURSTBOURNE,PKWY,,,WATTERSON,,,,,38.162984549,-85.612988080,6.862,4/13/2021 12:00:00 AM,0707,2,2,0,0,CLEAR,DRY,True,SIDESWIPE-SAME DIRECTION,SIDESWIPE-SAME DIRECTION,STRAIGHT & LEVEL,DAWN,,,4/14/2021 8:41:38 AM,False,5027,Accepted,
28009778,0568000,LOUISVILLE METRO POLICE DEPT,Accepted,JEFFERSON,I 0265,,I265 E,,,,,I 0265,I265 E EXIT15 ON RAMP FROM KY864,I 0265,I265 E EXIT17 OFF RAMP TO US31E,38.139572303,-85.590307171,16.891,4/13/2021 12:00:00 AM,0807,1,1,0,1,CLOUDY,DRY,False,OTHER ROADWAY OR MID-BLOCK COLLISION,SINGLE VEHICLE,STRAIGHT & LEVEL,DAYLIGHT,,,4/14/2021 8:40:43 AM,False,2017,Accepted,
28009789,0568000,LOUISVILLE METRO POLICE DEPT,Accepted,JEFFERSON,I 0264,,,,,,,,,,,38.210630048,-85.671351098,0.055,4/13/2021 12:00:00 AM,1550,2,2,0,1,CLEAR,DRY,True,OTHER RAMP RELATED COLLISIONS NOT LISTED ABOVE,REAR END,,DAYLIGHT,I 0264,US31E S,4/14/2021 8:41:55 AM,False,7793,Accepted,
28009796,0568000,LOUISVILLE METRO POLICE DEPT,Accepted,JEFFERSON,,,4TH,ST,S,,YORK,,,,,38.244223125,-85.758705472,0.861,4/13/2021 12:00:00 AM,1544,2,2,0,3,CLEAR,DRY,False,ANGLE COLLISION - OTHER,ANGLE,STRAIGHT & LEVEL,DAYLIGHT,,,4/14/2021 8:42:41 AM,False,7441,Accepted,
28005131,0568000,LOUISVILLE METRO POLICE DEPT,Accepted,JEFFERSON,KY1020,,SOUTHSIDE,DR,,KY1020,NATIONAL,,,,,38.152564268,-85.765629961,5.820,4/13/2021 12:00:00 AM,0700,2,2,0,0,CLEAR,DRY,False,SIDESWIPE-SAME DIRECTION,SIDESWIPE-SAME DIRECTION,CURVE & LEVEL,DUSK,,,4/13/2021 8:38:31 AM,False,5312,Accepted,
28009794,0568000,LOUISVILLE METRO POLICE DEPT,Accepted,JEFFERSON,,,VERMONT,AVE,,,AMY,,,,,38.256270530,-85.813786436,0.718,4/13/2021 12:00:00 AM,1211,2,2,0,1,CLEAR,DRY,False,ANGLE COLLISION - OTHER,ANGLE,STRAIGHT & LEVEL,DAYLIGHT,,,4/14/2021 8:42:19 AM,False,5363,Accepted,
28009795,0568000,LOUISVILLE METRO POLICE DEPT,Accepted,JEFFERSON,I 0264,,I264 E,,,,,,,,,38.228933961,-85.634941425,18.000,4/13/2021 12:00:00 AM,1557,2,2,0,0,CLEAR,DRY,True,SIDESWIPE COLLISION - SAME DIRECTION,SIDESWIPE-SAME DIRECTION,STRAIGHT & LEVEL,DAYLIGHT,,,4/14/2021 8:42:23 AM,False,2142,Accepted,
28009803,0568000,LOUISVILLE METRO POLICE DEPT,Accepted,JEFFERSON,US0031W,,22ND,ST,S,,LEE,,,,,38.227113089,-85.793576724,18.024,4/13/2021 12:00:00 AM,2211,3,3,0,0,CLEAR,DRY,False,COLLISION WITH PARKED VEHICLE,SIDESWIPE-SAME DIRECTION,STRAIGHT & LEVEL,DARK-HWY LIGHTED/ON,,,4/14/2021 8:43:03 AM,False,5039,Accepted,
28009807,0568000,LOUISVILLE METRO POLICE DEPT,Accepted,JEFFERSON,KY1747,,FERN VALLEY,RD,,,ULRICH,,,,,38.157018233,-85.708086753,1.324,4/13/2021 12:00:00 AM,2052,2,2,0,0,CLEAR,DRY,False,OTHER INTERSECTION COLLISIONS,REAR END,STRAIGHT & LEVEL,DARK-HWY LIGHTED/ON,,,4/14/2021 8:43:20 AM,False,5336,Accepted,
28009808,0568000,LOUISVILLE METRO POLICE DEPT,Accepted,JEFFERSON,KY1934,4419,CANE RUN,RD,,,,,,,,38.197318578,-85.840152068,9.031,4/13/2021 12:00:00 AM,2028,4,4,0,7,CLOUDY,DRY,False,REAR END IN TRAFFIC LANES BOTH VEHICLES MOVING,REAR END,STRAIGHT & LEVEL,DARK-HWY LIGHTED/ON,,,4/14/2021 8:43:24 AM,False,5298,Accepted,
28014520,0568000,LOUISVILLE METRO POLICE DEPT,Accepted,JEFFERSON,US0060,,SHELBYVILLE,RD,,,CHRISTIAN,,,,,38.248843203,-85.606718021,6.224,4/13/2021 12:00:00 AM,0946,2,2,0,1,CLOUDY,WET,False,ANGLE COLLISION - ONE VEHICLE TURNING LEFT,ANGLE,STRAIGHT & LEVEL,DAYLIGHT,,,4/15/2021 8:53:34 AM,False,7751,Accepted,
28005128,0568000,LOUISVILLE METRO POLICE DEPT,Accepted,JEFFERSON,I 0264,,,,,,,,,,,38.212478347,-85.668252705,0.245,4/13/2021 12:00:00 AM,0429,1,1,0,0,CLEAR,DRY,False,COLLISION WITH FIXED OBJECT NOT IN GORE ,SINGLE VEHICLE,CURVE & LEVEL,DARK-HWY LIGHTED/ON,US31E,I 0264,4/13/2021 8:38:17 AM,False,7400,Accepted,
28009792,0568000,LOUISVILLE METRO POLICE DEPT,Accepted,JEFFERSON,US0031E,,BARDSTOWN,RD,,,,,,,,38.211053440,-85.671265318,12.038,4/13/2021 12:00:00 AM,1531,2,2,0,0,CLEAR,DRY,True,SIDESWIPE COLLISION - SAME DIRECTION,SIDESWIPE-SAME DIRECTION,CURVE & LEVEL,DAYLIGHT,,,4/14/2021 8:42:00 AM,False,5354,Accepted,
28009801,0568000,LOUISVILLE METRO POLICE DEPT,Accepted,JEFFERSON,,,SMYRNA,PKWY,,,APPLEGATE,,,,,38.130448708,-85.642574025,0.515,4/13/2021 12:00:00 AM,2033,2,2,0,0,CLEAR,DRY,True,ANGLE COLLISION - OTHER,ANGLE,STRAIGHT & LEVEL,DUSK,,,4/14/2021 8:42:57 AM,False,5116,Accepted,
28009802,0568000,LOUISVILLE METRO POLICE DEPT,Accepted,JEFFERSON,US0031E,,BARDSTOWN,RD,,,,,HARVARD,,WOODBOURNE,38.224364086,-85.693224601,13.599,4/13/2021 12:00:00 AM,2123,2,2,0,0,CLEAR,DRY,False,VEHICLE BACKING NON INTERSECTION,BACKING,STRAIGHT & LEVEL,DARK-HWY LIGHTED/ON,,,4/14/2021 8:43:00 AM,False,7535,Accepted,
28009776,0568000,LOUISVILLE METRO POLICE DEPT,Accepted,JEFFERSON,I 0265,,I265 E,,,,,,,,,38.184804828,-85.508369342,22.851,4/13/2021 12:00:00 AM,0733,3,3,0,0,CLOUDY,DRY,False,OTHER ROADWAY OR MID-BLOCK COLLISION,REAR END,STRAIGHT & LEVEL,DAYLIGHT,,,4/14/2021 8:40:31 AM,False,4903,Accepted,
28065967,0568000,LOUISVILLE METRO POLICE DEPT,Accepted,JEFFERSON,,,4TH,ST,S,,LEE,,,,,38.223408755,-85.762345717,2.313,4/13/2021 12:00:00 AM,2026,2,2,0,2,CLEAR,DRY,False,OPPOSING LEFT TURN,OPPOSING LEFT TURN,STRAIGHT & LEVEL,DARK (UNKNOWN ROADWAY LIGHTING),,,4/28/2021 8:46:02 AM,False,5050,Accepted,
28042698,0568000,LOUISVILLE METRO POLICE DEPT,Accepted,JEFFERSON,,,MEADE,AVE,,,,,MCKINLEY,,ENGLISH,38.210582912,-85.727437981,0.096,4/13/2021 12:00:00 AM,1632,2,2,0,0,CLEAR,DRY,False,1 VEHICLE PARKED POSITION (NOT PARKING LOT/DRIVEWAY),SIDESWIPE-SAME DIRECTION,STRAIGHT & LEVEL,DAYLIGHT,,,4/22/2021 7:51:57 AM,False,7938,Accepted,
28029631,0568000,LOUISVILLE METRO POLICE DEPT,Accepted,JEFFERSON,,,MUHAMMAD ALI,BLVD,W,,24TH,,,,,38.254916389,-85.791528234,2.137,4/13/2021 12:00:00 AM,1710,3,3,0,2,CLEAR,DRY,False,ANGLE COLLISION - OTHER,ANGLE,STRAIGHT & LEVEL,DAYLIGHT,,,4/19/2021 9:04:39 AM,False,5365,Accepted,
28029628,0568000,LOUISVILLE METRO POLICE DEPT,Accepted,JEFFERSON,,,TRADE PORT,DR,,,FREEPORT,,,,,38.122604407,-85.884107450,0.818,4/13/2021 12:00:00 AM,1448,2,2,0,1,CLEAR,DRY,False,ANGLE COLLISION - OTHER,ANGLE,STRAIGHT & LEVEL,DAYLIGHT,,,4/19/2021 9:04:21 AM,False,7144,Accepted,
28130420,0568000,LOUISVILLE METRO POLICE DEPT,Accepted,JEFFERSON,US0031E,,BARDSTOWN,RD,,,DEL MARIA,,,,,38.170156600,-85.606982466,7.377,4/13/2021 12:00:00 AM,1724,2,2,0,1,CLEAR,DRY,False,ANGLE COLLISION - OTHER,ANGLE,STRAIGHT & LEVEL,DAYLIGHT,,,5/14/2021 9:07:03 AM,False,6937,Accepted,
28061206,0568000,LOUISVILLE METRO POLICE DEPT,Accepted,JEFFERSON,KY1020,,2ND,ST,S,,JEFFERSON,,,,,38.253505753,-85.753712386,12.629,4/13/2021 12:00:00 AM,1600,2,2,0,0,CLEAR,DRY,True,SIDESWIPE-SAME DIRECTION,SIDESWIPE-SAME DIRECTION,STRAIGHT & LEVEL,DAYLIGHT,,,4/27/2021 9:11:59 AM,False,7038,Accepted,
28130414,0568000,LOUISVILLE METRO POLICE DEPT,Accepted,JEFFERSON,I 0264,,I264 E,,,,,,,,,38.218911528,-85.656171771,16.652,4/13/2021 12:00:00 AM,1654,2,2,0,0,CLEAR,DRY,False,REAR END IN TRAFFIC LANES BOTH VEHICLES MOVING,REAR END,STRAIGHT & LEVEL,DAYLIGHT,,,5/14/2021 9:06:35 AM,False,7284,Accepted,
28149031,0568000,LOUISVILLE METRO POLICE DEPT,Accepted,JEFFERSON,,,1ST,ST,S,US0150,BROADWAY,,,,,38.245741577,-85.753421543,0.719,4/12/2021 12:00:00 AM,1940,2,2,0,0,CLEAR,DRY,False,ANGLE COLLISION - OTHER,ANGLE,STRAIGHT & LEVEL,DAYLIGHT,,,5/19/2021 8:22:11 AM,False,7038,Accepted,
28019460,0568000,LOUISVILLE METRO POLICE DEPT,Accepted,JEFFERSON,I 0065,,,,,,,,,,,38.243055940,-85.752372381,0.058,4/12/2021 12:00:00 AM,0307,3,3,0,1,CLEAR,WET,True,OTHER RAMP RELATED COLLISIONS NOT LISTED ABOVE,REAR END,STRAIGHT & GRADE,DARK-HWY LIGHTED/ON,I 0065,S BROOK ST,4/16/2021 9:17:14 AM,False,5122,Accepted,
28009799,0568000,LOUISVILLE METRO POLICE DEPT,Accepted,JEFFERSON,,,MUHAMMAD ALI,BLVD,W,,13TH,,,,,38.252774529,-85.772415488,1.092,4/12/2021 12:00:00 AM,1219,2,2,0,2,CLEAR,DRY,False,ANGLE COLLISION - OTHER,ANGLE,STRAIGHT & LEVEL,DAYLIGHT,,,4/14/2021 8:42:51 AM,False,5187,Accepted,
28008303,0560300,ST. MATTHEWS POLICE DEPARTMENT,Accepted,JEFFERSON,I 0264,,I264 E,,,,,I 0264,I264 E EXIT20 TRANSIT,I 0264,I264 E EXIT21 OFF RAMP TO KY1447,38.260729266,-85.623142107,20.571,4/12/2021 12:00:00 AM,1752,2,2,0,0,CLEAR,DRY,False,OTHER ROADWAY OR MID-BLOCK COLLISION,REAR END,STRAIGHT & LEVEL,DAYLIGHT,,,4/13/2021 11:05:26 PM,False,9158,Accepted,
28007636,0560600,WEST BUECHEL POLICE DEPT.,Accepted,JEFFERSON,,,BASHFORD MANOR,LN,,,,,DONARD PARK,,ADELE,38.201327547,-85.667643295,0.205,4/12/2021 12:00:00 AM,1715,2,2,0,0,CLEAR,DRY,True,1 VEHICLE ENTERING/LEAVING ENTRANCE,ANGLE,STRAIGHT & LEVEL,DAYLIGHT,,,4/13/2021 7:22:00 PM,False,1290,Accepted,
28005122,0568000,LOUISVILLE METRO POLICE DEPT,Accepted,JEFFERSON,US0031E,,BARDSTOWN,RD,,,,,HARVARD,,WOODBOURNE,38.224301668,-85.693057931,13.590,4/12/2021 12:00:00 AM,1548,2,2,0,0,CLEAR,DRY,False,1 VEHICLE ENTERING/LEAVING ENTRANCE,ANGLE,STRAIGHT & LEVEL,DAYLIGHT,,,4/13/2021 8:37:55 AM,False,7960,Accepted,
28005114,0568000,LOUISVILLE METRO POLICE DEPT,Accepted,JEFFERSON,US0150,,BROADWAY,,W,,10TH,,,,,38.247041745,-85.767572938,1.875,4/12/2021 12:00:00 AM,0803,3,3,0,1,CLEAR,DRY,True,OTHER INTERSECTION COLLISIONS,REAR END,STRAIGHT & LEVEL,DAYLIGHT,,,4/13/2021 8:37:21 AM,False,2403,Accepted,
28000409,0568000,LOUISVILLE METRO POLICE DEPT,Accepted,JEFFERSON,KY2052,,SHEPHERDSVILLE,RD,,,WHISPERING HILLS,,,,,38.148634570,-85.659919068,0.691,4/12/2021 12:00:00 AM,0600,2,2,0,1,CLEAR,DRY,False,ANGLE COLLISION - OTHER,ANGLE,STRAIGHT & LEVEL,DARK-HWY NOT LIGHTED,,,4/12/2021 8:56:42 AM,False,5141,Accepted,
28005111,0568000,LOUISVILLE METRO POLICE DEPT,Accepted,JEFFERSON,,4313,NAOMI,DR,,,,,NORENE,KY0864,POPLAR LEVEL,38.164962636,-85.681216917,0.060,4/12/2021 12:00:00 AM,1343,1,1,0,0,CLEAR,DRY,False,COLLISION IN PARKING LOT,SINGLE VEHICLE,STRAIGHT & LEVEL,DAYLIGHT,,,4/13/2021 8:37:08 AM,False,7448,Accepted,
28005112,0568000,LOUISVILLE METRO POLICE DEPT,Accepted,JEFFERSON,,3915,DUNCAN,ST,,,,,,,,38.265735959,-85.813699371,1.843,4/12/2021 12:00:00 AM,1413,2,2,0,0,CLEAR,DRY,False,1 VEHICLE PARKED POSITION (NOT PARKING LOT/DRIVEWAY),REAR END,STRAIGHT & LEVEL,DAYLIGHT,,,4/13/2021 8:37:11 AM,False,5282,Accepted,
28005120,0568000,LOUISVILLE METRO POLICE DEPT,Accepted,JEFFERSON,,,PENNSYLVANIA RUN,RD,,,,,,,,38.126589816,-85.629165290,0.050,4/12/2021 12:00:00 AM,1432,2,2,0,0,CLEAR,DRY,False,OTHER COLLISIONS ON SHOULDER,SIDESWIPE-OPPOSITE DIRECTION,STRAIGHT & HILLCREST,DAYLIGHT,,,4/13/2021 8:37:48 AM,False,7278,Accepted,
28005121,0568000,LOUISVILLE METRO POLICE DEPT,Accepted,JEFFERSON,US0150,,BROADWAY,,E,KY0864,SHELBY,,,,,38.244686320,-85.739508907,3.405,4/12/2021 12:00:00 AM,1314,2,2,0,2,CLEAR,DRY,False,OPPOSING LEFT TURN,OPPOSING LEFT TURN,STRAIGHT & LEVEL,DAYLIGHT,,,4/13/2021 8:37:51 AM,False,2128,Accepted,
28005129,0568000,LOUISVILLE METRO POLICE DEPT,Accepted,JEFFERSON,,,KILMER,BLVD,,,ILEX,,,,,38.173193818,-85.674810424,0.362,4/12/2021 12:00:00 AM,1943,1,1,0,1,CLEAR,DRY,False,COLLISION WITH FIXED OBJECT IN INTERSECTION - FIRST EVENT COLLISION 09 - 32,SINGLE VEHICLE,STRAIGHT & LEVEL,DAYLIGHT,,,4/13/2021 8:38:21 AM,False,5182,Accepted,
28005127,0568000,LOUISVILLE METRO POLICE DEPT,Accepted,JEFFERSON,I 0065,,,,,,,,,,,38.155011690,-85.716146961,0.304,4/12/2021 12:00:00 AM,2331,1,1,0,1,CLEAR,DRY,False,COLLISION WITH FIXED OBJECT NOT IN GORE ,SINGLE VEHICLE,STRAIGHT & LEVEL,DARK-HWY LIGHTED/ON,I 0065,KY1631,4/13/2021 8:38:14 AM,False,5336,Accepted,
28010692,0568000,LOUISVILLE METRO POLICE DEPT,Accepted,JEFFERSON,I 0065,,I65 N,,,,,,,,,38.197106762,-85.733670957,131.278,4/12/2021 12:00:00 AM,1427,2,2,0,0,CLEAR,DRY,True,SIDESWIPE COLLISION - SAME DIRECTION,SIDESWIPE-SAME DIRECTION,CURVE & GRADE,DAYLIGHT,,,4/14/2021 1:04:47 PM,False,8278,Accepted,
28009782,0568000,LOUISVILLE METRO POLICE DEPT,Accepted,JEFFERSON,,,ZORN,AVE,,,,,,,,38.260040738,-85.682465450,0.151,4/12/2021 12:00:00 AM,1444,2,2,0,1,CLOUDY,DRY,False,1 VEHICLE ENTERING/LEAVING ENTRANCE,ANGLE,STRAIGHT & LEVEL,DAYLIGHT,,,4/14/2021 8:40:58 AM,False,2738,Accepted,
28010695,0568000,LOUISVILLE METRO POLICE DEPT,Accepted,JEFFERSON,I 0064,,I64 W,,,,,,,,,38.258941590,-85.758026362,4.222,4/12/2021 12:00:00 AM,1657,2,2,0,0,CLOUDY,DRY,False,REAR END IN TRAFFIC LANES BOTH VEHICLES MOVING,REAR END,STRAIGHT & LEVEL,DAYLIGHT,,,4/14/2021 1:05:03 PM,False,8278,Accepted,
28009777,0568000,LOUISVILLE METRO POLICE DEPT,Accepted,JEFFERSON,KY1934,,CANE RUN,RD,,KY2049,CRUMS,,,,,38.199088739,-85.837458070,9.196,4/12/2021 12:00:00 AM,1854,2,2,0,3,CLEAR,DRY,False,OTHER INTERSECTION COLLISIONS,REAR END,STRAIGHT & LEVEL,DAYLIGHT,,,4/14/2021 8:40:37 AM,False,5253,Accepted,
28005117,0568000,LOUISVILLE METRO POLICE DEPT,Accepted,JEFFERSON,KY1703,,NEWBURG,RD,,,INDIAN,,,,,38.184563450,-85.665418669,0.506,4/12/2021 12:00:00 AM,1643,2,2,0,0,CLEAR,GRAVEL,False,OPPOSING LEFT TURN,OPPOSING LEFT TURN,STRAIGHT & LEVEL,DAYLIGHT,,,4/13/2021 8:37:37 AM,False,5346,Accepted,
28005123,0568000,LOUISVILLE METRO POLICE DEPT,Accepted,JEFFERSON,US0031W,,DIXIE,HWY,,,,,,,,38.142351125,-85.840383500,11.479,4/12/2021 12:00:00 AM,1320,2,2,0,0,CLEAR,DRY,False,1 VEHICLE ENTERING/LEAVING ENTRANCE,ANGLE,STRAIGHT & LEVEL,DAYLIGHT,,,4/13/2021 8:37:59 AM,False,7234,Accepted,
28005124,0568000,LOUISVILLE METRO POLICE DEPT,Accepted,JEFFERSON,KY1934,,CANE RUN,RD,,KY1727,TERRY,,,,,38.178108724,-85.862003074,7.189,4/12/2021 12:00:00 AM,1415,2,2,0,0,CLEAR,DRY,False,ANGLE COLLISION - OTHER,ANGLE,STRAIGHT & LEVEL,DAYLIGHT,,,4/13/2021 8:38:02 AM,False,7234,Accepted,
28005125,0568000,LOUISVILLE METRO POLICE DEPT,Accepted,JEFFERSON,,,HILL,ST,W,,13TH,,,,,38.227587192,-85.776902340,1.087,4/12/2021 12:00:00 AM,1332,2,2,0,1,CLEAR,DRY,True,OTHER INTERSECTION COLLISIONS,REAR END,STRAIGHT & LEVEL,DAYLIGHT,,,4/13/2021 8:38:06 AM,False,7091,Accepted,
28005108,0568000,LOUISVILLE METRO POLICE DEPT,Accepted,JEFFERSON,KY0061,,PRESTON,HWY,,,OAKLAWN,,,,,38.148838461,-85.692493790,4.728,4/12/2021 12:00:00 AM,1302,2,2,0,1,CLEAR,DRY,False,ANGLE COLLISION - ONE VEHICLE TURNING LEFT,ANGLE,STRAIGHT & LEVEL,DAYLIGHT,,,4/13/2021 8:36:56 AM,False,4693,Accepted,
28005118,0568000,LOUISVILLE METRO POLICE DEPT,Accepted,JEFFERSON,KY0864,7505,FEGENBUSH,LN,,,,,,,,38.142897623,-85.623144021,4.892,4/12/2021 12:00:00 AM,1543,2,1,0,1,CLEAR,DRY,False,COLLISION WITH PEDESTRIAN NON - INTERSECTION,SINGLE VEHICLE,STRAIGHT & LEVEL,DAYLIGHT,,,4/13/2021 8:37:41 AM,False,7465,Accepted,
28005126,0568000,LOUISVILLE METRO POLICE DEPT,Accepted,JEFFERSON,US0031W,7200B,DIXIE,HWY,,,,,,,,38.145566427,-85.838664365,11.815,4/12/2021 12:00:00 AM,1648,2,2,0,0,CLEAR,DRY,False,REAR END IN TRAFFIC LANES BOTH VEHICLES MOVING,REAR END,STRAIGHT & LEVEL,DAYLIGHT,,,4/13/2021 8:38:10 AM,False,5344,Accepted,
28000404,0568000,LOUISVILLE METRO POLICE DEPT,Accepted,JEFFERSON,KY0061,,PRESTON,HWY,,,LIPPS,,,,,38.142933114,-85.689187328,4.280,4/12/2021 12:00:00 AM,0048,1,1,0,3,CLEAR,DRY,False,COLLISION WITH FIXED OBJECT IN INTERSECTION - FIRST EVENT COLLISION 09 - 32,SINGLE VEHICLE,STRAIGHT & LEVEL,DARK-HWY LIGHTED/ON,,,4/12/2021 8:56:26 AM,False,5314,Accepted,
28005106,0568000,LOUISVILLE METRO POLICE DEPT,Accepted,JEFFERSON,,,FEGENBUSH,LN,,,,,,,,38.186035373,-85.638132047,0.085,4/12/2021 12:00:00 AM,1020,2,2,0,0,CLEAR,DRY,False,OTHER ROADWAY OR MID-BLOCK COLLISION,OPPOSING LEFT TURN,STRAIGHT & LEVEL,DAYLIGHT,,,4/13/2021 8:36:46 AM,False,4693,Accepted,
28005107,0568000,LOUISVILLE METRO POLICE DEPT,Accepted,JEFFERSON,KY0061,,PRESTON,HWY,,,,,,,,38.099162467,-85.671206841,1.088,4/12/2021 12:00:00 AM,1215,2,2,0,0,CLEAR,DRY,False,REAR END IN TRAFFIC LANES BOTH VEHICLES MOVING,REAR END,STRAIGHT & LEVEL,DAYLIGHT,,,4/13/2021 8:36:51 AM,False,4693,Accepted,
28010691,0568000,LOUISVILLE METRO POLICE DEPT,Accepted,JEFFERSON,I 0065,,I65 N EXIT130 TRANSIT,,,,,,,,,38.183837901,-85.722711599,0.546,4/12/2021 12:00:00 AM,1323,2,2,0,0,CLEAR,DRY,False,REAR END IN TRAFFIC LANES BOTH VEHICLES MOVING,REAR END,STRAIGHT & LEVEL,DAYLIGHT,,,4/14/2021 1:04:44 PM,False,8278,Accepted,
28009788,0568000,LOUISVILLE METRO POLICE DEPT,Accepted,JEFFERSON,I 0265,,I265 N,,,,,,,,,38.233736739,-85.504448835,26.242,4/12/2021 12:00:00 AM,0929,1,1,0,0,CLEAR,DRY,False,COLLISION WITH NON-FIXED OBJECT ,SINGLE VEHICLE,STRAIGHT & LEVEL,DAYLIGHT,,,4/14/2021 8:41:50 AM,False,6886,Accepted,
28009811,0568000,LOUISVILLE METRO POLICE DEPT,Accepted,JEFFERSON,I 0064,,I64 W,,,I 0064,I64 W EXIT3 ON RAMP FROM US31W,,,,,38.269869768,-85.782171183,2.591,4/12/2021 12:00:00 AM,2035,1,1,0,2,CLEAR,DRY,False,OTHER INTERSECTION COLLISIONS,SINGLE VEHICLE,STRAIGHT & LEVEL,DARK-HWY LIGHTED/ON,,,4/14/2021 8:43:36 AM,False,7190,Accepted,
28000402,0568000,LOUISVILLE METRO POLICE DEPT,Accepted,JEFFERSON,US0150,,BROADWAY,,W,KY1020,3RD,,,,,38.245953181,-85.756711598,2.475,4/11/2021 12:00:00 AM,2256,2,2,0,2,CLEAR,WET,False,ANGLE COLLISION - OTHER,ANGLE,STRAIGHT & LEVEL,DARK-HWY LIGHTED/ON,,,4/12/2021 8:56:18 AM,False,5268,Accepted,
28000403,0568000,LOUISVILLE METRO POLICE DEPT,Accepted,JEFFERSON,,,FLOWERVALE,LN,,,,,WINDING STREAM,,LEWIS,38.083450257,-85.876071346,0.245,4/11/2021 12:00:00 AM,1945,2,2,0,0,CLOUDY,WET,False,SIDESWIPE COLLISION - OPPOSITE DIRECTION,SIDESWIPE-OPPOSITE DIRECTION,CURVE & LEVEL,DAYLIGHT,,,4/12/2021 8:56:22 AM,False,7295,Accepted,
28000387,0568000,LOUISVILLE METRO POLICE DEPT,Accepted,JEFFERSON,KY1447,12500,WESTPORT,RD,,,,,,,,38.303382413,-85.518042487,8.421,4/11/2021 12:00:00 AM,0702,1,1,0,1,CLOUDY,DRY,False,COLLISION WITH FIXED OBJECT NON - INTERSECTION - FIRST EVENT COLLISION 09 - 32 EXCLUDING 16,SINGLE VEHICLE,STRAIGHT & LEVEL,DAYLIGHT,,,4/12/2021 8:55:59 AM,False,5113,Accepted,
28000378,0568000,LOUISVILLE METRO POLICE DEPT,Accepted,JEFFERSON,,,TOEBBE,LN,,,COOLRIDGE,,,,,38.112976291,-85.655380934,0.506,4/11/2021 12:00:00 AM,1438,2,2,0,0,RAINING,WET,False,COLLISION WITH PARKED VEHICLE,SIDESWIPE-OPPOSITE DIRECTION,CURVE & LEVEL,DAYLIGHT,,,4/12/2021 8:55:39 AM,False,7989,Accepted,
28000379,0568000,LOUISVILLE METRO POLICE DEPT,Accepted,JEFFERSON,,,HIKES,LN,,,DOWNING,,,,,38.202621791,-85.654241476,1.263,4/11/2021 12:00:00 AM,1603,2,2,0,3,RAINING,WET,False,ANGLE COLLISION - OTHER,ANGLE,STRAIGHT & LEVEL,DAYLIGHT,,,4/12/2021 8:55:42 AM,False,5191,Accepted,
28009780,0568000,LOUISVILLE METRO POLICE DEPT,Accepted,JEFFERSON,KY1065,,OUTER,LOOP,,,,,NOLTEMEYER WYNDE,,CAROL,38.138431705,-85.684259607,6.192,4/11/2021 12:00:00 AM,1515,4,4,0,0,RAINING,WET,False,OTHER ROADWAY OR MID-BLOCK COLLISION,REAR END,STRAIGHT & LEVEL,DAYLIGHT,,,4/14/2021 8:40:47 AM,False,2583,Accepted,