IncidentID,AgencyORI,AgencyName,IncidentStatusDesc,County,RdwyNumber,Street,RoadwayName,StreetSfx,StreetDir,IntersectionRdwy,IntersectionRdwyName,BetweenStRdwy1,BetweenStRdwyName1,BetweenStRdwy2,BetweenStRdwyName2,Latitude,Longitude,Milepoint,CollisionDate,CollisionTime,UnitsInvolved,MotorVehiclesInvolved,NumberKilled,NumberInjured,Weather,RdwyConditionCode,HitandRun,DirAnalysisCode,MannerofCollision,RdwyCharacter,LightCondition,RampFromRdwyId,RampToRdwyId,AcceptedDate,IsSecondaryCollision,OwnerBadge,IncidentStatus,
28009781,0568000,LOUISVILLE METRO POLICE DEPT,Accepted,JEFFERSON,,,NOLTEMEYER WYNDE,,,,,KY1065,OUTER,,BATES,38.139305187,-85.680420018,0.080,4/11/2021 12:00:00 AM,1550,2,2,0,0,CLOUDY,WET,False,1 VEHICLE ENTERING/LEAVING ENTRANCE,ANGLE,STRAIGHT & LEVEL,DAYLIGHT,,,4/14/2021 8:40:54 AM,False,2583,Accepted,
27998817,0566900,LOUISVILLE AIRPORT POLICE,Accepted,JEFFERSON,,600,LOWER TERMINAL,DR,,,,,,,,38.186348298,-85.742039755,0.218,4/11/2021 12:00:00 AM,1123,2,2,0,0,RAINING,WET,False,1 VEHICLE PARKED POSITION (NOT PARKING LOT/DRIVEWAY),SIDESWIPE-SAME DIRECTION,STRAIGHT & LEVEL,DAYLIGHT,,,4/12/2021 12:05:24 AM,False,5861,Accepted,
28000328,0568000,LOUISVILLE METRO POLICE DEPT,Accepted,JEFFERSON,I 0064,,,,,,,,,,,38.236375127,-85.618959334,0.540,4/11/2021 12:00:00 AM,0021,1,1,0,2,CLEAR,DRY,False,COLLISION WITH FIXED OBJECT NOT IN GORE ,SINGLE VEHICLE,CURVE & LEVEL,DARK-HWY LIGHTED/OFF,I 0064,I 0064,4/12/2021 8:54:28 AM,False,7633,Accepted,
28000368,0568000,LOUISVILLE METRO POLICE DEPT,Accepted,JEFFERSON,KY0022,,BALLARDSVILLE,RD,,,,,NETHERWOOD RIDGE,,HITT,38.317438379,-85.546865689,5.640,4/11/2021 12:00:00 AM,1036,1,1,0,1,CLOUDY,WET,False,OTHER ROADWAY OR MID-BLOCK COLLISION,SINGLE VEHICLE,CURVE & GRADE,DAYLIGHT,,,4/12/2021 8:55:07 AM,False,7316,Accepted,
28000369,0568000,LOUISVILLE METRO POLICE DEPT,Accepted,JEFFERSON,US0150,,BROADWAY,,E,,FLOYD,,,,,38.245442326,-85.749693683,2.845,4/11/2021 12:00:00 AM,1200,2,2,0,0,CLOUDY,WET,False,SIDESWIPE-SAME DIRECTION,SIDESWIPE-SAME DIRECTION,STRAIGHT & LEVEL,DAYLIGHT,,,4/12/2021 8:55:12 AM,False,7220,Accepted,
28000370,0568000,LOUISVILLE METRO POLICE DEPT,Accepted,JEFFERSON,KY0061,,PRESTON,HWY,,,VINEWOOD,,,,,38.166461236,-85.704162563,6.130,4/11/2021 12:00:00 AM,1154,2,2,0,1,CLOUDY,DRY,False,OTHER INTERSECTION COLLISIONS,REAR END,STRAIGHT & LEVEL,DAYLIGHT,,,4/12/2021 8:55:15 AM,False,5352,Accepted,
28008278,0561500,UNIV. OF LOUISVILLE POLICE,Accepted,JEFFERSON,KY1020,,2ND,ST,S,,,,,,,38.218819101,-85.761428469,10.187,4/11/2021 12:00:00 AM,2055,1,1,0,1,RAINING,WET,False,COLLISION WITH FIXED OBJECT NON - INTERSECTION - FIRST EVENT COLLISION 09 - 32 EXCLUDING 16,SINGLE VEHICLE,CURVE & LEVEL,DARK-HWY NOT LIGHTED,,,4/13/2021 10:52:04 PM,False,5676,Accepted,
28009800,0568000,LOUISVILLE METRO POLICE DEPT,Accepted,JEFFERSON,,,TENNESSEE,AVE,,US0060A,TAYLOR,,,,,38.209141490,-85.772806753,0.006,4/11/2021 12:00:00 AM,2245,2,2,0,1,CLOUDY,WET,False,ANGLE COLLISION - OTHER,ANGLE,STRAIGHT & LEVEL,DARK-HWY LIGHTED/ON,,,4/14/2021 8:42:54 AM,False,7462,Accepted,
28000406,0568000,LOUISVILLE METRO POLICE DEPT,Accepted,JEFFERSON,US0060A,,EASTERN,PKWY,,,,,ELLSWORTH,KY0061,PRESTON,38.213613198,-85.745296419,4.411,4/11/2021 12:00:00 AM,1935,3,3,0,0,RAINING,WET,False,REAR END IN TRAFFIC LANES BOTH VEHICLES MOVING,REAR END,STRAIGHT & LEVEL,DUSK,,,4/12/2021 8:56:31 AM,False,5204,Accepted,
28000407,0568000,LOUISVILLE METRO POLICE DEPT,Accepted,JEFFERSON,,1604,LINDA,WAY,,,LOUANE,,,,,38.175065812,-85.811758730,0.208,4/11/2021 12:00:00 AM,2040,2,2,0,0,CLEAR,WET,True,COLLISION WITH PARKED VEHICLE,REAR END,STRAIGHT & LEVEL,DARK-HWY LIGHTED/ON,,,4/12/2021 8:56:35 AM,False,5245,Accepted,
28000400,0568000,LOUISVILLE METRO POLICE DEPT,Accepted,JEFFERSON,,,26TH,ST,S,,DUMESNIL,,,,,38.236413306,-85.796391438,1.685,4/11/2021 12:00:00 AM,2228,2,2,0,3,CLEAR,WET,False,ANGLE COLLISION - OTHER,ANGLE,STRAIGHT & LEVEL,DARK-HWY LIGHTED/ON,,,4/12/2021 8:56:14 AM,False,5229,Accepted,
28000408,0568000,LOUISVILLE METRO POLICE DEPT,Accepted,JEFFERSON,,16,COLONIAL OAKS,CT,,,,,,,,38.174302193,-85.761686525,0.316,4/11/2021 12:00:00 AM,2339,1,1,0,0,CLEAR,WET,True,COLLISION IN PARKING LOT,SINGLE VEHICLE,STRAIGHT & LEVEL,DARK-HWY LIGHTED/OFF,,,4/12/2021 8:56:39 AM,False,5337,Accepted,
28000365,0568000,LOUISVILLE METRO POLICE DEPT,Accepted,JEFFERSON,I 0065,,,,,,,,,,,38.138005573,-85.709090502,1.416,4/11/2021 12:00:00 AM,0221,1,1,0,1,CLEAR,DRY,False,OVERTURNED ON RAMP,SINGLE VEHICLE,CURVE & HILLCREST,DARK-HWY NOT LIGHTED,I 0065,KY1065,4/12/2021 8:54:58 AM,False,5198,Accepted,
28000366,0568000,LOUISVILLE METRO POLICE DEPT,Accepted,JEFFERSON,,9850,PARK PLAZA,AVE,,,,,,,,38.309525083,-85.578772937,0.077,4/11/2021 12:00:00 AM,0730,2,2,0,0,CLEAR,WET,False,COLLISION IN PARKING LOT,ANGLE,CURVE & LEVEL,DAWN,,,4/12/2021 8:55:01 AM,False,7313,Accepted,
28000374,0568000,LOUISVILLE METRO POLICE DEPT,Accepted,JEFFERSON,KY1747,,HURSTBOURNE,PKWY,,,HAMES,,,,,38.166708706,-85.606536072,7.311,4/11/2021 12:00:00 AM,1412,2,2,0,1,RAINING,WET,False,ANGLE COLLISION - OTHER,ANGLE,STRAIGHT & LEVEL,DAYLIGHT,,,4/12/2021 8:55:24 AM,False,2959,Accepted,
28000375,0568000,LOUISVILLE METRO POLICE DEPT,Accepted,JEFFERSON,,,HARLAN,AVE,,,GRANT,,,,,38.201463778,-85.762517985,0.110,4/11/2021 12:00:00 AM,1514,2,2,0,0,RAINING,WET,False,ANGLE COLLISION - OTHER,ANGLE,STRAIGHT & LEVEL,DAYLIGHT,,,4/12/2021 8:55:27 AM,False,7977,Accepted,
28000376,0568000,LOUISVILLE METRO POLICE DEPT,Accepted,JEFFERSON,KY2053,,THIXTON,LN,,US0031E,BARDSTOWN,,,,,38.100677000,-85.565722109,7.173,4/11/2021 12:00:00 AM,1630,2,2,0,0,RAINING,WET,False,ANGLE COLLISION - OTHER,ANGLE,STRAIGHT & LEVEL,DAYLIGHT,,,4/12/2021 8:55:33 AM,False,6878,Accepted,
28000382,0568000,LOUISVILLE METRO POLICE DEPT,Accepted,JEFFERSON,,3029,VIRGINIA,AVE,,,,,,,,38.238491151,-85.804619382,0.460,4/11/2021 12:00:00 AM,1825,2,2,0,0,RAINING,WET,False,1 VEHICLE PARKED POSITION (NOT PARKING LOT/DRIVEWAY),REAR END,STRAIGHT & LEVEL,DAYLIGHT,,,4/12/2021 8:55:50 AM,False,7381,Accepted,
28000383,0568000,LOUISVILLE METRO POLICE DEPT,Accepted,JEFFERSON,,,BROADWAY,,W,US0031W,22ND,,,,,38.249220168,-85.788190265,0.001,4/11/2021 12:00:00 AM,1421,2,2,0,2,RAINING,WET,False,ANGLE COLLISION - OTHER,ANGLE,STRAIGHT & LEVEL,DAYLIGHT,,,4/12/2021 8:55:53 AM,False,5251,Accepted,
28000390,0568000,LOUISVILLE METRO POLICE DEPT,Accepted,JEFFERSON,,,3RD,ST,S,KY2801,FLORENCE,,,,,38.191612877,-85.764951210,0.620,4/11/2021 12:00:00 AM,2019,2,2,0,1,CLEAR,WET,False,ANGLE COLLISION - OTHER,ANGLE,STRAIGHT & LEVEL,DARK-HWY LIGHTED/ON,,,4/12/2021 8:56:02 AM,False,5163,Accepted,
28000350,0568000,LOUISVILLE METRO POLICE DEPT,Accepted,JEFFERSON,KY0061,,PRESTON,HWY,,,ROSE,,,,,38.175537254,-85.713672101,6.965,4/11/2021 12:00:00 AM,0435,2,2,0,0,CLEAR,DRY,False,COLLISION WITH PARKED VEHICLE,REAR END,STRAIGHT & LEVEL,DARK-HWY LIGHTED/ON,,,4/12/2021 8:54:44 AM,False,5300,Accepted,
28000359,0568000,LOUISVILLE METRO POLICE DEPT,Accepted,JEFFERSON,,,JEFFERSON,ST,W,,,,15TH,,13TH,38.255685137,-85.774033221,1.207,4/11/2021 12:00:00 AM,0708,2,2,0,1,CLOUDY,DRY,True,1 VEHICLE ENTERING/LEAVING ENTRANCE,ANGLE,STRAIGHT & GRADE,DAWN,,,4/12/2021 8:54:49 AM,False,5251,Accepted,
28000323,0568000,LOUISVILLE METRO POLICE DEPT,Accepted,JEFFERSON,US0031E,,BARDSTOWN,RD,,,,,,,,38.211407369,-85.671373097,,4/11/2021 12:00:00 AM,0124,2,2,0,0,CLEAR,DRY,False,OTHER ROADWAY OR MID-BLOCK COLLISION,REAR END,STRAIGHT & LEVEL,DARK-HWY LIGHTED/ON,,,4/12/2021 8:54:25 AM,False,2816,Accepted,
28187400,0568000,LOUISVILLE METRO POLICE DEPT,Accepted,JEFFERSON,US0060,,SHELBYVILLE,RD,,,,,WHITTINGTON,US0060,SHELBYVILLE,38.246668010,-85.580214940,7.680,4/11/2021 12:00:00 AM,0230,1,1,1,0,CLEAR,DRY,False,RAN OFF ROADWAY (1 VEHICLE WITH/EARTH EMBANKMENT/DITCH),SINGLE VEHICLE,STRAIGHT & LEVEL,DARK-HWY NOT LIGHTED,,,5/28/2021 8:35:14 AM,False,2308,Accepted,
28383382,0568000,LOUISVILLE METRO POLICE DEPT,Accepted,JEFFERSON,,,ST CATHERINE,ST,E,KY0061,PRESTON,,,,,38.236213072,-85.749100125,0.996,4/11/2021 12:00:00 AM,0021,2,2,0,0,CLEAR,DRY,False,ANGLE COLLISION - OTHER,ANGLE,STRAIGHT & LEVEL,DARK-HWY LIGHTED/ON,,,7/19/2021 8:15:45 AM,False,5249,Accepted,
28366372,0568000,LOUISVILLE METRO POLICE DEPT,Accepted,JEFFERSON,,,23RD,ST,S,,HALE,,,,,38.238639254,-85.792474590,1.068,4/10/2021 12:00:00 AM,0055,2,2,0,1,CLEAR,DRY,True,ANGLE COLLISION - OTHER,ANGLE,STRAIGHT & LEVEL,DARK-HWY LIGHTED/ON,,,7/14/2021 8:27:29 AM,False,5229,Accepted,
28029695,0568000,LOUISVILLE METRO POLICE DEPT,Accepted,JEFFERSON,,,GAULBERT,AVE,W,,,,,,,38.228058899,-85.793282704,0.810,4/10/2021 12:00:00 AM,2236,2,2,0,0,CLEAR,DRY,False,1 VEHICLE ENTERING/LEAVING ENTRANCE,ANGLE,STRAIGHT & LEVEL,DARK-HWY LIGHTED/ON,,,4/19/2021 9:08:47 AM,False,7154,Accepted,
28056421,0568000,LOUISVILLE METRO POLICE DEPT,Accepted,JEFFERSON,,,7TH,ST,S,,SHIPP,,,,,38.226102237,-85.769295992,0.609,4/10/2021 12:00:00 AM,0955,2,2,0,1,RAINING,WET,False,COLLISION WITH FIXED OBJECT IN INTERSECTION - FIRST EVENT COLLISION 09 - 32,ANGLE,STRAIGHT & LEVEL,DAYLIGHT,,,4/26/2021 9:28:51 AM,True,5308,Accepted,
28000331,0568000,LOUISVILLE METRO POLICE DEPT,Accepted,JEFFERSON,,1315,WALTER,AVE,,,,,LONSDALE,KY1865,TAYLOR,38.175829771,-85.783289888,0.327,4/10/2021 12:00:00 AM,1945,2,2,0,0,CLEAR,DRY,False,1 VEHICLE PARKED POSITION (NOT PARKING LOT/DRIVEWAY),SIDESWIPE-SAME DIRECTION,STRAIGHT & LEVEL,DUSK,,,4/12/2021 8:54:31 AM,False,5245,Accepted,
28000334,0568000,LOUISVILLE METRO POLICE DEPT,Accepted,JEFFERSON,KY1934,,CANE RUN,RD,,KY2051,LEES,,,,,38.184255676,-85.855105493,7.799,4/10/2021 12:00:00 AM,0331,2,2,0,0,CLEAR,DRY,False,OTHER INTERSECTION COLLISIONS,REAR END,STRAIGHT & LEVEL,DARK-HWY LIGHTED/ON,,,4/12/2021 8:54:34 AM,False,5170,Accepted,
28000281,0568000,LOUISVILLE METRO POLICE DEPT,Accepted,JEFFERSON,KY1747,,HURSTBOURNE,PKWY,N,,,,HEADLEY HILL,,WHIPPS MILL,38.274115475,-85.563706063,15.975,4/10/2021 12:00:00 AM,0900,3,3,0,0,RAINING,WET,False,REAR END IN TRAFFIC LANES BOTH VEHICLES MOVING,REAR END,STRAIGHT & LEVEL,DAYLIGHT,,,4/12/2021 8:52:47 AM,False,2013,Accepted,
28000282,0568000,LOUISVILLE METRO POLICE DEPT,Accepted,JEFFERSON,I 0064,,I64 W,,,,,,,,,38.228945951,-85.595758806,13.879,4/10/2021 12:00:00 AM,0900,1,1,0,1,RAINING,WET,False,OTHER ROADWAY OR MID-BLOCK COLLISION,SINGLE VEHICLE,STRAIGHT & LEVEL,DAYLIGHT,,,4/12/2021 8:52:50 AM,False,7631,Accepted,
28000289,0568000,LOUISVILLE METRO POLICE DEPT,Accepted,JEFFERSON,KY1230,4443,CANE RUN,RD,,,,,,,,38.176926492,-85.872001270,7.777,4/10/2021 12:00:00 AM,1100,1,1,0,0,RAINING,WET,False,COLLISION IN PARKING LOT,SINGLE VEHICLE,STRAIGHT & LEVEL,DAYLIGHT,,,4/12/2021 8:53:13 AM,False,5161,Accepted,
28000290,0568000,LOUISVILLE METRO POLICE DEPT,Accepted,JEFFERSON,KY2251,,BARDSTOWN,RD,,,BUECHEL,,,,,38.192369011,-85.647559345,0.228,4/10/2021 12:00:00 AM,1344,2,2,0,1,RAINING,WET,True,ANGLE COLLISION - ONE VEHICLE TURNING LEFT,ANGLE,STRAIGHT & LEVEL,DAYLIGHT,,,4/12/2021 8:53:16 AM,False,7864,Accepted,
28000291,0568000,LOUISVILLE METRO POLICE DEPT,Accepted,JEFFERSON,KY1747,,HURSTBOURNE,PKWY,S,,STONY BROOK,,,,,38.171077708,-85.604312475,7.632,4/10/2021 12:00:00 AM,1344,2,2,0,0,RAINING,WET,False,OTHER INTERSECTION COLLISIONS,REAR END,STRAIGHT & GRADE,DAYLIGHT,,,4/12/2021 8:53:20 AM,False,2959,Accepted,
28000297,0568000,LOUISVILLE METRO POLICE DEPT,Accepted,JEFFERSON,I 0065,,I65 N,,,,,I 0065,I65 N EXIT127 OFF RAMP TO KY1065,I 0065,I65 N EXIT128 OFF RAMP TO KY1631,38.131793622,-85.703727985,126.334,4/10/2021 12:00:00 AM,1450,1,1,0,0,RAINING,WET,False,COLLISION WITH FIXED OBJECT NON - INTERSECTION - FIRST EVENT COLLISION 09 - 32 EXCLUDING 16,SINGLE VEHICLE,STRAIGHT & LEVEL,DAYLIGHT,,,4/12/2021 8:53:38 AM,False,2324,Accepted,
28000298,0568000,LOUISVILLE METRO POLICE DEPT,Accepted,JEFFERSON,KY1934,,CANE RUN,RD,,,,,,,,38.196456281,-85.841237683,8.889,4/10/2021 12:00:00 AM,1514,3,3,0,1,RAINING,WET,True,REAR END IN TRAFFIC LANES BOTH VEHICLES MOVING,REAR END,STRAIGHT & GRADE,DAYLIGHT,,,4/12/2021 8:53:41 AM,False,5161,Accepted,
28000306,0568000,LOUISVILLE METRO POLICE DEPT,Accepted,JEFFERSON,,,HALE,AVE,,,41ST,,,,,38.241345350,-85.820458277,2.209,4/10/2021 12:00:00 AM,1740,2,2,0,0,CLEAR,DRY,False,COLLISION WITH PARKED VEHICLE,REAR END,STRAIGHT & LEVEL,DAYLIGHT,,,4/12/2021 8:53:53 AM,False,7437,Accepted,
28000373,0568000,LOUISVILLE METRO POLICE DEPT,Accepted,JEFFERSON,KY1747,,HURSTBOURNE,PKWY,S,,BUNSEN,,,,,38.218803385,-85.584058962,11.460,4/10/2021 12:00:00 AM,1812,2,2,0,1,CLOUDY,DRY,False,ANGLE COLLISION - ONE VEHICLE TURNING LEFT,ANGLE,STRAIGHT & LEVEL,DAYLIGHT,,,4/12/2021 8:55:21 AM,False,7851,Accepted,
28000300,0568000,LOUISVILLE METRO POLICE DEPT,Accepted,JEFFERSON,,1748,HILL,ST,W,,MCCLOSKEY,,,,,38.228189809,-85.787312538,1.666,4/10/2021 12:00:00 AM,1550,2,1,0,1,CLOUDY,WET,False,COLLISION WITH PEDESTRIAN IN INTERSECTION,SINGLE VEHICLE,STRAIGHT & LEVEL,DAYLIGHT,,,4/12/2021 8:53:47 AM,False,7184,Accepted,
28000308,0568000,LOUISVILLE METRO POLICE DEPT,Accepted,JEFFERSON,I 0264,,I264 E,,,,,,,,,38.209103745,-85.827600787,5.048,4/10/2021 12:00:00 AM,1800,2,2,0,2,CLEAR,DRY,False,REAR END IN TRAFFIC LANES BOTH VEHICLES MOVING,REAR END,STRAIGHT & LEVEL,DAYLIGHT,,,4/12/2021 8:53:58 AM,False,5161,Accepted,
28000317,0568000,LOUISVILLE METRO POLICE DEPT,Accepted,JEFFERSON,KY0864,5016,POPLAR LEVEL,RD,,,,,,,,38.165346820,-85.680222044,8.718,4/10/2021 12:00:00 AM,1307,2,2,0,2,RAINING,WET,False,REAR END IN TRAFFIC LANES BOTH VEHICLES MOVING,REAR END,STRAIGHT & LEVEL,DAYLIGHT,,,4/12/2021 8:54:12 AM,False,5106,Accepted,
28000266,0568000,LOUISVILLE METRO POLICE DEPT,Accepted,JEFFERSON,,4600,TIPSY,CIR,,,,,,,,38.191924631,-85.845275342,0.116,4/10/2021 12:00:00 AM,0302,2,2,0,0,CLEAR,DRY,False,1 VEHICLE PARKED POSITION (NOT PARKING LOT/DRIVEWAY),ANGLE,STRAIGHT & LEVEL,DARK-HWY LIGHTED/ON,,,4/12/2021 8:52:12 AM,False,7312,Accepted,
28000275,0568000,LOUISVILLE METRO POLICE DEPT,Accepted,JEFFERSON,US0060,,SHELBYVILLE,RD,,,WHITTINGTON,,,,,38.246757549,-85.581211010,7.626,4/10/2021 12:00:00 AM,0508,1,1,0,1,CLEAR,DRY,False,COLLISION WITH FIXED OBJECT IN INTERSECTION - FIRST EVENT COLLISION 09 - 32,SINGLE VEHICLE,STRAIGHT & LEVEL,DARK-HWY LIGHTED/ON,,,4/12/2021 8:52:35 AM,False,7096,Accepted,
28000364,0568000,LOUISVILLE METRO POLICE DEPT,Accepted,JEFFERSON,,,VIRGINIA,AVE,,,26TH,,,,,38.237789878,-85.796371218,0.008,4/10/2021 12:00:00 AM,1416,2,2,0,0,CLOUDY,DRY,False,ANGLE COLLISION - OTHER,ANGLE,STRAIGHT & LEVEL,DAYLIGHT,,,4/12/2021 8:54:55 AM,False,5151,Accepted,
28014511,0568000,LOUISVILLE METRO POLICE DEPT,Accepted,JEFFERSON,KY1703,,NEWBURG,RD,,,BISHOP,,,,,38.200656670,-85.685597655,1.969,4/10/2021 12:00:00 AM,1215,2,2,1,1,RAINING,WET,False,ANGLE COLLISION - OTHER,ANGLE,STRAIGHT & LEVEL,DAYLIGHT,,,4/15/2021 8:53:04 AM,False,2217,Accepted,
28000271,0568000,LOUISVILLE METRO POLICE DEPT,Accepted,JEFFERSON,,2112,DUNCAN,ST,,,,,,,,38.262519940,-85.784647698,0.418,4/10/2021 12:00:00 AM,0540,1,1,0,0,CLOUDY,DRY,False,COLLISION WITH FIXED OBJECT NON - INTERSECTION - FIRST EVENT COLLISION 09 - 32 EXCLUDING 16,SINGLE VEHICLE,STRAIGHT & LEVEL,OTHER,,,4/12/2021 8:52:27 AM,False,7173,Accepted,
28000288,0568000,LOUISVILLE METRO POLICE DEPT,Accepted,JEFFERSON,KY1065,,OUTER,LOOP,,,,,CAROL,,NOLTEMEYER WYNDE,38.138243481,-85.682681417,6.281,4/10/2021 12:00:00 AM,1140,2,2,0,0,RAINING,WET,False,OTHER ROADWAY OR MID-BLOCK COLLISION,REAR END,STRAIGHT & LEVEL,DAYLIGHT,,,4/12/2021 8:53:10 AM,False,2547,Accepted,
28000295,0568000,LOUISVILLE METRO POLICE DEPT,Accepted,JEFFERSON,,,PRODUCE,RD,,,,,,,,38.179370768,-85.691702488,0.015,4/10/2021 12:00:00 AM,1108,2,2,0,1,RAINING,WET,False,OTHER ROADWAY OR MID-BLOCK COLLISION,OPPOSING LEFT TURN,STRAIGHT & LEVEL,DAYLIGHT,,,4/12/2021 8:53:31 AM,False,5352,Accepted,
28000296,0568000,LOUISVILLE METRO POLICE DEPT,Accepted,JEFFERSON,US0150,,BROADWAY,,W,,,,19TH,,20TH,38.249094112,-85.784094088,0.958,4/10/2021 12:00:00 AM,1300,2,2,0,2,RAINING,WET,False,SIDESWIPE COLLISION - SAME DIRECTION,SIDESWIPE-SAME DIRECTION,STRAIGHT & LEVEL,DAYLIGHT,,,4/12/2021 8:53:35 AM,False,7220,Accepted,
28000313,0568000,LOUISVILLE METRO POLICE DEPT,Accepted,JEFFERSON,,,CENTRAL,AVE,,KY1020,3RD,,,,,38.204796848,-85.763936159,0.353,4/10/2021 12:00:00 AM,1832,2,2,0,0,CLOUDY,DRY,False,HEAD-ON COLLISION,HEAD ON,STRAIGHT & LEVEL,DAYLIGHT,,,4/12/2021 8:54:04 AM,False,7977,Accepted,
28000343,0568000,LOUISVILLE METRO POLICE DEPT,Accepted,JEFFERSON,US0060A,,BERRY,BLVD,,,GEORGETOWN,,,,,38.196632801,-85.792943619,0.918,4/10/2021 12:00:00 AM,2103,2,2,0,0,CLOUDY,WET,True,ANGLE COLLISION - OTHER,ANGLE,STRAIGHT & LEVEL,DARK-HWY LIGHTED/ON,,,4/12/2021 8:54:41 AM,False,7455,Accepted,
28000360,0568000,LOUISVILLE METRO POLICE DEPT,Accepted,JEFFERSON,,,3RD,ST,S,,WELLINGTON,,,,,38.183912420,-85.765805198,1.155,4/10/2021 12:00:00 AM,2152,2,1,0,0,CLEAR,DRY,False,COLLISION WITH BICYCLE IN INTERSECTION,SINGLE VEHICLE,STRAIGHT & LEVEL,DARK-HWY LIGHTED/ON,,,4/12/2021 8:54:52 AM,False,5337,Accepted,
28000285,0568000,LOUISVILLE METRO POLICE DEPT,Accepted,JEFFERSON,US0031W,,DIXIE,HWY,,KY0907,VALLEY STATION,,,,,38.107645877,-85.866714989,8.634,4/10/2021 12:00:00 AM,0955,2,2,0,0,RAINING,WET,False,ANGLE COLLISION - OTHER,ANGLE,STRAIGHT & LEVEL,DAYLIGHT,,,4/12/2021 8:52:55 AM,False,7306,Accepted,
28000286,0568000,LOUISVILLE METRO POLICE DEPT,Accepted,JEFFERSON,US0031W,,DR W J HODGE,ST,,,MAPLE,,,,,38.247448833,-85.786860355,19.528,4/10/2021 12:00:00 AM,0900,2,2,0,1,CLOUDY,DRY,True,SIDESWIPE-SAME DIRECTION,SIDESWIPE-SAME DIRECTION,STRAIGHT & LEVEL,DAYLIGHT,,,4/12/2021 8:53:00 AM,False,7879,Accepted,
28000293,0568000,LOUISVILLE METRO POLICE DEPT,Accepted,JEFFERSON,,,4TH,ST,S,,HEYWOOD,,,,,38.206410573,-85.765348464,3.495,4/10/2021 12:00:00 AM,1200,2,2,0,0,RAINING,WATER (STANDING OR MOVING),False,ANGLE COLLISION - OTHER,ANGLE,STRAIGHT & LEVEL,DAYLIGHT,,,4/12/2021 8:53:25 AM,False,2499,Accepted,
28000303,0568000,LOUISVILLE METRO POLICE DEPT,Accepted,JEFFERSON,KY1747,,FERN VALLEY,RD,,KY6319,SIGNATURE,,,,,38.157300781,-85.714430707,0.974,4/10/2021 12:00:00 AM,1630,2,2,0,0,CLOUDY,DRY,False,HEAD-ON COLLISION,HEAD ON,STRAIGHT & LEVEL,DAYLIGHT,,,4/12/2021 8:53:50 AM,False,5297,Accepted,
28000310,0568000,LOUISVILLE METRO POLICE DEPT,Accepted,JEFFERSON,KY1747,,HURSTBOURNE,PKWY,S,,,,VASSEL,KY1747,KY1747 CROSSOVER,38.159237104,-85.630173563,5.859,4/10/2021 12:00:00 AM,1738,2,2,0,3,CLOUDY,DRY,False,HEAD-ON COLLISION,HEAD ON,CURVE & GRADE,DAYLIGHT,,,4/12/2021 8:54:01 AM,False,6937,Accepted,
28000318,0568000,LOUISVILLE METRO POLICE DEPT,Accepted,JEFFERSON,,,29TH,ST,N,KY3064,PORTLAND,,,,,38.272831468,-85.794912953,0.168,4/10/2021 12:00:00 AM,2030,4,4,0,0,CLOUDY,WET,True,COLLISION WITH PARKED VEHICLE,REAR END,STRAIGHT & LEVEL,OTHER,,,4/12/2021 8:54:16 AM,False,7173,Accepted,
28000371,0568000,LOUISVILLE METRO POLICE DEPT,Accepted,JEFFERSON,US0031E,,BARDSTOWN,RD,,,GOLDSMITH,,,,,38.208329496,-85.669072727,11.772,4/10/2021 12:00:00 AM,1551,3,3,0,0,CLOUDY,DRY,True,OTHER INTERSECTION COLLISIONS,REAR END,STRAIGHT & LEVEL,DAYLIGHT,,,4/12/2021 8:55:18 AM,False,7851,Accepted,
28000380,0568000,LOUISVILLE METRO POLICE DEPT,Accepted,JEFFERSON,,3738,WARREN,AVE,,,,,,,,38.189882127,-85.776535818,0.016,4/10/2021 12:00:00 AM,1300,1,1,0,0,RAINING,WET,False,COLLISION WITH FIXED OBJECT NON - INTERSECTION - FIRST EVENT COLLISION 09 - 32 EXCLUDING 16,SINGLE VEHICLE,STRAIGHT & LEVEL,DAYLIGHT,,,4/12/2021 8:55:45 AM,False,7298,Accepted,
28000377,0568000,LOUISVILLE METRO POLICE DEPT,Accepted,JEFFERSON,,,KENTUCKY,ST,W,,,,9TH,,11TH,38.240597547,-85.769672371,2.975,4/10/2021 12:00:00 AM,1700,2,2,0,0,CLOUDY,WET,True,SIDESWIPE COLLISION - OPPOSITE DIRECTION,SIDESWIPE-OPPOSITE DIRECTION,STRAIGHT & LEVEL,DAYLIGHT,,,4/12/2021 8:55:36 AM,True,5318,Accepted,
28019432,0568000,LOUISVILLE METRO POLICE DEPT,Accepted,JEFFERSON,US0031E,,BARDSTOWN,RD,,,,,WINGFIELD,I 0265,I265 E EXIT17 ON RAMP FROM US31E,38.138664174,-85.581709734,4.703,4/10/2021 12:00:00 AM,1510,2,2,0,0,CLOUDY,WET,False,REAR END IN TRAFFIC LANES BOTH VEHICLES MOVING,REAR END,STRAIGHT & LEVEL,DAYLIGHT,,,4/16/2021 9:15:34 AM,False,2583,Accepted,