IncidentID,AgencyORI,AgencyName,IncidentStatusDesc,County,RdwyNumber,Street,RoadwayName,StreetSfx,StreetDir,IntersectionRdwy,IntersectionRdwyName,BetweenStRdwy1,BetweenStRdwyName1,BetweenStRdwy2,BetweenStRdwyName2,Latitude,Longitude,Milepoint,CollisionDate,CollisionTime,UnitsInvolved,MotorVehiclesInvolved,NumberKilled,NumberInjured,Weather,RdwyConditionCode,HitandRun,DirAnalysisCode,MannerofCollision,RdwyCharacter,LightCondition,RampFromRdwyId,RampToRdwyId,AcceptedDate,IsSecondaryCollision,OwnerBadge,IncidentStatus,
28029691,0568000,LOUISVILLE METRO POLICE DEPT,Accepted,JEFFERSON,,6905,SHEPHERDSVILLE,RD,,,,,,,,38.137504619,-85.657708279,0.103,4/10/2021 12:00:00 AM,1600,2,2,0,0,CLEAR,DRY,False,COLLISION IN PARKING LOT,REAR TO REAR,STRAIGHT & HILLCREST,DAYLIGHT,,,4/19/2021 9:08:25 AM,False,7725,Accepted,
28000396,0568000,LOUISVILLE METRO POLICE DEPT,Accepted,JEFFERSON,KY0864,,POPLAR LEVEL,RD,,,GILMORE,,,,,38.182688172,-85.698356835,10.289,4/9/2021 12:00:00 AM,0949,2,2,0,0,CLEAR,DRY,False,ANGLE COLLISION - OTHER,ANGLE,STRAIGHT & LEVEL,DAYLIGHT,,,4/12/2021 8:56:08 AM,False,7980,Accepted,
28005110,0568000,LOUISVILLE METRO POLICE DEPT,Accepted,JEFFERSON,,,MARYMAN,RD,,,ARLIS,,,,,38.133766954,-85.850160951,0.227,4/9/2021 12:00:00 AM,1725,1,1,0,1,CLEAR,DRY,False,COLLISION WITH FIXED OBJECT IN INTERSECTION - FIRST EVENT COLLISION 09 - 32,SINGLE VEHICLE,CURVE & LEVEL,DAYLIGHT,,,4/13/2021 8:37:04 AM,False,2311,Accepted,
28000244,0568000,LOUISVILLE METRO POLICE DEPT,Accepted,JEFFERSON,KY2054,,ALGONQUIN,PKWY,,US0031W,22ND,,,,,38.223344933,-85.795421324,1.486,4/9/2021 12:00:00 AM,1500,2,2,0,1,CLEAR,DRY,True,OTHER INTERSECTION COLLISIONS,REAR END,STRAIGHT & LEVEL,DAYLIGHT,,,4/12/2021 8:51:25 AM,False,5132,Accepted,
28000245,0568000,LOUISVILLE METRO POLICE DEPT,Accepted,JEFFERSON,KY2251,,BARDSTOWN,RD,,US0031E,BUECHEL,,,,,38.200266478,-85.662314600,1.186,4/9/2021 12:00:00 AM,1506,1,1,0,1,CLEAR,DRY,False,COLLISION WITH FIXED OBJECT IN INTERSECTION - FIRST EVENT COLLISION 09 - 32,SINGLE VEHICLE,STRAIGHT & LEVEL,DAYLIGHT,,,4/12/2021 8:51:28 AM,False,5146,Accepted,
28000254,0568000,LOUISVILLE METRO POLICE DEPT,Accepted,JEFFERSON,KY1865,,NEW CUT,RD,,,,,,,,38.150010613,-85.776190341,2.956,4/9/2021 12:00:00 AM,1645,2,2,0,0,CLEAR,DRY,False,1 VEHICLE ENTERING/LEAVING ENTRANCE,ANGLE,STRAIGHT & LEVEL,DAYLIGHT,,,4/12/2021 8:51:54 AM,False,5302,Accepted,
28000255,0568000,LOUISVILLE METRO POLICE DEPT,Accepted,JEFFERSON,,,LEE,ST,W,,RILEY,,,,,38.223473637,-85.763202060,1.090,4/9/2021 12:00:00 AM,1645,2,2,0,0,CLEAR,DRY,False,ANGLE COLLISION - OTHER,ANGLE,STRAIGHT & LEVEL,DAYLIGHT,,,4/12/2021 8:51:57 AM,False,7257,Accepted,
28000278,0568000,LOUISVILLE METRO POLICE DEPT,Accepted,JEFFERSON,KY1865,,TAYLOR,BLVD,,,,,ASHLAND,I 0264,I264 E EXIT9 ON RAMP FROM KY1865 S,38.187002292,-85.783713889,5.555,4/9/2021 12:00:00 AM,2308,2,2,0,0,CLEAR,DRY,True,SIDESWIPE COLLISION - SAME DIRECTION,SIDESWIPE-SAME DIRECTION,STRAIGHT & LEVEL,DARK-HWY LIGHTED/ON,,,4/12/2021 8:52:38 AM,False,7426,Accepted,
28000279,0568000,LOUISVILLE METRO POLICE DEPT,Accepted,JEFFERSON,KY0061,9500,PRESTON,HWY,,,,,,,,38.113878316,-85.676112121,2.122,4/9/2021 12:00:00 AM,1834,2,1,0,1,CLEAR,DRY,True,COLLISION IN PARKING LOT,SINGLE VEHICLE,STRAIGHT & LEVEL,DAYLIGHT,,,4/12/2021 8:52:41 AM,False,6937,Accepted,
28000243,0568000,LOUISVILLE METRO POLICE DEPT,Accepted,JEFFERSON,US0031E,,BARDSTOWN,RD,,,,,JEFFERSON,,FERN CREEK,38.158503105,-85.591385418,6.175,4/9/2021 12:00:00 AM,1516,3,3,0,0,CLEAR,DRY,False,OTHER ROADWAY OR MID-BLOCK COLLISION,REAR END,STRAIGHT & LEVEL,DAYLIGHT,,,4/12/2021 8:51:21 AM,False,7755,Accepted,
28000251,0568000,LOUISVILLE METRO POLICE DEPT,Accepted,JEFFERSON,KY1703,,NEWBURG,RD,,,INDIAN,,,,,38.184628543,-85.665434937,0.505,4/9/2021 12:00:00 AM,1710,2,2,0,0,CLEAR,DRY,False,ANGLE COLLISION - OTHER,ANGLE,STRAIGHT & LEVEL,DAYLIGHT,,,4/12/2021 8:51:48 AM,False,7879,Accepted,
28000253,0568000,LOUISVILLE METRO POLICE DEPT,Accepted,JEFFERSON,,,MAGNOLIA,AVE,W,KY1020,3RD,,,,,38.228977019,-85.759708775,0.182,4/9/2021 12:00:00 AM,1243,2,2,0,1,CLEAR,DRY,False,OTHER INTERSECTION COLLISIONS,REAR END,STRAIGHT & LEVEL,DAYLIGHT,,,4/12/2021 8:51:51 AM,False,5186,Accepted,
28000269,0568000,LOUISVILLE METRO POLICE DEPT,Accepted,JEFFERSON,US0031E,5240,BARDSTOWN,RD,,,,,,,,38.169062682,-85.605443228,7.268,4/9/2021 12:00:00 AM,2049,2,2,0,1,CLEAR,DRY,True,SIDESWIPE COLLISION - OPPOSITE DIRECTION,SIDESWIPE-OPPOSITE DIRECTION,STRAIGHT & LEVEL,DARK-HWY LIGHTED/ON,,,4/12/2021 8:52:18 AM,False,5222,Accepted,
28000237,0568000,LOUISVILLE METRO POLICE DEPT,Accepted,JEFFERSON,US0031W,,MARKET,ST,W,,ROY WILKINS,,,,,38.256210202,-85.765462996,21.338,4/9/2021 12:00:00 AM,0938,2,2,0,0,CLEAR,DRY,True,OTHER INTERSECTION COLLISIONS,REAR END,STRAIGHT & LEVEL,DAYLIGHT,,,4/12/2021 8:50:55 AM,False,7937,Accepted,
27989990,0568000,LOUISVILLE METRO POLICE DEPT,Accepted,JEFFERSON,KY1020,,3RD,ST,S,,CARDINAL,,,,,38.220693315,-85.761103502,10.315,4/9/2021 12:00:00 AM,0007,2,2,0,0,CLEAR,DRY,False,ANGLE COLLISION - OTHER,ANGLE,STRAIGHT & LEVEL,DARK-HWY LIGHTED/ON,,,4/9/2021 8:37:35 AM,False,5301,Accepted,
27989991,0568000,LOUISVILLE METRO POLICE DEPT,Accepted,JEFFERSON,,8107,SHEPHERDSVILLE,RD,,,,,,,,38.132038266,-85.659759696,0.499,4/9/2021 12:00:00 AM,0502,1,1,0,1,CLEAR,DRY,False,COLLISION WITH FIXED OBJECT NON - INTERSECTION - FIRST EVENT COLLISION 09 - 32 EXCLUDING 16,SINGLE VEHICLE,STRAIGHT & LEVEL,DARK-HWY LIGHTED/ON,,,4/9/2021 8:37:40 AM,False,5214,Accepted,
28014537,0568000,LOUISVILLE METRO POLICE DEPT,Accepted,JEFFERSON,US0031E,6900,BARDSTOWN,RD,,,,,,,,38.147549321,-85.586048855,5.371,4/9/2021 12:00:00 AM,1700,2,2,0,0,CLEAR,DRY,True,COLLISION IN PARKING LOT,ANGLE,STRAIGHT & LEVEL,DAYLIGHT,,,4/15/2021 8:54:25 AM,False,7755,Accepted,
28000356,0568000,LOUISVILLE METRO POLICE DEPT,Accepted,JEFFERSON,KY1065,,OUTER,LOOP,,KY1865,NEW CUT,,,,,38.126447502,-85.776233152,1.022,4/9/2021 12:00:00 AM,1855,2,2,0,0,CLEAR,DRY,True,OTHER INTERSECTION COLLISIONS,REAR END,STRAIGHT & LEVEL,DAYLIGHT,,,4/12/2021 8:54:46 AM,False,7115,Accepted,
28000284,0568000,LOUISVILLE METRO POLICE DEPT,Accepted,JEFFERSON,,10850,SOUTHGATE MANOR,DR,,,,,,,,38.089409137,-85.672199257,0.118,4/9/2021 12:00:00 AM,1448,2,2,0,0,CLEAR,DRY,False,1 VEHICLE PARKED POSITION (NOT PARKING LOT/DRIVEWAY),BACKING,STRAIGHT & LEVEL,DAYLIGHT,,,4/12/2021 8:52:52 AM,False,7799,Accepted,
28000299,0568000,LOUISVILLE METRO POLICE DEPT,Accepted,JEFFERSON,US0042,,BROWNSBORO,RD,,,PENNSYLVANIA,,,,,38.260926687,-85.684783022,2.805,4/9/2021 12:00:00 AM,1430,2,2,0,1,CLEAR,DRY,False,REAR END - ONE VEHICLE TURNING LEFT,REAR END,STRAIGHT & LEVEL,DAYLIGHT,,,4/12/2021 8:53:44 AM,False,2673,Accepted,
28056473,0568000,LOUISVILLE METRO POLICE DEPT,Accepted,JEFFERSON,I 0064,,I64 W,,,I 0064,I64 W EXIT1 RAMP TO I264 E,,,,,38.277233440,-85.807141315,1.083,4/9/2021 12:00:00 AM,1400,1,1,0,1,CLEAR,DRY,False,NON-COLLISION OBJECT COLLISION,SINGLE VEHICLE,STRAIGHT & GRADE,DAYLIGHT,,,4/26/2021 9:33:15 AM,False,5353,Accepted,
28000381,0568000,LOUISVILLE METRO POLICE DEPT,Accepted,JEFFERSON,,,HIKES,LN,,,,,,,,38.201428275,-85.656174314,1.130,4/9/2021 12:00:00 AM,1900,2,2,0,0,CLEAR,DRY,True,COLLISION IN PARKING LOT,BACKING,STRAIGHT & LEVEL,DAYLIGHT,,,4/12/2021 8:55:48 AM,False,5178,Accepted,
28056474,0568000,LOUISVILLE METRO POLICE DEPT,Accepted,JEFFERSON,,,JEFFERSON,ST,W,,8TH,,,,,38.254573583,-85.763645696,0.635,4/9/2021 12:00:00 AM,1635,3,3,0,4,CLEAR,DRY,False,ANGLE COLLISION - OTHER,ANGLE,STRAIGHT & LEVEL,DAYLIGHT,,,4/26/2021 9:33:20 AM,True,5353,Accepted,
28000249,0568000,LOUISVILLE METRO POLICE DEPT,Accepted,JEFFERSON,I 0065,,I65 N,,,,,I 0065,I65 N EXIT133A OFF RAMP TO  EASTERN PKWY,I 0065,I65 N EXIT132 ON RAMP FROM  CRITTENDEN DR,38.209341359,-85.752647576,132.703,4/9/2021 12:00:00 AM,1128,2,2,0,0,CLEAR,DRY,False,REAR END IN TRAFFIC LANES BOTH VEHICLES MOVING,REAR END,STRAIGHT & LEVEL,DAYLIGHT,,,4/12/2021 8:51:42 AM,False,7145,Accepted,
28000250,0568000,LOUISVILLE METRO POLICE DEPT,Accepted,JEFFERSON,US0031E,,BARDSTOWN,RD,,,,,,,,38.216428678,-85.675627099,12.456,4/9/2021 12:00:00 AM,1711,3,3,0,0,CLEAR,DRY,False,REAR END IN TRAFFIC LANES BOTH VEHICLES MOVING,REAR END,STRAIGHT & LEVEL,DAYLIGHT,,,4/12/2021 8:51:45 AM,False,6813,Accepted,
28000259,0568000,LOUISVILLE METRO POLICE DEPT,Accepted,JEFFERSON,US0031E,2110,BARDSTOWN,RD,,,,,,,,38.224671681,-85.694097710,13.654,4/9/2021 12:00:00 AM,2125,2,2,0,1,CLEAR,DRY,False,SIDESWIPE COLLISION - SAME DIRECTION,SIDESWIPE-SAME DIRECTION,STRAIGHT & LEVEL,DARK-HWY LIGHTED/ON,,,4/12/2021 8:52:03 AM,False,5330,Accepted,
28000256,0568000,LOUISVILLE METRO POLICE DEPT,Accepted,JEFFERSON,,,FAIRGROUND,RD,,,MICHAEL EDWARD,,,,,38.172694544,-85.584548435,1.239,4/9/2021 12:00:00 AM,1852,2,2,0,1,CLEAR,DRY,False,ANGLE COLLISION - OTHER,ANGLE,STRAIGHT & LEVEL,DAYLIGHT,,,4/12/2021 8:52:00 AM,False,7755,Accepted,
28000264,0568000,LOUISVILLE METRO POLICE DEPT,Accepted,JEFFERSON,,,26TH,ST,N,,MAIN,,,,,38.260745025,-85.793574943,0.001,4/9/2021 12:00:00 AM,2205,2,1,0,1,CLEAR,DRY,False,COLLISION WITH BICYCLE IN INTERSECTION,SINGLE VEHICLE,STRAIGHT & LEVEL,DARK-HWY NOT LIGHTED,,,4/12/2021 8:52:08 AM,False,7386,Accepted,
28000273,0568000,LOUISVILLE METRO POLICE DEPT,Accepted,JEFFERSON,KY1747,,FERN VALLEY,RD,,,INDUSTRIAL,,,,,38.157027070,-85.708360263,1.309,4/9/2021 12:00:00 AM,2157,2,2,0,0,CLEAR,DRY,False,ANGLE COLLISION - OTHER,ANGLE,STRAIGHT & LEVEL,DARK-HWY LIGHTED/ON,,,4/12/2021 8:52:31 AM,False,5264,Accepted,
27989997,0568000,LOUISVILLE METRO POLICE DEPT,Accepted,JEFFERSON,KY1020,,NATIONAL,TPKE,,,,,PATRICK HENRY,,TOLLS,38.137995254,-85.753242476,4.448,4/9/2021 12:00:00 AM,0627,2,2,0,0,CLEAR,DRY,False,1 VEHICLE ENTERING/LEAVING ENTRANCE,ANGLE,STRAIGHT & LEVEL,DAWN,,,4/9/2021 8:38:05 AM,False,5312,Accepted,
28000240,0568000,LOUISVILLE METRO POLICE DEPT,Accepted,JEFFERSON,KY1934,,CANE RUN,RD,,,MARGEE,,,,,38.192476236,-85.846215640,8.459,4/9/2021 12:00:00 AM,1254,2,2,0,1,CLEAR,DRY,False,ANGLE COLLISION - OTHER,ANGLE,STRAIGHT & LEVEL,DAYLIGHT,,,4/12/2021 8:51:06 AM,False,7467,Accepted,
28000241,0568000,LOUISVILLE METRO POLICE DEPT,Accepted,JEFFERSON,US0031W,,MARKET,ST,W,,,KY1020,3RD,,4TH,38.255288603,-85.756740557,21.855,4/9/2021 12:00:00 AM,1311,2,2,0,0,CLEAR,DRY,False,SIDESWIPE COLLISION - SAME DIRECTION,SIDESWIPE-SAME DIRECTION,STRAIGHT & LEVEL,DAYLIGHT,,,4/12/2021 8:51:11 AM,False,7937,Accepted,
28000242,0568000,LOUISVILLE METRO POLICE DEPT,Accepted,JEFFERSON,I 0064,,I64 E,,,,,,,,,38.222825941,-85.511340224,18.663,4/9/2021 12:00:00 AM,1228,2,2,0,0,CLEAR,DRY,False,REAR END IN TRAFFIC LANES BOTH VEHICLES MOVING,REAR END,STRAIGHT & LEVEL,DAYLIGHT,,,4/12/2021 8:51:17 AM,False,5102,Accepted,
28000239,0568000,LOUISVILLE METRO POLICE DEPT,Accepted,JEFFERSON,I 0064,,I64 W,,,I 0064,I64 W EXIT19B RAMP TO I265 N,,,,,38.222466147,-85.493287013,20.200,4/9/2021 12:00:00 AM,1240,2,2,0,0,CLEAR,DRY,False,SIDESWIPE-SAME DIRECTION,SIDESWIPE-SAME DIRECTION,STRAIGHT & LEVEL,DAYLIGHT,,,4/12/2021 8:51:03 AM,False,2013,Accepted,
28000247,0568000,LOUISVILLE METRO POLICE DEPT,Accepted,JEFFERSON,KY1065,,OUTER,LOOP,,KY6162,MINOR,,,,,38.136493758,-85.713394468,4.565,4/9/2021 12:00:00 AM,1352,2,2,0,2,CLEAR,DRY,True,ANGLE COLLISION - OTHER,ANGLE,STRAIGHT & LEVEL,DAYLIGHT,,,4/12/2021 8:51:33 AM,False,6937,Accepted,
27989989,0568000,LOUISVILLE METRO POLICE DEPT,Accepted,JEFFERSON,,,1ST,ST,S,,MUHAMMAD ALI,,,,,38.250629327,-85.752499135,0.379,4/9/2021 12:00:00 AM,0445,2,2,0,1,CLEAR,DRY,False,ANGLE COLLISION - OTHER,ANGLE,STRAIGHT & LEVEL,DARK-HWY LIGHTED/ON,,,4/9/2021 8:37:31 AM,False,5135,Accepted,
27989995,0568000,LOUISVILLE METRO POLICE DEPT,Accepted,JEFFERSON,,,GOLDSMITH,LN,,,TRAFALGAR,,,,,38.207596825,-85.670329647,0.962,4/8/2021 12:00:00 AM,2328,2,1,0,1,CLEAR,DRY,False,COLLISION WITH PEDESTRIAN IN INTERSECTION,SINGLE VEHICLE,STRAIGHT & LEVEL,DARK-HWY NOT LIGHTED,,,4/9/2021 8:37:57 AM,False,5315,Accepted,
27989996,0568000,LOUISVILLE METRO POLICE DEPT,Accepted,JEFFERSON,I 0065,,I65 N EXIT133A OFF RAMP TO  EASTERN PKWY,,,,,,,,,38.211630245,-85.751884061,0.097,4/8/2021 12:00:00 AM,2118,2,2,0,1,CLEAR,DRY,False,OTHER RAMP RELATED COLLISIONS NOT LISTED ABOVE,REAR END,CURVE & GRADE,DARK-HWY LIGHTED/ON,I 0065,EASTERN PKWY,4/9/2021 8:38:01 AM,False,5152,Accepted,
27989978,0568000,LOUISVILLE METRO POLICE DEPT,Accepted,JEFFERSON,,,BLANTON,LN,,US0031W,DIXIE,,,,,38.157377522,-85.833942957,0.002,4/8/2021 12:00:00 AM,1751,2,2,0,0,CLEAR,DRY,True,ANGLE COLLISION - OTHER,ANGLE,STRAIGHT & LEVEL,DAYLIGHT,,,4/9/2021 8:36:43 AM,False,7483,Accepted,
27989979,0568000,LOUISVILLE METRO POLICE DEPT,Accepted,JEFFERSON,US0060A,,BERRY,BLVD,,,,,,,,38.196746964,-85.799049183,0.589,4/8/2021 12:00:00 AM,1920,2,2,0,0,CLEAR,DRY,False,1 VEHICLE ENTERING/LEAVING ENTRANCE,ANGLE,STRAIGHT & LEVEL,DAYLIGHT,,,4/9/2021 8:36:50 AM,False,7560,Accepted,
27989986,0568000,LOUISVILLE METRO POLICE DEPT,Accepted,JEFFERSON,,,CANE RUN ROAD,,,,LEES LANE,,,,,38.209842162,-85.823756648,,4/8/2021 12:00:00 AM,2300,3,3,0,0,CLEAR,DRY,False,OTHER INTERSECTION COLLISIONS,REAR END,STRAIGHT & LEVEL,DARK-HWY NOT LIGHTED,,,4/9/2021 8:37:15 AM,False,2877,Accepted,
27989987,0568000,LOUISVILLE METRO POLICE DEPT,Accepted,JEFFERSON,,,BROADWAY,,W,US0031W,22ND,,,,,38.249234123,-85.788210891,0.001,4/8/2021 12:00:00 AM,2007,2,2,0,1,CLEAR,DRY,False,OTHER INTERSECTION COLLISIONS,REAR END,STRAIGHT & LEVEL,DUSK,,,4/9/2021 8:37:21 AM,False,5021,Accepted,
27989988,0568000,LOUISVILLE METRO POLICE DEPT,Accepted,JEFFERSON,,,HALE,AVE,,,42ND,,,,,38.241549258,-85.823021699,2.349,4/8/2021 12:00:00 AM,2117,3,3,0,1,CLEAR,DRY,False,COLLISION WITH PARKED VEHICLE,REAR END,STRAIGHT & LEVEL,DUSK,,,4/9/2021 8:37:25 AM,False,7309,Accepted,
27989971,0568000,LOUISVILLE METRO POLICE DEPT,Accepted,JEFFERSON,KY1703,,NEWBURG,RD,,,THACKERAY,,,,,38.213001177,-85.700020712,3.308,4/8/2021 12:00:00 AM,1600,3,3,0,1,CLOUDY,WET,False,OTHER INTERSECTION COLLISIONS,REAR END,CURVE & HILLCREST,DAYLIGHT,,,4/9/2021 8:36:12 AM,False,7793,Accepted,
27989972,0568000,LOUISVILLE METRO POLICE DEPT,Accepted,JEFFERSON,,,DUNCAN,ST,,,43RD,,,,,38.266887121,-85.818051989,2.094,4/8/2021 12:00:00 AM,1422,2,2,0,0,CLEAR,DRY,False,ANGLE COLLISION - OTHER,ANGLE,STRAIGHT & LEVEL,DAYLIGHT,,,4/9/2021 8:36:19 AM,False,5363,Accepted,
27989977,0568000,LOUISVILLE METRO POLICE DEPT,Accepted,JEFFERSON,US0031E,,BARDSTOWN,RD,,,,,PARIS,US0031E,BARDSTOWN,38.201716207,-85.663407249,11.234,4/8/2021 12:00:00 AM,1713,3,3,0,2,CLEAR,DRY,False,SIDESWIPE COLLISION - SAME DIRECTION,SIDESWIPE-SAME DIRECTION,STRAIGHT & GRADE,DAYLIGHT,,,4/9/2021 8:36:39 AM,False,7482,Accepted,
27985633,0568000,LOUISVILLE METRO POLICE DEPT,Accepted,JEFFERSON,KY1865,,TAYLOR,BLVD,,I 0264,I264 W EXIT9 ON RAMP FROM KY1865,,,,,38.190341016,-85.783538171,5.746,4/8/2021 12:00:00 AM,0236,2,2,0,0,CLOUDY,WET,True,SIDESWIPE-SAME DIRECTION,SIDESWIPE-SAME DIRECTION,STRAIGHT & LEVEL,DARK-HWY LIGHTED/ON,,,4/8/2021 8:41:38 AM,False,5301,Accepted,
28005105,0568000,LOUISVILLE METRO POLICE DEPT,Accepted,JEFFERSON,,,4TH,ST,S,,BLOOM,,,,,38.222108157,-85.762654397,2.402,4/8/2021 12:00:00 AM,1725,2,2,0,1,CLOUDY,DRY,False,COLLISION WITH PARKED VEHICLE,SIDESWIPE-SAME DIRECTION,STRAIGHT & LEVEL,DAYLIGHT,,,4/13/2021 8:36:41 AM,False,2217,Accepted,
28005119,0568000,LOUISVILLE METRO POLICE DEPT,Accepted,JEFFERSON,KY2052,,SHEPHERDSVILLE,RD,,,RANGELAND,,,,,38.164183237,-85.659851439,1.764,4/8/2021 12:00:00 AM,1731,2,2,0,2,CLEAR,DRY,False,ANGLE COLLISION - OTHER,ANGLE,STRAIGHT & LEVEL,DAYLIGHT,,,4/13/2021 8:37:44 AM,False,5247,Accepted,
28010694,0568000,LOUISVILLE METRO POLICE DEPT,Accepted,JEFFERSON,I 0071,,I71 S,,,,,,,,,38.275207380,-85.696988440,1.812,4/8/2021 12:00:00 AM,1244,4,4,0,2,CLOUDY,DRY,False,SIDESWIPE COLLISION - SAME DIRECTION,SIDESWIPE-SAME DIRECTION,STRAIGHT & LEVEL,DAYLIGHT,,,4/14/2021 1:04:57 PM,False,8278,Accepted,
27989992,0568000,LOUISVILLE METRO POLICE DEPT,Accepted,JEFFERSON,,4700B,3RD,ST,S,,,,,,,38.181224755,-85.766288566,1.342,4/8/2021 12:00:00 AM,2309,2,2,0,0,CLEAR,DRY,False,1 VEHICLE ENTERING/LEAVING ENTRANCE,ANGLE,STRAIGHT & LEVEL,DARK-HWY LIGHTED/ON,,,4/9/2021 8:37:46 AM,False,7010,Accepted,
27989983,0568000,LOUISVILLE METRO POLICE DEPT,Accepted,JEFFERSON,I 0064,,I64 W,,,,,,,,,38.228242117,-85.593641261,14.004,4/8/2021 12:00:00 AM,0641,2,2,0,1,RAINING,WET,False,SIDESWIPE COLLISION - SAME DIRECTION,SIDESWIPE-SAME DIRECTION,STRAIGHT & LEVEL,DAWN,,,4/9/2021 8:37:03 AM,False,7475,Accepted,
27989985,0568000,LOUISVILLE METRO POLICE DEPT,Accepted,JEFFERSON,KY1703,1100,BAXTER,AVE,,,,,GRINSTEAD,,RUFER,38.237738978,-85.722330093,5.483,4/8/2021 12:00:00 AM,2130,2,2,0,0,CLEAR,DRY,False,1 VEHICLE PARKED POSITION (NOT PARKING LOT/DRIVEWAY),SIDESWIPE-OPPOSITE DIRECTION,STRAIGHT & LEVEL,DARK-HWY LIGHTED/ON,,,4/9/2021 8:37:11 AM,False,5274,Accepted,
27989967,0568000,LOUISVILLE METRO POLICE DEPT,Accepted,JEFFERSON,I 0265,,I265 W,,,,,,,,,38.114562191,-85.699568788,10.358,4/8/2021 12:00:00 AM,1302,2,2,0,0,CLOUDY,DRY,False,REAR END IN TRAFFIC LANES BOTH VEHICLES MOVING,REAR END,STRAIGHT & LEVEL,DAYLIGHT,,,4/9/2021 8:35:53 AM,False,4693,Accepted,
27989975,0568000,LOUISVILLE METRO POLICE DEPT,Accepted,JEFFERSON,KY1020,,NATIONAL,TPKE,,,,,,,,38.144147765,-85.756626378,4.853,4/8/2021 12:00:00 AM,1336,2,2,0,1,CLOUDY,DRY,False,REAR END IN TRAFFIC LANES BOTH VEHICLES MOVING,REAR END,STRAIGHT & LEVEL,DAYLIGHT,,,4/9/2021 8:36:31 AM,False,7234,Accepted,
27989976,0568000,LOUISVILLE METRO POLICE DEPT,Accepted,JEFFERSON,,,CLAY,ST,S,,GRAY,,,,,38.245825369,-85.741368204,0.640,4/8/2021 12:00:00 AM,1515,2,2,0,1,CLEAR,DRY,False,ANGLE COLLISION - OTHER,ANGLE,STRAIGHT & LEVEL,DAYLIGHT,,,4/9/2021 8:36:35 AM,False,7823,Accepted,
27989982,0568000,LOUISVILLE METRO POLICE DEPT,Accepted,JEFFERSON,KY1865,5533,NEW CUT,RD,,,,,,,,38.143137456,-85.774591060,2.482,4/8/2021 12:00:00 AM,0652,2,2,0,0,CLEAR,DRY,False,1 VEHICLE ENTERING/LEAVING ENTRANCE,ANGLE,STRAIGHT & LEVEL,DAYLIGHT,,,4/9/2021 8:37:00 AM,False,2905,Accepted,
27989974,0568000,LOUISVILLE METRO POLICE DEPT,Accepted,JEFFERSON,,,MUHAMMAD ALI,BLVD,W,US0031W,22ND,,,,,38.254489044,-85.787266915,1.905,4/8/2021 12:00:00 AM,0040,2,2,0,1,CLEAR,DRY,False,ANGLE COLLISION - OTHER,ANGLE,STRAIGHT & LEVEL,DARK-HWY LIGHTED/ON,,,4/9/2021 8:36:27 AM,False,2142,Accepted,
28005109,0568000,LOUISVILLE METRO POLICE DEPT,Accepted,JEFFERSON,KY1934,,GREENBELT,HWY,,,GLOBAL,,,,,38.139508615,-85.887442946,3.908,4/8/2021 12:00:00 AM,1520,2,2,0,0,CLOUDY,DRY,False,OTHER INTERSECTION COLLISIONS,REAR END,STRAIGHT & LEVEL,DAYLIGHT,,,4/13/2021 8:37:00 AM,False,2311,Accepted,
28003042,0566900,LOUISVILLE AIRPORT POLICE,Accepted,JEFFERSON,,600,TERMINAL,DR,,,,,,,,38.186193626,-85.744027801,0.177,4/8/2021 12:00:00 AM,0630,2,2,0,0,CLEAR,DRY,False,SIDESWIPE COLLISION - SAME DIRECTION,SIDESWIPE-SAME DIRECTION,CURVE & GRADE,DARK-HWY LIGHTED/OFF,,,4/12/2021 7:07:37 PM,False,5817,Accepted,
28000393,0568000,LOUISVILLE METRO POLICE DEPT,Accepted,JEFFERSON,US0031W,,DIXIE,HWY,,,CRAWFORD,,,,,38.150547474,-85.836847497,12.057,4/8/2021 12:00:00 AM,1850,2,2,0,0,CLEAR,DRY,False,ANGLE COLLISION - OTHER,ANGLE,STRAIGHT & LEVEL,DAYLIGHT,,,4/12/2021 8:56:05 AM,False,7980,Accepted,
27989950,0568000,LOUISVILLE METRO POLICE DEPT,Accepted,JEFFERSON,KY0841,,GENE SNYDER,FWY,,,,,,,,38.315177400,-85.582955066,34.778,4/8/2021 12:00:00 AM,0739,2,2,0,0,CLOUDY,DRY,False,SIDESWIPE COLLISION - SAME DIRECTION,SIDESWIPE-SAME DIRECTION,STRAIGHT & LEVEL,DAYLIGHT,,,4/9/2021 8:32:59 AM,False,4903,Accepted,
27985631,0568000,LOUISVILLE METRO POLICE DEPT,Accepted,JEFFERSON,,,28TH,ST,S,,MADISON,,,,,38.254492918,-85.797494996,0.409,4/8/2021 12:00:00 AM,,2,1,0,1,CLEAR,DRY,True,COLLISION WITH PEDESTRIAN IN INTERSECTION,SINGLE VEHICLE,STRAIGHT & LEVEL,DARK-HWY LIGHTED/ON,,,4/8/2021 8:41:31 AM,False,5172,Accepted,