IncidentID,AgencyORI,AgencyName,IncidentStatusDesc,County,RdwyNumber,Street,RoadwayName,StreetSfx,StreetDir,IntersectionRdwy,IntersectionRdwyName,BetweenStRdwy1,BetweenStRdwyName1,BetweenStRdwy2,BetweenStRdwyName2,Latitude,Longitude,Milepoint,CollisionDate,CollisionTime,UnitsInvolved,MotorVehiclesInvolved,NumberKilled,NumberInjured,Weather,RdwyConditionCode,HitandRun,DirAnalysisCode,MannerofCollision,RdwyCharacter,LightCondition,RampFromRdwyId,RampToRdwyId,AcceptedDate,IsSecondaryCollision,OwnerBadge,IncidentStatus,
27986766,0561000,JEFFERSONTOWN POLICE DEPT,Accepted,JEFFERSON,KY1747,,HURSTBOURNE,PKWY,S,I 0064,I64 E EXIT15 ON RAMP FROM KY1747 N,,,,,38.221683230,-85.579515484,11.779,4/8/2021 12:00:00 AM,0704,2,2,0,0,RAINING,WET,False,SIDESWIPE-SAME DIRECTION,SIDESWIPE-SAME DIRECTION,CURVE & LEVEL,DARK-HWY LIGHTED/ON,,,4/8/2021 1:42:12 PM,False,8308,Accepted,
27989692,0566700,MIDDLETOWN POLICE DEPARTMENT,Accepted,JEFFERSON,US0060,,SHELBYVILLE,RD,,,BECKLEY WOODS,,,,,38.241606600,-85.498279961,12.302,4/8/2021 12:00:00 AM,1943,2,2,0,0,CLEAR,DRY,False,OTHER INTERSECTION COLLISIONS,REAR END,STRAIGHT & LEVEL,DAYLIGHT,,,4/9/2021 7:26:07 AM,False,2017,Accepted,
27989965,0568000,LOUISVILLE METRO POLICE DEPT,Accepted,JEFFERSON,KY0061,,PRESTON,HWY,,,LOCUST,,,,,38.206858783,-85.737613420,9.473,4/8/2021 12:00:00 AM,1140,1,1,0,0,CLOUDY,WET,False,COLLISION WITH FIXED OBJECT IN INTERSECTION - FIRST EVENT COLLISION 09 - 32,SINGLE VEHICLE,STRAIGHT & LEVEL,DAYLIGHT,,,4/9/2021 8:35:43 AM,False,2532,Accepted,
27989966,0568000,LOUISVILLE METRO POLICE DEPT,Accepted,JEFFERSON,,,MCCAWLEY,RD,,,,,,,,38.144117012,-85.680041622,0.556,4/8/2021 12:00:00 AM,0734,2,2,0,0,CLOUDY,WET,False,REAR END IN TRAFFIC LANES BOTH VEHICLES MOVING,REAR END,STRAIGHT & LEVEL,DAWN,,,4/9/2021 8:35:48 AM,False,4693,Accepted,
27989973,0568000,LOUISVILLE METRO POLICE DEPT,Accepted,JEFFERSON,,945,5TH,ST,S,,,,,,,38.240673356,-85.760625352,2.687,4/8/2021 12:00:00 AM,1615,2,2,0,0,CLEAR,DRY,False,1 VEHICLE PARKED POSITION (NOT PARKING LOT/DRIVEWAY),SIDESWIPE-SAME DIRECTION,STRAIGHT & LEVEL,DAYLIGHT,,,4/9/2021 8:36:24 AM,False,5111,Accepted,
28029639,0568000,LOUISVILLE METRO POLICE DEPT,Accepted,JEFFERSON,,1358,SALE,AVE,,,,,,,,38.197707018,-85.786315876,0.504,4/8/2021 12:00:00 AM,1930,2,2,0,0,CLEAR,DRY,True,1 VEHICLE PARKED POSITION (NOT PARKING LOT/DRIVEWAY),SIDESWIPE-SAME DIRECTION,STRAIGHT & LEVEL,DAYLIGHT,,,4/19/2021 9:05:17 AM,False,5287,Accepted,
28065928,0568000,LOUISVILLE METRO POLICE DEPT,Accepted,JEFFERSON,KY1747,,FERN VALLEY,RD,,,HOLIDAY TOWERS,,,,,38.157316966,-85.714415738,0.975,4/8/2021 12:00:00 AM,1456,3,3,0,1,CLEAR,DRY,False,ANGLE COLLISION - OTHER,ANGLE,STRAIGHT & GRADE,DAYLIGHT,,,4/28/2021 8:44:06 AM,False,7269,Accepted,
27989958,0568000,LOUISVILLE METRO POLICE DEPT,Accepted,JEFFERSON,I 0264,,I264 E,,,,,,,,,38.189202541,-85.782245629,9.201,4/7/2021 12:00:00 AM,1654,3,3,0,0,CLOUDY,DRY,False,SIDESWIPE COLLISION - SAME DIRECTION,SIDESWIPE-SAME DIRECTION,CURVE & GRADE,DAYLIGHT,,,4/9/2021 8:34:52 AM,False,8278,Accepted,
27981149,0568000,LOUISVILLE METRO POLICE DEPT,Accepted,JEFFERSON,KY1747,,HURSTBOURNE,PKWY,S,,WATTBOURNE,,,,,38.185468699,-85.605985682,8.691,4/7/2021 12:00:00 AM,0113,2,2,0,0,CLEAR,DRY,False,ANGLE COLLISION - OTHER,ANGLE,STRAIGHT & LEVEL,DARK-HWY LIGHTED/ON,,,4/7/2021 8:10:56 AM,False,5326,Accepted,
27985603,0568000,LOUISVILLE METRO POLICE DEPT,Accepted,JEFFERSON,US0060,,SHELBYVILLE,RD,,,LYNDON,,,,,38.248176115,-85.598854169,6.660,4/7/2021 12:00:00 AM,0850,2,2,0,1,CLOUDY,DRY,False,ANGLE COLLISION - OTHER,ANGLE,STRAIGHT & LEVEL,DAYLIGHT,,,4/8/2021 8:39:49 AM,False,7358,Accepted,
27985611,0568000,LOUISVILLE METRO POLICE DEPT,Accepted,JEFFERSON,US0060A,,3RD,ST,S,,,US0060A,EASTERN,US0060A,WINKLER,38.212270788,-85.762582338,3.306,4/7/2021 12:00:00 AM,1313,1,1,0,0,CLEAR,DRY,False,OTHER ROADWAY OR MID-BLOCK COLLISION,SINGLE VEHICLE,STRAIGHT & GRADE,DAYLIGHT,,,4/8/2021 8:40:24 AM,False,5111,Accepted,
27985613,0568000,LOUISVILLE METRO POLICE DEPT,Accepted,JEFFERSON,,,GOLDSMITH,LN,,KY1703,NEWBURG,,,,,38.200148709,-85.684853365,0.005,4/7/2021 12:00:00 AM,1500,2,2,0,0,CLEAR,DRY,False,ANGLE COLLISION - OTHER,ANGLE,STRAIGHT & LEVEL,DAYLIGHT,,,4/8/2021 8:40:33 AM,False,7319,Accepted,
27985614,0568000,LOUISVILLE METRO POLICE DEPT,Accepted,JEFFERSON,KY0841,,GENE SNYDER,FWY,,,,,,,,38.317208114,-85.589838765,35.185,4/7/2021 12:00:00 AM,0840,2,2,0,0,CLEAR,DRY,False,SIDESWIPE COLLISION - SAME DIRECTION,SIDESWIPE-SAME DIRECTION,STRAIGHT & LEVEL,DAYLIGHT,,,4/8/2021 8:40:37 AM,False,5329,Accepted,
27985620,0568000,LOUISVILLE METRO POLICE DEPT,Accepted,JEFFERSON,KY1934,,GREENBELT,HWY,,,,,,,,38.175877010,-85.868368705,6.795,4/7/2021 12:00:00 AM,1617,2,2,0,0,CLEAR,DRY,False,REAR END IN TRAFFIC LANES BOTH VEHICLES MOVING,REAR END,STRAIGHT & LEVEL,DAYLIGHT,,,4/8/2021 8:40:58 AM,False,7234,Accepted,
28002168,0560000,JEFFERSON COUNTY SHERIFF DEPT.,Accepted,JEFFERSON,,,GARLAND,AVE,,,34TH,,,,,38.245833421,-85.808800106,2.294,4/7/2021 12:00:00 AM,1923,2,2,0,1,RAINING,WET,False,ANGLE COLLISION - OTHER,ANGLE,STRAIGHT & LEVEL,DAYLIGHT,,,4/12/2021 3:20:36 PM,False,4025,Accepted,
28000268,0568000,LOUISVILLE METRO POLICE DEPT,Accepted,JEFFERSON,,3307,INDIAN,TRL,E,,,,,,,38.169049344,-85.700038341,0.129,4/7/2021 12:00:00 AM,0327,1,1,0,0,CLEAR,MUD-DIRT,False,COLLISION IN PARKING LOT,SINGLE VEHICLE,STRAIGHT & LEVEL,DARK-HWY LIGHTED/ON,,,4/12/2021 8:52:15 AM,False,7948,Accepted,
27989993,0568000,LOUISVILLE METRO POLICE DEPT,Accepted,JEFFERSON,I 0064,,I64 E,,,,,,,,,38.226302244,-85.588232628,14.495,4/7/2021 12:00:00 AM,0702,2,2,0,0,CLEAR,DRY,False,SIDESWIPE COLLISION - SAME DIRECTION,SIDESWIPE-SAME DIRECTION,STRAIGHT & GRADE,DARK-HWY LIGHTED/OFF,,,4/9/2021 8:37:50 AM,False,6886,Accepted,
27981147,0568000,LOUISVILLE METRO POLICE DEPT,Accepted,JEFFERSON,KY1020,1469,2ND,ST,S,,,,,,,38.226349491,-85.758478120,10.743,4/7/2021 12:00:00 AM,0000,4,4,0,0,CLEAR,DRY,False,1 VEHICLE PARKED POSITION (NOT PARKING LOT/DRIVEWAY),ANGLE,STRAIGHT & LEVEL,DARK-HWY LIGHTED/ON,,,4/7/2021 8:10:47 AM,False,5230,Accepted,
27985607,0568000,LOUISVILLE METRO POLICE DEPT,Accepted,JEFFERSON,,222,DOWNES,TER,,,,,,,,38.158790528,-85.760531161,0.044,4/7/2021 12:00:00 AM,0832,2,2,0,0,CLEAR,DRY,False,1 VEHICLE PARKED POSITION (NOT PARKING LOT/DRIVEWAY),HEAD ON,STRAIGHT & LEVEL,DAYLIGHT,,,4/8/2021 8:40:06 AM,False,7331,Accepted,
27985634,0568000,LOUISVILLE METRO POLICE DEPT,Accepted,JEFFERSON,,318,44TH,ST,N,,,,,,,38.267670714,-85.819061443,0.297,4/7/2021 12:00:00 AM,2134,2,2,0,0,CLEAR,WET,False,COLLISION WITH FIXED OBJECT NON - INTERSECTION - FIRST EVENT COLLISION 09 - 32 EXCLUDING 16,SIDESWIPE-SAME DIRECTION,STRAIGHT & LEVEL,DUSK,,,4/8/2021 8:41:41 AM,False,7309,Accepted,
27989969,0568000,LOUISVILLE METRO POLICE DEPT,Accepted,JEFFERSON,,,CRUMS LANE,,,,MAE AVE,,,,,38.196164106,-85.829836091,,4/7/2021 12:00:00 AM,1830,2,2,0,0,RAINING,WET,False,ANGLE COLLISION - OTHER,ANGLE,STRAIGHT & LEVEL,DAYLIGHT,,,4/9/2021 8:35:58 AM,False,2877,Accepted,
27985619,0568000,LOUISVILLE METRO POLICE DEPT,Accepted,JEFFERSON,US0031W,10361,DIXIE,HWY,,,,,,,,38.103365353,-85.869462854,8.304,4/7/2021 12:00:00 AM,1415,1,1,0,1,CLEAR,DRY,False,OTHER ROADWAY OR MID-BLOCK COLLISION,SINGLE VEHICLE,STRAIGHT & LEVEL,DAYLIGHT,,,4/8/2021 8:40:55 AM,False,7234,Accepted,
27985632,0568000,LOUISVILLE METRO POLICE DEPT,Accepted,JEFFERSON,I 0064,,,,,,,,,,,38.221991301,-85.505571742,0.219,4/7/2021 12:00:00 AM,2238,2,2,0,0,CLEAR,DRY,False,OTHER RAMP RELATED COLLISIONS NOT LISTED ABOVE,REAR END,CURVE & HILLCREST,DARK-HWY LIGHTED/ON,I 0064,I 0265,4/8/2021 8:41:34 AM,False,5306,Accepted,
27989953,0568000,LOUISVILLE METRO POLICE DEPT,Accepted,JEFFERSON,,,MUHAMMAD ALI,BLVD,W,,ARMORY,,,,,38.251439155,-85.760304274,0.428,4/7/2021 12:00:00 AM,1438,2,2,0,0,CLEAR,DRY,False,SIDESWIPE-SAME DIRECTION,SIDESWIPE-SAME DIRECTION,STRAIGHT & LEVEL,DAYLIGHT,,,4/9/2021 8:34:11 AM,False,5173,Accepted,
27985616,0568000,LOUISVILLE METRO POLICE DEPT,Accepted,JEFFERSON,I 0264,,I264 E,,,,,,,,,38.228223801,-85.636235102,17.914,4/7/2021 12:00:00 AM,1816,1,1,0,1,RAINING,WET,False,OTHER ROADWAY OR MID-BLOCK COLLISION,SINGLE VEHICLE,STRAIGHT & LEVEL,DAYLIGHT,,,4/8/2021 8:40:45 AM,False,7306,Accepted,
27985617,0568000,LOUISVILLE METRO POLICE DEPT,Accepted,JEFFERSON,KY2055,,MANSLICK,RD,W,,,,,,,38.111748276,-85.766693931,1.949,4/7/2021 12:00:00 AM,1355,2,2,0,0,CLEAR,DRY,False,1 VEHICLE ENTERING/LEAVING ENTRANCE,ANGLE,STRAIGHT & LEVEL,DAYLIGHT,,,4/8/2021 8:40:48 AM,False,7221,Accepted,
27989994,0568000,LOUISVILLE METRO POLICE DEPT,Accepted,JEFFERSON,I 0265,,I265 E,,,,,,,,,38.193602304,-85.508469618,23.462,4/7/2021 12:00:00 AM,0837,2,2,1,1,CLEAR,DRY,False,1 VEHICLE ENTERING/LEAVING ENTRANCE,ANGLE,STRAIGHT & LEVEL,DAYLIGHT,,,4/9/2021 8:37:54 AM,False,6886,Accepted,
28056422,0568000,LOUISVILLE METRO POLICE DEPT,Accepted,JEFFERSON,,,PHILLIPS,LN,,,FREEDOM,,,,,38.193570805,-85.739574636,0.744,4/6/2021 12:00:00 AM,0950,2,2,0,1,CLEAR,DRY,False,ANGLE COLLISION - OTHER,ANGLE,STRAIGHT & LEVEL,DAYLIGHT,,,4/26/2021 9:28:58 AM,False,5308,Accepted,
28014538,0568000,LOUISVILLE METRO POLICE DEPT,Accepted,JEFFERSON,,,4TH,ST,S,,OAK,,,,,38.235036865,-85.760338554,1.503,4/6/2021 12:00:00 AM,1533,2,2,0,0,CLEAR,DRY,False,SIDESWIPE-SAME DIRECTION,SIDESWIPE-SAME DIRECTION,STRAIGHT & LEVEL,DAYLIGHT,,,4/15/2021 8:54:29 AM,False,7495,Accepted,
28000398,0568000,LOUISVILLE METRO POLICE DEPT,Accepted,JEFFERSON,I 0065,,I65 S,,,I 0065,I65 S EXIT125 OFF RAMP,,,,,38.121772352,-85.701941446,125.622,4/6/2021 12:00:00 AM,2131,2,2,0,1,CLEAR,DRY,True,OTHER INTERSECTION COLLISIONS,REAR END,STRAIGHT & LEVEL,DARK-HWY LIGHTED/ON,,,4/12/2021 8:56:11 AM,False,5141,Accepted,
27981154,0568000,LOUISVILLE METRO POLICE DEPT,Accepted,JEFFERSON,,,INDIAN,TRL,E,,PETERSBURG,,,,,38.184183045,-85.666137223,2.566,4/6/2021 12:00:00 AM,1900,2,2,0,0,CLEAR,DRY,False,ANGLE COLLISION - OTHER,ANGLE,STRAIGHT & LEVEL,DAYLIGHT,,,4/7/2021 8:11:19 AM,False,5299,Accepted,
27981129,0568000,LOUISVILLE METRO POLICE DEPT,Accepted,JEFFERSON,I 0265,,I265 W,,,I 0265,I265 W EXIT12 OFF RAMP TO KY61,,,,,38.112225302,-85.670467529,12.007,4/6/2021 12:00:00 AM,0940,2,2,0,0,CLOUDY,DRY,False,SIDESWIPE-SAME DIRECTION,SIDESWIPE-SAME DIRECTION,STRAIGHT & LEVEL,DAYLIGHT,,,4/7/2021 8:09:33 AM,False,2583,Accepted,
27981130,0568000,LOUISVILLE METRO POLICE DEPT,Accepted,JEFFERSON,KY1065,,OUTER,LOOP,,,ALS,,,,,38.126286713,-85.774319342,1.120,4/6/2021 12:00:00 AM,1632,3,3,0,0,CLEAR,DRY,False,SIDESWIPE-SAME DIRECTION,SIDESWIPE-SAME DIRECTION,STRAIGHT & LEVEL,DAYLIGHT,,,4/7/2021 8:09:37 AM,False,7252,Accepted,
27981138,0568000,LOUISVILLE METRO POLICE DEPT,Accepted,JEFFERSON,KY1020,,2ND,ST,S,,,US0150,BROADWAY,,CHESTNUT,38.245868993,-85.755041347,12.099,4/6/2021 12:00:00 AM,1213,1,1,0,0,CLEAR,DRY,False,COLLISION WITH FIXED OBJECT NON - INTERSECTION - FIRST EVENT COLLISION 09 - 32 EXCLUDING 16,SINGLE VEHICLE,STRAIGHT & LEVEL,DAYLIGHT,,,4/7/2021 8:10:07 AM,False,2854,Accepted,
27981146,0568000,LOUISVILLE METRO POLICE DEPT,Accepted,JEFFERSON,,,SHEPHERDSVILLE,RD,,,SAVANNAH SPRINGS,,,,,38.128037382,-85.663693955,0.850,4/6/2021 12:00:00 AM,2300,1,1,0,0,CLEAR,DRY,False,COLLISION WITH FIXED OBJECT IN INTERSECTION - FIRST EVENT COLLISION 09 - 32,SINGLE VEHICLE,CURVE & HILLCREST,DARK-HWY NOT LIGHTED,,,4/7/2021 8:10:44 AM,False,5198,Accepted,
27981136,0568000,LOUISVILLE METRO POLICE DEPT,Accepted,JEFFERSON,,,RODMAN,ST,,,,,,,,38.207600100,-85.770160434,0.109,4/6/2021 12:00:00 AM,1602,2,2,0,0,CLEAR,DRY,False,SIDESWIPE COLLISION - OPPOSITE DIRECTION,SIDESWIPE-OPPOSITE DIRECTION,STRAIGHT & LEVEL,DAYLIGHT,,,4/7/2021 8:10:00 AM,False,7977,Accepted,
27981131,0568000,LOUISVILLE METRO POLICE DEPT,Accepted,JEFFERSON,US0060,,SHELBYVILLE,RD,,,WHITTINGTON,,,,,38.246741124,-85.581065562,7.626,4/6/2021 12:00:00 AM,1754,2,2,0,0,CLEAR,DRY,False,OTHER INTERSECTION COLLISIONS,REAR END,STRAIGHT & LEVEL,DAYLIGHT,,,4/7/2021 8:09:41 AM,False,2013,Accepted,
27981140,0568000,LOUISVILLE METRO POLICE DEPT,Accepted,JEFFERSON,,,ROY WILKINS,AVE,,US0150,BROADWAY,,,,,38.246932081,-85.766662880,0.742,4/6/2021 12:00:00 AM,1426,2,2,0,1,CLEAR,DRY,False,OTHER INTERSECTION COLLISIONS,REAR END,STRAIGHT & LEVEL,DAYLIGHT,,,4/7/2021 8:10:11 AM,False,2854,Accepted,
27981106,0568000,LOUISVILLE METRO POLICE DEPT,Accepted,JEFFERSON,US0031E,3000,BARDSTOWN,RD,,,,,,,,38.215191382,-85.674394178,12.346,4/6/2021 12:00:00 AM,0856,1,1,0,0,CLEAR,DRY,False,COLLISION IN PARKING LOT,SINGLE VEHICLE,CURVE & LEVEL,DAYLIGHT,,,4/7/2021 8:07:47 AM,False,7403,Accepted,
27981115,0568000,LOUISVILLE METRO POLICE DEPT,Accepted,JEFFERSON,,7200,CEDAR SPRINGS,BLVD,,,,,,,,38.145026658,-85.585095158,0.015,4/6/2021 12:00:00 AM,1454,2,1,0,1,CLEAR,DRY,False,COLLISION IN PARKING LOT,SINGLE VEHICLE,CURVE & LEVEL,DAYLIGHT,,,4/7/2021 8:08:38 AM,False,2959,Accepted,
27981128,0568000,LOUISVILLE METRO POLICE DEPT,Accepted,JEFFERSON,,,BOHNE,AVE,,,DR WILLIAM G WEATHERS,,,,,38.228156303,-85.812937007,0.359,4/6/2021 12:00:00 AM,1608,2,2,0,0,CLEAR,DRY,True,OPPOSITE DIRECTION - BOTH VEHICLES GOING STRAIGHT AHEAD,SIDESWIPE-OPPOSITE DIRECTION,STRAIGHT & LEVEL,DAYLIGHT,,,4/7/2021 8:09:29 AM,False,5161,Accepted,
28019457,0568000,LOUISVILLE METRO POLICE DEPT,Accepted,JEFFERSON,,,26TH,ST,S,,MAGAZINE,,,,,38.251767110,-85.794691017,0.569,4/6/2021 12:00:00 AM,1930,2,2,0,1,CLEAR,DRY,False,ANGLE COLLISION - OTHER,ANGLE,STRAIGHT & LEVEL,DAYLIGHT,,,4/16/2021 9:16:57 AM,False,5047,Accepted,
28019431,0568000,LOUISVILLE METRO POLICE DEPT,Accepted,JEFFERSON,I 0064,,I64 E,,,,,,,,,38.258837828,-85.758494222,4.439,4/6/2021 12:00:00 AM,1808,2,2,0,2,CLEAR,DRY,False,SIDESWIPE COLLISION - SAME DIRECTION,SIDESWIPE-SAME DIRECTION,STRAIGHT & LEVEL,DAYLIGHT,,,4/16/2021 9:15:30 AM,False,2928,Accepted,
27981114,0568000,LOUISVILLE METRO POLICE DEPT,Accepted,JEFFERSON,,,18TH,ST,N,US0031W,MAIN,,,,,38.259257923,-85.779608375,0.007,4/6/2021 12:00:00 AM,1240,4,4,0,1,CLEAR,DRY,False,ANGLE COLLISION - OTHER,ANGLE,STRAIGHT & GRADE,DAYLIGHT,,,4/7/2021 8:08:24 AM,False,5353,Accepted,
27981120,0568000,LOUISVILLE METRO POLICE DEPT,Accepted,JEFFERSON,US0031E,,BARDSTOWN,RD,,,DEL MARIA,,,,,38.170157455,-85.606992220,7.377,4/6/2021 12:00:00 AM,1636,2,2,0,1,CLOUDY,DRY,False,ANGLE COLLISION - OTHER,ANGLE,STRAIGHT & GRADE,DAYLIGHT,,,4/7/2021 8:09:02 AM,False,7851,Accepted,
27981121,0568000,LOUISVILLE METRO POLICE DEPT,Accepted,JEFFERSON,US0042,1200,MAIN,ST,E,,,,,,,38.253481575,-85.726366353,0.320,4/6/2021 12:00:00 AM,0530,1,1,0,0,CLEAR,DRY,False,COLLISION WITH FIXED OBJECT NON - INTERSECTION - FIRST EVENT COLLISION 09 - 32 EXCLUDING 16,SINGLE VEHICLE,CURVE & LEVEL,DAYLIGHT,,,4/7/2021 8:09:06 AM,False,5342,Accepted,
27981122,0568000,LOUISVILLE METRO POLICE DEPT,Accepted,JEFFERSON,,,KENTUCKY,ST,E,KY0864,SHELBY,,,,,38.236932044,-85.740769251,0.754,4/6/2021 12:00:00 AM,1131,2,1,0,1,CLEAR,DRY,False,COLLISION WITH PEDESTRIAN IN INTERSECTION,SINGLE VEHICLE,STRAIGHT & LEVEL,DAYLIGHT,,,4/7/2021 8:09:12 AM,False,5120,Accepted,
27981104,0568000,LOUISVILLE METRO POLICE DEPT,Accepted,JEFFERSON,US0031W,,22ND,ST,S,,CHESTNUT,,,,,38.252238970,-85.787669621,19.770,4/6/2021 12:00:00 AM,1108,2,2,0,0,CLEAR,DRY,False,ANGLE COLLISION - OTHER,ANGLE,STRAIGHT & LEVEL,DAYLIGHT,,,4/7/2021 8:07:38 AM,False,7463,Accepted,
27981112,0568000,LOUISVILLE METRO POLICE DEPT,Accepted,JEFFERSON,US0060,,SHELBYVILLE,RD,,,,,,,,38.238896321,-85.488327059,12.896,4/6/2021 12:00:00 AM,1431,2,2,0,0,CLEAR,DRY,False,1 VEHICLE ENTERING/LEAVING ENTRANCE,ANGLE,STRAIGHT & GRADE,DAYLIGHT,,,4/7/2021 8:08:10 AM,False,6532,Accepted,
28000294,0568000,LOUISVILLE METRO POLICE DEPT,Accepted,JEFFERSON,KY0864,,POPLAR LEVEL,RD,,,,,,,,38.192815108,-85.706279097,11.110,4/6/2021 12:00:00 AM,1411,2,2,0,0,CLEAR,DRY,False,SIDESWIPE COLLISION - SAME DIRECTION,SIDESWIPE-SAME DIRECTION,STRAIGHT & LEVEL,DAYLIGHT,,,4/12/2021 8:53:28 AM,False,5352,Accepted,
28000287,0568000,LOUISVILLE METRO POLICE DEPT,Accepted,JEFFERSON,KY0864,,POPLAR LEVEL,RD,,,GILMORE,,,,,38.182562679,-85.697975525,10.296,4/6/2021 12:00:00 AM,1300,2,2,0,0,CLEAR,DRY,False,OTHER INTERSECTION COLLISIONS,REAR END,STRAIGHT & LEVEL,DAYLIGHT,,,4/12/2021 8:53:05 AM,False,7879,Accepted,
27985621,0568000,LOUISVILLE METRO POLICE DEPT,Accepted,JEFFERSON,,,WILSON,AVE,,,28TH,,,,,38.232221091,-85.801035021,1.470,4/6/2021 12:00:00 AM,1759,2,2,0,3,CLEAR,DRY,False,ANGLE COLLISION - OTHER,ANGLE,STRAIGHT & LEVEL,DAYLIGHT,,,4/8/2021 8:41:01 AM,False,2308,Accepted,
27985623,0568000,LOUISVILLE METRO POLICE DEPT,Accepted,JEFFERSON,,,PARK,RD,S,,,,OLD SOUTH PARK,,MINOR,38.119254524,-85.701027280,1.394,4/6/2021 12:00:00 AM,2049,1,1,1,0,CLEAR,DRY,False,COLLISION WITH FIXED OBJECT NON - INTERSECTION - FIRST EVENT COLLISION 09 - 32 EXCLUDING 16,SINGLE VEHICLE,CURVE & GRADE,DARK-HWY NOT LIGHTED,,,4/8/2021 8:41:06 AM,False,2308,Accepted,
27985604,0568000,LOUISVILLE METRO POLICE DEPT,Accepted,JEFFERSON,,1487,FRANKFORT,AVE,,,,,,,,38.263395930,-85.724805270,0.333,4/6/2021 12:00:00 AM,1558,2,2,0,0,CLEAR,DRY,False,VEHICLE BACKING NON INTERSECTION,BACKING,STRAIGHT & LEVEL,DAYLIGHT,,,4/8/2021 8:39:53 AM,False,7058,Accepted,
27981141,0568000,LOUISVILLE METRO POLICE DEPT,Accepted,JEFFERSON,I 0065,,I65 S,,,,,I 0065,I65 S EXIT134 ON RAMP FROM  MAGNOLIA AVE,I 0065,I65 S EXIT134 OFF RAMP TO  ARTHUR ST,38.225223517,-85.751426521,133.812,4/6/2021 12:00:00 AM,1749,2,2,0,1,CLEAR,DRY,False,SIDESWIPE COLLISION - SAME DIRECTION,SIDESWIPE-SAME DIRECTION,CURVE & GRADE,DAYLIGHT,,,4/7/2021 8:10:15 AM,False,7619,Accepted,
27981142,0568000,LOUISVILLE METRO POLICE DEPT,Accepted,JEFFERSON,KY0155,,TAYLORSVILLE,RD,,,CHENOWETH RUN,,,,,38.188304533,-85.551992994,8.463,4/6/2021 12:00:00 AM,1835,2,2,0,0,CLEAR,DRY,False,ANGLE COLLISION - OTHER,ANGLE,STRAIGHT & LEVEL,DAYLIGHT,,,4/7/2021 8:10:28 AM,False,7755,Accepted,
27981135,0568000,LOUISVILLE METRO POLICE DEPT,Accepted,JEFFERSON,KY0841,,GENE SNYDER,FWY,,KY0841,KY841 RAMP TO KY1020,,,,,38.117501385,-85.753379897,7.373,4/6/2021 12:00:00 AM,1740,2,2,0,0,CLEAR,DRY,False,SIDESWIPE-SAME DIRECTION,SIDESWIPE-SAME DIRECTION,STRAIGHT & LEVEL,DAYLIGHT,,,4/7/2021 8:09:56 AM,False,7263,Accepted,
27981144,0568000,LOUISVILLE METRO POLICE DEPT,Accepted,JEFFERSON,,,HALE,AVE,,,26TH,,,,,38.239084929,-85.796057931,0.974,4/6/2021 12:00:00 AM,2004,2,2,0,0,CLEAR,DRY,True,ANGLE COLLISION - OTHER,ANGLE,STRAIGHT & LEVEL,DAYLIGHT,,,4/7/2021 8:10:40 AM,False,5229,Accepted,
27981151,0568000,LOUISVILLE METRO POLICE DEPT,Accepted,JEFFERSON,US0031W,,DIXIE,HWY,,,,,CITATION,,KENDALL,38.114540652,-85.861461512,9.191,4/6/2021 12:00:00 AM,2036,2,2,0,1,CLEAR,DRY,False,OTHER ROADWAY OR MID-BLOCK COLLISION,OPPOSING LEFT TURN,STRAIGHT & LEVEL,DARK-HWY NOT LIGHTED,,,4/7/2021 8:11:05 AM,False,7160,Accepted,
27989956,0568000,LOUISVILLE METRO POLICE DEPT,Accepted,JEFFERSON,I 0065,,I65 N,,,,,,,,,38.167624738,-85.720546693,129.000,4/6/2021 12:00:00 AM,1555,2,2,0,0,CLEAR,DRY,True,SIDESWIPE COLLISION - SAME DIRECTION,SIDESWIPE-SAME DIRECTION,STRAIGHT & LEVEL,DAYLIGHT,,,4/9/2021 8:34:37 AM,False,8278,Accepted,
27977063,0568000,LOUISVILLE METRO POLICE DEPT,Accepted,JEFFERSON,KY0061,,PRESTON,HWY,,,GILMORE,,,,,38.174696527,-85.712684309,6.974,4/6/2021 12:00:00 AM,0448,2,2,0,2,CLEAR,DRY,False,OTHER INTERSECTION COLLISIONS,REAR END,STRAIGHT & LEVEL,DARK-HWY LIGHTED/ON,,,4/6/2021 10:31:08 AM,False,5269,Accepted,
27981132,0568000,LOUISVILLE METRO POLICE DEPT,Accepted,JEFFERSON,US0060A,,EASTERN,PKWY,,,,,,,,38.226654808,-85.720300201,6.118,4/6/2021 12:00:00 AM,0718,2,2,0,0,CLEAR,DRY,False,REAR END IN TRAFFIC LANES BOTH VEHICLES MOVING,REAR END,STRAIGHT & HILLCREST,DAWN,,,4/7/2021 8:09:45 AM,False,6813,Accepted,
27981133,0568000,LOUISVILLE METRO POLICE DEPT,Accepted,JEFFERSON,,,WILSON,AVE,,,HILL,,,,,38.230750312,-85.803293541,1.632,4/6/2021 12:00:00 AM,1820,1,1,0,1,CLEAR,DRY,False,NON-COLLISION OBJECT COLLISION,SINGLE VEHICLE,CURVE & LEVEL,DAYLIGHT,,,4/7/2021 8:09:48 AM,False,7381,Accepted,