IncidentID,AgencyORI,AgencyName,IncidentStatusDesc,County,RdwyNumber,Street,RoadwayName,StreetSfx,StreetDir,IntersectionRdwy,IntersectionRdwyName,BetweenStRdwy1,BetweenStRdwyName1,BetweenStRdwy2,BetweenStRdwyName2,Latitude,Longitude,Milepoint,CollisionDate,CollisionTime,UnitsInvolved,MotorVehiclesInvolved,NumberKilled,NumberInjured,Weather,RdwyConditionCode,HitandRun,DirAnalysisCode,MannerofCollision,RdwyCharacter,LightCondition,RampFromRdwyId,RampToRdwyId,AcceptedDate,IsSecondaryCollision,OwnerBadge,IncidentStatus,
27981117,0568000,LOUISVILLE METRO POLICE DEPT,Accepted,JEFFERSON,US0031E,4318,BARDSTOWN,RD,,,,,,,,38.186788400,-85.637242635,9.391,4/6/2021 12:00:00 AM,1247,2,2,0,1,CLEAR,DRY,False,SIDESWIPE COLLISION - SAME DIRECTION,SIDESWIPE-SAME DIRECTION,STRAIGHT & LEVEL,DAYLIGHT,,,4/7/2021 8:08:47 AM,False,5191,Accepted,
27981118,0568000,LOUISVILLE METRO POLICE DEPT,Accepted,JEFFERSON,US0031E,,BARDSTOWN,RD,,,BEECHWOOD,,,,,38.236504745,-85.717516194,15.189,4/6/2021 12:00:00 AM,1602,2,2,0,2,CLOUDY,DRY,False,ANGLE COLLISION - OTHER,ANGLE,STRAIGHT & LEVEL,DAYLIGHT,,,4/7/2021 8:08:53 AM,False,2228,Accepted,
27981126,0568000,LOUISVILLE METRO POLICE DEPT,Accepted,JEFFERSON,KY1934,,CANE RUN,RD,,,MILLERS,,,,,38.215425733,-85.817987553,10.718,4/6/2021 12:00:00 AM,1710,3,3,0,1,CLEAR,DRY,False,ANGLE COLLISION - OTHER,ANGLE,STRAIGHT & LEVEL,DAYLIGHT,,,4/7/2021 8:09:21 AM,False,5032,Accepted,
27977058,0568000,LOUISVILLE METRO POLICE DEPT,Accepted,JEFFERSON,KY1934,,CANE RUN,RD,,,ROCKFORD,,,,,38.183772392,-85.855223305,7.725,4/6/2021 12:00:00 AM,0034,2,2,0,1,CLEAR,DRY,False,HEAD-ON COLLISION,HEAD ON,STRAIGHT & LEVEL,DARK-HWY LIGHTED/ON,,,4/6/2021 10:30:46 AM,False,7466,Accepted,
27977065,0568000,LOUISVILLE METRO POLICE DEPT,Accepted,JEFFERSON,KY1865,,TAYLOR,BLVD,,,SEELBACH,,,,,38.187893186,-85.783589658,5.616,4/6/2021 12:00:00 AM,0344,2,2,0,2,CLEAR,DRY,False,ANGLE COLLISION - ONE VEHICLE TURNING LEFT,ANGLE,STRAIGHT & LEVEL,DARK-HWY LIGHTED/ON,,,4/6/2021 10:31:31 AM,False,5131,Accepted,
27977066,0568000,LOUISVILLE METRO POLICE DEPT,Accepted,JEFFERSON,US0031E,,BUECHEL,BYP,,,BUECHEL BANK,,,,,38.190784179,-85.647698703,10.039,4/6/2021 12:00:00 AM,0543,2,2,0,0,CLEAR,DRY,True,ANGLE COLLISION - OTHER,ANGLE,STRAIGHT & LEVEL,DARK-HWY LIGHTED/ON,,,4/6/2021 10:31:35 AM,False,5222,Accepted,
27981109,0568000,LOUISVILLE METRO POLICE DEPT,Accepted,JEFFERSON,I 0265,,I265 N,,,,,,,,,38.314963743,-85.581759986,34.718,4/6/2021 12:00:00 AM,0638,2,2,0,0,CLEAR,DRY,False,SIDESWIPE COLLISION - SAME DIRECTION,SIDESWIPE-SAME DIRECTION,STRAIGHT & LEVEL,DAYLIGHT,,,4/7/2021 8:07:55 AM,False,4903,Accepted,
28056446,0568000,LOUISVILLE METRO POLICE DEPT,Accepted,JEFFERSON,,139,STEVENSON,AVE,,,,,,,,38.256432667,-85.719364867,0.066,4/6/2021 12:00:00 AM,0506,1,1,0,1,CLEAR,DRY,False,RAN OFF ROADWAY (1 VEHICLE WITH/EARTH EMBANKMENT/DITCH),SINGLE VEHICLE,STRAIGHT & HILLCREST,DARK-HWY LIGHTED/ON,,,4/26/2021 9:31:17 AM,False,7304,Accepted,
27977039,0568000,LOUISVILLE METRO POLICE DEPT,Accepted,JEFFERSON,KY1703,,NEWBURG,RD,,I 0264,I264 E EXIT15 OFF RAMP TO KY1703,,,,,38.201380247,-85.687723116,2.178,4/5/2021 12:00:00 AM,1320,2,2,0,0,CLEAR,DRY,False,SIDESWIPE-SAME DIRECTION,SIDESWIPE-SAME DIRECTION,CURVE & LEVEL,DAYLIGHT,,,4/6/2021 10:29:30 AM,False,7496,Accepted,
27977046,0568000,LOUISVILLE METRO POLICE DEPT,Accepted,JEFFERSON,KY0864,,BEULAH CHURCH,RD,,,,KY0864,FEGENBUSH,,DELCOUR,38.135673710,-85.613617335,4.117,4/5/2021 12:00:00 AM,1736,2,2,0,0,CLEAR,DRY,False,1 VEHICLE ENTERING/LEAVING ENTRANCE,ANGLE,STRAIGHT & LEVEL,DAYLIGHT,,,4/6/2021 10:29:50 AM,False,6937,Accepted,
27977048,0568000,LOUISVILLE METRO POLICE DEPT,Accepted,JEFFERSON,KY1865,,NEW CUT,RD,,,MARRET,,,,,38.169772888,-85.781227595,4.340,4/5/2021 12:00:00 AM,0946,2,2,0,0,CLEAR,DRY,False,ANGLE COLLISION - OTHER,ANGLE,STRAIGHT & LEVEL,DAYLIGHT,,,4/6/2021 10:29:54 AM,False,7427,Accepted,
27977054,0568000,LOUISVILLE METRO POLICE DEPT,Accepted,JEFFERSON,,,CHESTNUT,ST,E,,FLOYD,,,,,38.247999162,-85.749238688,0.201,4/5/2021 12:00:00 AM,1802,2,2,0,0,CLEAR,DRY,False,ANGLE COLLISION - OTHER,ANGLE,STRAIGHT & LEVEL,DAYLIGHT,,,4/6/2021 10:30:31 AM,False,5105,Accepted,
27977055,0568000,LOUISVILLE METRO POLICE DEPT,Accepted,JEFFERSON,,,DIXIE,HWY,,,DUMESNIL,,,,,38.236394550,-85.786744025,0.892,4/5/2021 12:00:00 AM,2135,2,2,0,0,CLEAR,DRY,False,ANGLE COLLISION - OTHER,ANGLE,STRAIGHT & LEVEL,DARK-HWY LIGHTED/ON,,,4/6/2021 10:30:38 AM,False,7461,Accepted,
27977041,0568000,LOUISVILLE METRO POLICE DEPT,Accepted,JEFFERSON,,1517,GAGEL,AVE,,,,,,,,38.173151226,-85.813410542,0.505,4/5/2021 12:00:00 AM,1205,2,2,0,0,CLEAR,DRY,False,SIDESWIPE COLLISION - OPPOSITE DIRECTION,SIDESWIPE-OPPOSITE DIRECTION,STRAIGHT & LEVEL,DAYLIGHT,,,4/6/2021 10:29:38 AM,False,7468,Accepted,
27977049,0568000,LOUISVILLE METRO POLICE DEPT,Accepted,JEFFERSON,US0060A,,BERRY,BLVD,,,WHEELER,,,,,38.196466297,-85.788181953,1.177,4/5/2021 12:00:00 AM,1520,2,2,0,0,CLEAR,DRY,True,OTHER INTERSECTION COLLISIONS,REAR END,STRAIGHT & LEVEL,DAYLIGHT,,,4/6/2021 10:29:57 AM,False,7360,Accepted,
27972383,0568000,LOUISVILLE METRO POLICE DEPT,Accepted,JEFFERSON,,,30TH,ST,N,,,,,,,38.263047588,-85.800384382,0.606,4/5/2021 12:00:00 AM,0555,1,1,0,0,CLEAR,DRY,False,OTHER ROADWAY OR MID-BLOCK COLLISION,SINGLE VEHICLE,STRAIGHT & LEVEL,DARK-HWY NOT LIGHTED,,,4/5/2021 9:00:12 AM,False,5118,Accepted,
27972385,0568000,LOUISVILLE METRO POLICE DEPT,Accepted,JEFFERSON,,,HIKES,LN,,,,,,,,38.198377484,-85.661012257,0.801,4/5/2021 12:00:00 AM,0542,2,2,0,0,CLEAR,DRY,True,1 VEHICLE ENTERING/LEAVING ENTRANCE,ANGLE,,DARK-HWY LIGHTED/ON,,,4/5/2021 9:00:23 AM,False,5305,Accepted,
27977038,0568000,LOUISVILLE METRO POLICE DEPT,Accepted,JEFFERSON,,,HUBBARDS,LN,N,,HILL TOP,,,,,38.265474390,-85.645783853,1.054,4/5/2021 12:00:00 AM,0910,2,2,0,2,CLEAR,DRY,False,OTHER INTERSECTION COLLISIONS,REAR END,STRAIGHT & HILLCREST,DAYLIGHT,,,4/6/2021 10:29:25 AM,False,7632,Accepted,
27977033,0568000,LOUISVILLE METRO POLICE DEPT,Accepted,JEFFERSON,US0031W,,DIXIE,HWY,,,,,,,,38.169135546,-85.828000012,13.324,4/5/2021 12:00:00 AM,0824,2,2,0,0,CLEAR,DRY,False,REAR END IN TRAFFIC LANES BOTH VEHICLES MOVING,REAR END,STRAIGHT & LEVEL,DAYLIGHT,,,4/6/2021 10:28:55 AM,False,5175,Accepted,
27972376,0568000,LOUISVILLE METRO POLICE DEPT,Accepted,JEFFERSON,KY1934,,CANE RUN,RD,,KY2051,CAMP GROUND,,,,,38.215432669,-85.818017558,10.720,4/5/2021 12:00:00 AM,0056,2,2,0,1,CLEAR,DRY,False,OTHER INTERSECTION COLLISIONS,REAR END,STRAIGHT & LEVEL,DARK-HWY LIGHTED/ON,,,4/5/2021 8:59:49 AM,False,7181,Accepted,
27981116,0568000,LOUISVILLE METRO POLICE DEPT,Accepted,JEFFERSON,KY1703,,NEWBURG,RD,,,TREVILIAN,,,,,38.213565240,-85.700997960,3.399,4/5/2021 12:00:00 AM,0740,1,1,0,0,CLEAR,DRY,False,COLLISION WITH FIXED OBJECT IN INTERSECTION - FIRST EVENT COLLISION 09 - 32,SINGLE VEHICLE,STRAIGHT & LEVEL,DAYLIGHT,,,4/7/2021 8:08:43 AM,False,7678,Accepted,
27977064,0568000,LOUISVILLE METRO POLICE DEPT,Accepted,JEFFERSON,KY0061,,PRESTON,HWY,,,GILMORE,,,,,38.174667916,-85.712740033,6.879,4/5/2021 12:00:00 AM,2254,2,2,0,0,CLEAR,DRY,False,VEHICLE BACKING IN INTERSECTION,BACKING,STRAIGHT & LEVEL,DARK-HWY LIGHTED/OFF,,,4/6/2021 10:31:22 AM,False,5286,Accepted,
27977071,0568000,LOUISVILLE METRO POLICE DEPT,Accepted,JEFFERSON,KY2055,,MANSLICK,RD,W,,OLD NEW CUT,,,,,38.115442412,-85.784445875,3.093,4/5/2021 12:00:00 AM,1521,3,3,0,0,CLEAR,DRY,False,ANGLE COLLISION - OTHER,ANGLE,STRAIGHT & LEVEL,DAYLIGHT,,,4/6/2021 10:32:01 AM,False,7252,Accepted,
27985630,0568000,LOUISVILLE METRO POLICE DEPT,Accepted,JEFFERSON,KY1931,,GREENWOOD,RD,,,SKY BLUE,,,,,38.144010683,-85.852071931,2.458,4/5/2021 12:00:00 AM,0426,4,4,0,0,CLOUDY,DRY,False,COLLISION WITH PARKED VEHICLE,SIDESWIPE-SAME DIRECTION,STRAIGHT & LEVEL,DARK-HWY LIGHTED/ON,,,4/8/2021 8:41:26 AM,False,5356,Accepted,
27981143,0568000,LOUISVILLE METRO POLICE DEPT,Accepted,JEFFERSON,,,JEFFERSON,ST,E,,HANCOCK,,,,,38.252226563,-85.742303601,0.514,4/5/2021 12:00:00 AM,1906,2,2,0,1,CLEAR,DRY,False,ANGLE COLLISION - OTHER,ANGLE,STRAIGHT & LEVEL,DAYLIGHT,,,4/7/2021 8:10:35 AM,False,7037,Accepted,
27985605,0568000,LOUISVILLE METRO POLICE DEPT,Accepted,JEFFERSON,US0060,,SHELBYVILLE,RD,,,,,CHRISTIAN,,WHIPPS MILL,38.248636620,-85.604292764,6.358,4/5/2021 12:00:00 AM,1209,2,2,0,0,CLEAR,DRY,False,1 VEHICLE ENTERING/LEAVING ENTRANCE,ANGLE,STRAIGHT & LEVEL,DAYLIGHT,,,4/8/2021 8:39:58 AM,False,7035,Accepted,
28000238,0568000,LOUISVILLE METRO POLICE DEPT,Accepted,JEFFERSON,US0150,,BROADWAY,,E,KY0061,JACKSON,,,,,38.245222460,-85.745597547,3.069,4/5/2021 12:00:00 AM,1401,3,2,0,3,CLEAR,DRY,False,ANGLE COLLISION - OTHER,ANGLE,STRAIGHT & LEVEL,DAYLIGHT,,,4/12/2021 8:50:58 AM,False,5251,Accepted,
28005758,0568000,LOUISVILLE METRO POLICE DEPT,Accepted,JEFFERSON,US0150,,BROADWAY,,E,,BROOK,,,,,38.245598500,-85.751690834,2.729,4/5/2021 12:00:00 AM,2223,2,1,0,1,CLEAR,DRY,True,ANGLE COLLISION - OTHER,ANGLE,STRAIGHT & LEVEL,DARK-HWY LIGHTED/ON,,,4/13/2021 11:36:11 AM,False,5204,Accepted,
27981103,0568000,LOUISVILLE METRO POLICE DEPT,Accepted,JEFFERSON,KY1020,,NATIONAL,TPKE,,,,,,,,38.120448836,-85.748249933,3.249,4/5/2021 12:00:00 AM,1722,2,2,0,0,CLEAR,DRY,False,REAR END IN TRAFFIC LANES BOTH VEHICLES MOVING,REAR END,STRAIGHT & LEVEL,DAYLIGHT,,,4/7/2021 8:07:33 AM,False,7252,Accepted,
27981111,0568000,LOUISVILLE METRO POLICE DEPT,Accepted,JEFFERSON,US0060A,,EASTERN,PKWY,,,EMIL,,,,,38.211733839,-85.749560063,4.165,4/5/2021 12:00:00 AM,0743,2,2,0,1,CLEAR,DRY,False,OPPOSING LEFT TURN,OPPOSING LEFT TURN,STRAIGHT & LEVEL,DAYLIGHT,,,4/7/2021 8:08:03 AM,False,5360,Accepted,
27977037,0568000,LOUISVILLE METRO POLICE DEPT,Accepted,JEFFERSON,US0150,,BROADWAY,,W,,12TH ST CONN,,,,,38.247579212,-85.771615113,1.651,4/5/2021 12:00:00 AM,1232,2,1,0,1,CLEAR,DRY,False,COLLISION WITH BICYCLE IN INTERSECTION,SINGLE VEHICLE,STRAIGHT & LEVEL,DAYLIGHT,,,4/6/2021 10:29:19 AM,False,7937,Accepted,
27977053,0568000,LOUISVILLE METRO POLICE DEPT,Accepted,JEFFERSON,US0031E,,BARDSTOWN,RD,,,CREWS,,,,,38.180519661,-85.625648629,8.617,4/5/2021 12:00:00 AM,1718,3,3,0,0,CLEAR,DRY,False,OTHER INTERSECTION COLLISIONS,REAR END,STRAIGHT & LEVEL,DAYLIGHT,,,4/6/2021 10:30:24 AM,False,7200,Accepted,
27977061,0568000,LOUISVILLE METRO POLICE DEPT,Accepted,JEFFERSON,KY2860,,GRINSTEAD,DR,,US0031E,BARDSTOWN,,,,,38.238414879,-85.720970596,0.001,4/5/2021 12:00:00 AM,1720,2,2,0,0,CLEAR,DRY,False,OPPOSITE DIRECTION - BOTH VEHICLES GOING STRAIGHT AHEAD,SIDESWIPE-OPPOSITE DIRECTION,STRAIGHT & LEVEL,DAYLIGHT,,,4/6/2021 10:30:54 AM,False,7455,Accepted,
27977070,0568000,LOUISVILLE METRO POLICE DEPT,Accepted,JEFFERSON,I 0064,,,,,,,,,,,38.276122354,-85.807668780,0.254,4/5/2021 12:00:00 AM,1306,1,1,0,1,CLEAR,DRY,False,COLLISION WITH FIXED OBJECT NOT IN GORE ,SINGLE VEHICLE,CURVE & GRADE,DAYLIGHT,I 0064,I 0064,4/6/2021 10:31:57 AM,False,2308,Accepted,
27977051,0568000,LOUISVILLE METRO POLICE DEPT,Accepted,JEFFERSON,,,DUMESNIL,ST,,,17TH,,,,,38.236041755,-85.783160480,1.961,4/5/2021 12:00:00 AM,,3,3,0,0,CLEAR,DRY,True,ANGLE COLLISION - OTHER,ANGLE,STRAIGHT & LEVEL,DAYLIGHT,,,4/6/2021 10:30:06 AM,False,7184,Accepted,
27977052,0568000,LOUISVILLE METRO POLICE DEPT,Accepted,JEFFERSON,US0150,,BROADWAY,,W,,1ST,,,,,38.245767722,-85.753408395,2.652,4/5/2021 12:00:00 AM,1716,3,3,0,1,CLEAR,DRY,False,ANGLE COLLISION - OTHER,ANGLE,STRAIGHT & LEVEL,DAYLIGHT,,,4/6/2021 10:30:12 AM,False,5197,Accepted,
27977060,0568000,LOUISVILLE METRO POLICE DEPT,Accepted,JEFFERSON,US0150,,BROADWAY,,E,KY0864,SHELBY,,,,,38.244711020,-85.739553385,3.402,4/5/2021 12:00:00 AM,2049,2,2,0,0,CLEAR,DRY,True,ANGLE COLLISION - OTHER,ANGLE,STRAIGHT & LEVEL,DARK-HWY LIGHTED/ON,,,4/6/2021 10:30:49 AM,False,5122,Accepted,
27972381,0568000,LOUISVILLE METRO POLICE DEPT,Accepted,JEFFERSON,,8100,NANCY,LN,,,,,,,,38.136947599,-85.851688811,0.489,4/5/2021 12:00:00 AM,0446,1,1,0,0,CLEAR,DRY,True,COLLISION WITH FIXED OBJECT NON - INTERSECTION - FIRST EVENT COLLISION 09 - 32 EXCLUDING 16,SINGLE VEHICLE,STRAIGHT & LEVEL,DARK-HWY NOT LIGHTED,,,4/5/2021 9:00:07 AM,False,5033,Accepted,
27977034,0568000,LOUISVILLE METRO POLICE DEPT,Accepted,JEFFERSON,,,AUTUMN LAKE,DR,,,ORELL,,,,,38.073215316,-85.878865269,0.021,4/5/2021 12:00:00 AM,0918,2,2,0,0,CLEAR,DRY,True,OPPOSITE DIRECTION - BOTH VEHICLES GOING STRAIGHT AHEAD,SIDESWIPE-OPPOSITE DIRECTION,STRAIGHT & LEVEL,DAYLIGHT,,,4/6/2021 10:28:59 AM,False,2021,Accepted,
27977042,0568000,LOUISVILLE METRO POLICE DEPT,Accepted,JEFFERSON,,4209,3RD,ST,S,,,,,,,38.194813515,-85.764568284,0.401,4/5/2021 12:00:00 AM,1540,2,2,0,0,CLEAR,DRY,False,COLLISION IN PARKING LOT,SIDESWIPE-SAME DIRECTION,STRAIGHT & LEVEL,DAYLIGHT,,,4/6/2021 10:29:41 AM,False,2499,Accepted,
27977050,0568000,LOUISVILLE METRO POLICE DEPT,Accepted,JEFFERSON,US0031W,4900,DIXIE,HWY,,,KINGSFORD,,,,,38.172976981,-85.824895050,13.687,4/5/2021 12:00:00 AM,1600,2,2,0,0,CLEAR,DRY,False,OTHER INTERSECTION COLLISIONS,REAR END,STRAIGHT & LEVEL,DAYLIGHT,,,4/6/2021 10:30:01 AM,False,7263,Accepted,
27977069,0568000,LOUISVILLE METRO POLICE DEPT,Accepted,JEFFERSON,,,DOVER,RD,,,MERCER,,,,,38.188504601,-85.833043943,0.416,4/5/2021 12:00:00 AM,1415,2,2,0,0,CLEAR,DRY,True,ANGLE COLLISION - OTHER,ANGLE,STRAIGHT & LEVEL,DAYLIGHT,,,4/6/2021 10:31:51 AM,False,7467,Accepted,
27981137,0568000,LOUISVILLE METRO POLICE DEPT,Accepted,JEFFERSON,KY1865,,TAYLOR,BLVD,,,BICKNELL,,,,,38.183112394,-85.783755117,5.285,4/5/2021 12:00:00 AM,1120,2,2,0,0,CLEAR,DRY,False,OTHER INTERSECTION COLLISIONS,REAR END,STRAIGHT & LEVEL,DAYLIGHT,,,4/7/2021 8:10:03 AM,False,5335,Accepted,
27981148,0568000,LOUISVILLE METRO POLICE DEPT,Accepted,JEFFERSON,,1501,DIXIE,HWY,,,,,HILL,,GAULBERT,38.228161879,-85.790326308,1.487,4/5/2021 12:00:00 AM,2033,2,2,0,0,CLEAR,DRY,True,COLLISION IN PARKING LOT,ANGLE,STRAIGHT & LEVEL,DARK-HWY LIGHTED/ON,,,4/7/2021 8:10:52 AM,False,5229,Accepted,
28005791,0568000,LOUISVILLE METRO POLICE DEPT,Accepted,JEFFERSON,KY2860,,GRINSTEAD,DR,,,CHEROKEE,,,,,38.239269029,-85.719515193,0.088,4/5/2021 12:00:00 AM,1719,1,1,0,0,CLEAR,DRY,False,COLLISION WITH FIXED OBJECT IN INTERSECTION - FIRST EVENT COLLISION 09 - 32,SINGLE VEHICLE,STRAIGHT & GRADE,DAYLIGHT,,,4/13/2021 11:42:28 AM,False,2228,Accepted,
28074004,0568000,LOUISVILLE METRO POLICE DEPT,Accepted,JEFFERSON,KY1932,,BRECKENRIDGE,LN,,,,,,,,38.204552926,-85.622932025,1.643,4/5/2021 12:00:00 AM,0741,2,2,0,0,CLEAR,DRY,False,SIDESWIPE COLLISION - SAME DIRECTION,SIDESWIPE-SAME DIRECTION,STRAIGHT & LEVEL,DAYLIGHT,,,4/30/2021 8:29:47 AM,False,4693,Accepted,
27981155,0568000,LOUISVILLE METRO POLICE DEPT,Accepted,JEFFERSON,,,NORFOLK,DR,,,,,,,,38.184118015,-85.641308848,0.163,4/5/2021 12:00:00 AM,2130,2,1,0,1,CLEAR,DRY,False,COLLISION WITH PEDESTRIAN NON - INTERSECTION,SINGLE VEHICLE,STRAIGHT & LEVEL,DARK-HWY LIGHTED/ON,,,4/7/2021 8:11:24 AM,False,5178,Accepted,
27982234,0568000,LOUISVILLE METRO POLICE DEPT,Accepted,JEFFERSON,KY1934,,GREENBELT,HWY,,KY1230,CANE RUN,,,,,38.116456778,-85.894990400,2.302,4/4/2021 12:00:00 AM,2242,2,2,0,0,CLEAR,DRY,False,ANGLE COLLISION - OTHER,ANGLE,STRAIGHT & LEVEL,DARK-HWY LIGHTED/ON,,,4/7/2021 12:20:15 PM,False,5279,Accepted,
27989970,0568000,LOUISVILLE METRO POLICE DEPT,Accepted,JEFFERSON,KY1865,,NEW CUT,RD,,,,,,,,38.132102563,-85.772570930,1.707,4/4/2021 12:00:00 AM,1830,2,2,0,1,CLEAR,DRY,False,1 VEHICLE ENTERING/LEAVING ENTRANCE,ANGLE,STRAIGHT & LEVEL,DAYLIGHT,,,4/9/2021 8:36:04 AM,False,7080,Accepted,
28042728,0568000,LOUISVILLE METRO POLICE DEPT,Accepted,JEFFERSON,,1300,PAYNE,ST,,,,,,,,38.250155193,-85.721510045,0.595,4/4/2021 12:00:00 AM,1120,2,2,0,0,CLEAR,DRY,False,1 VEHICLE PARKED POSITION (NOT PARKING LOT/DRIVEWAY),ANGLE,STRAIGHT & GRADE,DAYLIGHT,,,4/22/2021 7:53:20 AM,False,2738,Accepted,
28016250,0568000,LOUISVILLE METRO POLICE DEPT,Accepted,JEFFERSON,,,PEE WEE REESE,RD,,,,,SENECA PARK,,CHEROKEE GARDENS,38.237663924,-85.674914845,1.222,4/4/2021 12:00:00 AM,0048,1,1,0,0,CLEAR,DRY,False,COLLISION WITH FIXED OBJECT NON - INTERSECTION - FIRST EVENT COLLISION 09 - 32 EXCLUDING 16,SINGLE VEHICLE,CURVE & GRADE,DARK-HWY NOT LIGHTED,,,4/15/2021 3:43:46 PM,False,2034,Accepted,
28009784,0568000,LOUISVILLE METRO POLICE DEPT,Accepted,JEFFERSON,,,BROADWAY,,W,,26TH,,,,,38.249455269,-85.794887998,0.362,4/4/2021 12:00:00 AM,0941,2,2,0,0,CLEAR,DRY,False,ANGLE COLLISION - OTHER,ANGLE,STRAIGHT & LEVEL,DAYLIGHT,,,4/14/2021 8:41:33 AM,False,7479,Accepted,
27985609,0568000,LOUISVILLE METRO POLICE DEPT,Accepted,JEFFERSON,I 0065,,I65 N,,,I 0065,I65 N RAMP FROM I264,,,,,38.201691737,-85.735726231,131.610,4/4/2021 12:00:00 AM,1733,2,2,0,0,CLEAR,DRY,True,ANGLE COLLISION - OTHER,ANGLE,STRAIGHT & LEVEL,DAYLIGHT,,,4/8/2021 8:40:15 AM,False,5349,Accepted,
27972380,0568000,LOUISVILLE METRO POLICE DEPT,Accepted,JEFFERSON,,4133,FLINTLOCK,DR,,,MILNER,,,,,38.160344193,-85.835034427,0.137,4/4/2021 12:00:00 AM,2020,1,1,0,0,CLEAR,DRY,False,COLLISION WITH FIXED OBJECT IN INTERSECTION - FIRST EVENT COLLISION 09 - 32,SINGLE VEHICLE,STRAIGHT & LEVEL,DUSK,,,4/5/2021 9:00:03 AM,False,5211,Accepted,
27977878,0561500,UNIV. OF LOUISVILLE POLICE,Accepted,JEFFERSON,,,4TH,ST,S,,,,BRANDEIS,,INDUSTRY,38.218167993,-85.763305398,2.678,4/4/2021 12:00:00 AM,0134,1,1,0,0,CLEAR,DRY,False,COLLISION WITH FIXED OBJECT NON - INTERSECTION - FIRST EVENT COLLISION 09 - 32 EXCLUDING 16,SINGLE VEHICLE,STRAIGHT & LEVEL,DARK-HWY LIGHTED/ON,,,4/6/2021 2:25:05 PM,False,5698,Accepted,
27972365,0568000,LOUISVILLE METRO POLICE DEPT,Accepted,JEFFERSON,KY1450,,BLUE LICK,RD,,,,,FOREMAN,,ALTAIR,38.128791673,-85.689445817,3.044,4/4/2021 12:00:00 AM,0027,1,1,0,0,CLEAR,DRY,False,OTHER COLLISIONS ON SHOULDER,SINGLE VEHICLE,STRAIGHT & LEVEL,DARK-HWY LIGHTED/ON,,,4/5/2021 8:59:14 AM,False,7730,Accepted,
27972366,0568000,LOUISVILLE METRO POLICE DEPT,Accepted,JEFFERSON,,8313,ARNOLDTOWN,RD,,,,,,,,38.128155720,-85.809964861,1.724,4/4/2021 12:00:00 AM,2241,1,1,0,0,CLEAR,DRY,False,COLLISION WITH ANIMAL NON INTERSECTION,SINGLE VEHICLE,STRAIGHT & HILLCREST,DARK-HWY NOT LIGHTED,,,4/5/2021 8:59:18 AM,False,7072,Accepted,
27972372,0568000,LOUISVILLE METRO POLICE DEPT,Accepted,JEFFERSON,I 0264,,I264 E,,,,,,,,,38.202382344,-85.686632285,14.633,4/4/2021 12:00:00 AM,1935,2,2,0,1,CLEAR,DRY,False,1 VEHICLE ENTERING/LEAVING ENTRANCE,ANGLE,CURVE & GRADE,DUSK,,,4/5/2021 8:59:39 AM,False,7916,Accepted,
27972379,0568000,LOUISVILLE METRO POLICE DEPT,Accepted,JEFFERSON,,,DIXIE,HWY,,,STANDARD,,,,,38.230954930,-85.789429470,1.303,4/4/2021 12:00:00 AM,0254,2,2,0,2,CLEAR,DRY,False,REAR END - ONE VEHICLE TURNING LEFT,REAR END,STRAIGHT & LEVEL,DARK-HWY LIGHTED/OFF,,,4/5/2021 8:59:58 AM,False,5039,Accepted,
27972347,0568000,LOUISVILLE METRO POLICE DEPT,Accepted,JEFFERSON,US0031W,,DIXIE,HWY,,US0031W,US31W RAMP FROM KY841,,,,,38.090858686,-85.876590100,7.371,4/4/2021 12:00:00 AM,1300,2,2,0,0,CLEAR,DRY,False,OTHER INTERSECTION COLLISIONS,REAR END,STRAIGHT & LEVEL,DAYLIGHT,,,4/5/2021 8:58:22 AM,False,7205,Accepted,
27972348,0568000,LOUISVILLE METRO POLICE DEPT,Accepted,JEFFERSON,US0150,,BROADWAY,,W,US0031W,DR W J HODGE,,,,,38.249212095,-85.786559287,0.822,4/4/2021 12:00:00 AM,1530,2,2,0,0,CLEAR,DRY,False,OTHER INTERSECTION COLLISIONS,REAR END,STRAIGHT & LEVEL,DAYLIGHT,,,4/5/2021 8:58:26 AM,False,7361,Accepted,
27972346,0568000,LOUISVILLE METRO POLICE DEPT,Accepted,JEFFERSON,KY2052,,SHEPHERDSVILLE,RD,,KY0864,POPLAR LEVEL,,,,,38.160080753,-85.659994135,1.479,4/4/2021 12:00:00 AM,1249,2,2,0,1,CLEAR,DRY,False,ANGLE COLLISION - OTHER,ANGLE,STRAIGHT & LEVEL,DAYLIGHT,,,4/5/2021 8:58:19 AM,False,7739,Accepted,
27972354,0568000,LOUISVILLE METRO POLICE DEPT,Accepted,JEFFERSON,,1325,BLUEGRASS,AVE,,,,,,,,38.179455336,-85.786021694,0.702,4/4/2021 12:00:00 AM,1550,2,2,0,0,CLEAR,DRY,False,REAR END IN TRAFFIC LANES BOTH VEHICLES MOVING,REAR END,STRAIGHT & LEVEL,DAYLIGHT,,,4/5/2021 8:58:36 AM,False,5252,Accepted,
27972362,0568000,LOUISVILLE METRO POLICE DEPT,Accepted,JEFFERSON,US0060A,,TAYLOR,BLVD,,,CENTRAL,,,,,38.206293856,-85.776288812,2.287,4/4/2021 12:00:00 AM,1633,2,2,0,2,CLEAR,DRY,False,OPPOSING LEFT TURN,OPPOSING LEFT TURN,STRAIGHT & LEVEL,DAYLIGHT,,,4/5/2021 8:58:58 AM,False,5343,Accepted,