IncidentID,AgencyORI,AgencyName,IncidentStatusDesc,County,RdwyNumber,Street,RoadwayName,StreetSfx,StreetDir,IntersectionRdwy,IntersectionRdwyName,BetweenStRdwy1,BetweenStRdwyName1,BetweenStRdwy2,BetweenStRdwyName2,Latitude,Longitude,Milepoint,CollisionDate,CollisionTime,UnitsInvolved,MotorVehiclesInvolved,NumberKilled,NumberInjured,Weather,RdwyConditionCode,HitandRun,DirAnalysisCode,MannerofCollision,RdwyCharacter,LightCondition,RampFromRdwyId,RampToRdwyId,AcceptedDate,IsSecondaryCollision,OwnerBadge,IncidentStatus,
27972363,0568000,LOUISVILLE METRO POLICE DEPT,Accepted,JEFFERSON,,,DIXIE,HWY,,,OAK,,,,,38.237407141,-85.786774002,0.837,4/4/2021 12:00:00 AM,1819,3,3,0,0,CLEAR,DRY,False,OTHER INTERSECTION COLLISIONS,REAR END,STRAIGHT & LEVEL,DAYLIGHT,,,4/5/2021 8:59:05 AM,False,5179,Accepted,
27972364,0568000,LOUISVILLE METRO POLICE DEPT,Accepted,JEFFERSON,US0031E,,BARDSTOWN,RD,,,,,HEATHER,,BELMONT,38.205591331,-85.666837833,11.559,4/4/2021 12:00:00 AM,0926,1,1,0,0,CLEAR,DRY,False,COLLISION IN PARKING LOT,SINGLE VEHICLE,STRAIGHT & LEVEL,DAYLIGHT,,,4/5/2021 8:59:11 AM,False,7482,Accepted,
27972340,0568000,LOUISVILLE METRO POLICE DEPT,Accepted,JEFFERSON,,2777,FLOYD,ST,S,,,,,,,38.207355588,-85.756374925,3.332,4/4/2021 12:00:00 AM,0255,1,1,0,1,CLEAR,DRY,False,COLLISION WITH FIXED OBJECT NON - INTERSECTION - FIRST EVENT COLLISION 09 - 32 EXCLUDING 16,SINGLE VEHICLE,STRAIGHT & LEVEL,DUSK,,,4/5/2021 8:58:01 AM,False,7291,Accepted,
27972337,0568000,LOUISVILLE METRO POLICE DEPT,Accepted,JEFFERSON,,,MUHAMMAD ALI,BLVD,W,,18TH,,,,,38.253738804,-85.780688886,1.541,4/4/2021 12:00:00 AM,0003,2,2,0,1,CLEAR,DRY,True,OPPOSING LEFT TURN,OPPOSING LEFT TURN,STRAIGHT & LEVEL,DARK-HWY LIGHTED/ON,,,4/5/2021 8:57:49 AM,False,5362,Accepted,
27985606,0568000,LOUISVILLE METRO POLICE DEPT,Accepted,JEFFERSON,,,SOUTHERN,AVE,,,BEECH,,,,,38.232032097,-85.805055726,0.177,4/4/2021 12:00:00 AM,1549,2,2,0,0,CLEAR,DRY,True,OPPOSING LEFT TURN,OPPOSING LEFT TURN,STRAIGHT & LEVEL,DAYLIGHT,,,4/8/2021 8:40:02 AM,False,5257,Accepted,
27972345,0568000,LOUISVILLE METRO POLICE DEPT,Accepted,JEFFERSON,KY0864,,FEGENBUSH,LN,,,VAUGHN MILL,,,,,38.145017756,-85.627700097,5.180,4/4/2021 12:00:00 AM,1251,2,2,0,1,CLEAR,DRY,False,ANGLE COLLISION - OTHER,ANGLE,STRAIGHT & LEVEL,DAYLIGHT,,,4/5/2021 8:58:16 AM,False,7484,Accepted,
27972361,0568000,LOUISVILLE METRO POLICE DEPT,Accepted,JEFFERSON,KY0864,,POPLAR LEVEL,RD,,,,,ALETHA,,NAOMI,38.165538408,-85.680517150,8.737,4/4/2021 12:00:00 AM,1718,2,2,0,1,CLEAR,DRY,True,1 VEHICLE ENTERING/LEAVING ENTRANCE,ANGLE,STRAIGHT & LEVEL,DAYLIGHT,,,4/5/2021 8:58:53 AM,False,7451,Accepted,
27972367,0568000,LOUISVILLE METRO POLICE DEPT,Accepted,JEFFERSON,KY1934,,GREENBELT,HWY,,KY1230,CANE RUN,,,,,38.116469221,-85.894971604,2.302,4/4/2021 12:00:00 AM,2200,2,2,0,0,CLEAR,DRY,False,OTHER INTERSECTION COLLISIONS,REAR END,STRAIGHT & LEVEL,DARK-HWY NOT LIGHTED,,,4/5/2021 8:59:22 AM,False,5033,Accepted,
27972368,0568000,LOUISVILLE METRO POLICE DEPT,Accepted,JEFFERSON,,,WITHERSPOON,ST,E,,RIVER,,,,,38.257767271,-85.745446684,0.317,4/4/2021 12:00:00 AM,2125,2,1,0,1,CLEAR,DRY,False,COLLISION WITH PEDESTRIAN IN INTERSECTION,SINGLE VEHICLE,STRAIGHT & LEVEL,DARK-HWY LIGHTED/ON,,,4/5/2021 8:59:26 AM,False,5271,Accepted,
27972358,0568000,LOUISVILLE METRO POLICE DEPT,Accepted,JEFFERSON,I 0065,,I65 N,,,,,,,,,38.206841321,-85.749320057,132.451,4/4/2021 12:00:00 AM,1635,2,2,0,0,CLEAR,DRY,False,REAR END IN TRAFFIC LANES BOTH VEHICLES MOVING,REAR END,CURVE & GRADE,DAYLIGHT,,,4/5/2021 8:58:42 AM,False,7852,Accepted,
27972359,0568000,LOUISVILLE METRO POLICE DEPT,Accepted,JEFFERSON,,,COOPER CHAPEL,RD,,,,,,,,38.103562553,-85.672509766,0.002,4/4/2021 12:00:00 AM,1406,2,2,0,1,CLEAR,DRY,False,REAR END IN TRAFFIC LANES BOTH VEHICLES MOVING,REAR END,STRAIGHT & LEVEL,DAYLIGHT,,,4/5/2021 8:58:46 AM,False,7474,Accepted,
27972360,0568000,LOUISVILLE METRO POLICE DEPT,Accepted,JEFFERSON,KY0155,,TAYLORSVILLE,RD,,,,,,,,38.221886908,-85.654424070,14.887,4/4/2021 12:00:00 AM,1304,2,2,0,0,CLEAR,DRY,False,1 VEHICLE ENTERING/LEAVING ENTRANCE,ANGLE,STRAIGHT & LEVEL,DAYLIGHT,,,4/5/2021 8:58:49 AM,False,7306,Accepted,
27972370,0568000,LOUISVILLE METRO POLICE DEPT,Accepted,JEFFERSON,,,BROADWAY,,W,,28TH,,,,,38.249639528,-85.798334303,0.544,4/4/2021 12:00:00 AM,2319,2,2,0,0,CLEAR,DRY,False,ANGLE COLLISION - OTHER,ANGLE,STRAIGHT & LEVEL,DARK-HWY LIGHTED/ON,,,4/5/2021 8:59:32 AM,True,5372,Accepted,
27972384,0568000,LOUISVILLE METRO POLICE DEPT,Accepted,JEFFERSON,,,41ST,ST,S,,DOERHOEFER,,,,,38.248283151,-85.819354152,0.874,4/4/2021 12:00:00 AM,1946,2,2,0,1,CLEAR,DRY,False,COLLISION WITH PARKED VEHICLE,SIDESWIPE-SAME DIRECTION,STRAIGHT & LEVEL,DAYLIGHT,,,4/5/2021 9:00:17 AM,False,7309,Accepted,
27972333,0568000,LOUISVILLE METRO POLICE DEPT,Accepted,JEFFERSON,,,STRAWBERRY,LN,,,EILER,,,,,38.164915872,-85.755271324,0.694,4/4/2021 12:00:00 AM,0145,2,2,0,1,CLEAR,DRY,False,ANGLE COLLISION - OTHER,ANGLE,STRAIGHT & LEVEL,DARK-HWY LIGHTED/ON,,,4/5/2021 8:57:36 AM,False,5312,Accepted,
28139937,0568000,LOUISVILLE METRO POLICE DEPT,Accepted,JEFFERSON,,,1ST,ST,S,,ST CATHERINE,,,,,38.236857559,-85.754947733,1.335,4/4/2021 12:00:00 AM,1204,2,2,0,1,CLEAR,DRY,True,ANGLE COLLISION - OTHER,ANGLE,STRAIGHT & LEVEL,DAYLIGHT,,,5/17/2021 8:35:46 AM,False,5111,Accepted,
27972334,0568000,LOUISVILLE METRO POLICE DEPT,Accepted,JEFFERSON,,2316,CHESTNUT,ST,W,,,,24TH,US0031W,22ND,38.252519339,-85.790091385,0.594,4/3/2021 12:00:00 AM,2055,2,2,0,0,CLEAR,DRY,False,1 VEHICLE PARKED POSITION (NOT PARKING LOT/DRIVEWAY),SIDESWIPE-SAME DIRECTION,STRAIGHT & LEVEL,DARK-HWY LIGHTED/ON,,,4/5/2021 8:57:39 AM,False,5021,Accepted,
27972326,0568000,LOUISVILLE METRO POLICE DEPT,Accepted,JEFFERSON,,6124,BIG BEN,DR,,,,,,,,38.157559180,-85.604984977,0.127,4/3/2021 12:00:00 AM,1502,2,2,0,0,CLEAR,DRY,False,COLLISION IN PARKING LOT,SIDESWIPE-SAME DIRECTION,STRAIGHT & GRADE,DAYLIGHT,,,4/5/2021 8:57:11 AM,False,7484,Accepted,
27972327,0568000,LOUISVILLE METRO POLICE DEPT,Accepted,JEFFERSON,KY0907,7407,3RD ST,RD,,,,,,,,38.145193809,-85.776124799,6.205,4/3/2021 12:00:00 AM,1534,2,2,0,0,CLEAR,DRY,False,COLLISION IN PARKING LOT,ANGLE,STRAIGHT & LEVEL,DAYLIGHT,,,4/5/2021 8:57:14 AM,False,7483,Accepted,
27972369,0568000,LOUISVILLE METRO POLICE DEPT,Accepted,JEFFERSON,,,ULRICH,AVE,,,,KY0061,PRESTON,KY1747,FERN VALLEY,38.158139198,-85.703566321,0.357,4/3/2021 12:00:00 AM,0250,1,1,0,0,CLEAR,DRY,True,COLLISION WITH FIXED OBJECT NON - INTERSECTION - FIRST EVENT COLLISION 09 - 32 EXCLUDING 16,SINGLE VEHICLE,STRAIGHT & LEVEL,DARK-HWY LIGHTED/OFF,,,4/5/2021 8:59:29 AM,False,5165,Accepted,
27972311,0568000,LOUISVILLE METRO POLICE DEPT,Accepted,JEFFERSON,US0031W,300 BLK,MAIN,ST,W,,,,,,,38.256535581,-85.755703068,21.977,4/3/2021 12:00:00 AM,0108,2,2,0,0,CLEAR,DRY,False,REAR END IN TRAFFIC LANES BOTH VEHICLES MOVING,REAR END,STRAIGHT & LEVEL,DARK-HWY LIGHTED/ON,,,4/5/2021 8:56:22 AM,False,7912,Accepted,
27972318,0568000,LOUISVILLE METRO POLICE DEPT,Accepted,JEFFERSON,,4700,ALLMOND,AVE,,,,,,,,38.180573804,-85.758956595,0.868,4/3/2021 12:00:00 AM,0820,1,1,0,1,CLEAR,DRY,False,COLLISION WITH FIXED OBJECT NON - INTERSECTION - FIRST EVENT COLLISION 09 - 32 EXCLUDING 16,SINGLE VEHICLE,STRAIGHT & LEVEL,DAYLIGHT,,,4/5/2021 8:56:46 AM,False,7488,Accepted,
27972328,0568000,LOUISVILLE METRO POLICE DEPT,Accepted,JEFFERSON,US0150,,BROADWAY,,E,KY0864,SHELBY,,,,,38.244733430,-85.739570504,3.400,4/3/2021 12:00:00 AM,2035,2,2,0,1,CLEAR,DRY,False,ANGLE COLLISION - OTHER,ANGLE,STRAIGHT & LEVEL,DARK-HWY LIGHTED/ON,,,4/5/2021 8:57:17 AM,False,5135,Accepted,
27972375,0568000,LOUISVILLE METRO POLICE DEPT,Accepted,JEFFERSON,I 0065,,I65 S,,,,,,,,,38.223554248,-85.751314405,133.694,4/3/2021 12:00:00 AM,2301,2,2,0,0,CLEAR,DRY,False,REAR END IN TRAFFIC LANES BOTH VEHICLES MOVING,REAR END,STRAIGHT & LEVEL,DARK-HWY LIGHTED/ON,,,4/5/2021 8:59:46 AM,False,5196,Accepted,
27972336,0568000,LOUISVILLE METRO POLICE DEPT,Accepted,JEFFERSON,KY1934,,CANE RUN,RD,,KY1727,TERRY,,,,,38.178068975,-85.861865167,7.182,4/3/2021 12:00:00 AM,2017,2,2,0,0,CLEAR,DRY,False,OPPOSING LEFT TURN,OPPOSING LEFT TURN,STRAIGHT & LEVEL,DARK-HWY LIGHTED/ON,,,4/5/2021 8:57:46 AM,False,7992,Accepted,
27972343,0568000,LOUISVILLE METRO POLICE DEPT,Accepted,JEFFERSON,KY1865,,TAYLOR,BLVD,,,WHITNEY,,,,,38.193355480,-85.783160001,5.994,4/3/2021 12:00:00 AM,2119,2,2,0,0,CLEAR,DRY,False,ANGLE COLLISION - OTHER,ANGLE,STRAIGHT & LEVEL,DUSK,,,4/5/2021 8:58:08 AM,False,5183,Accepted,
27972344,0568000,LOUISVILLE METRO POLICE DEPT,Accepted,JEFFERSON,KY1020,,2ND,ST,S,,OAK,,,,,38.234716126,-85.757021086,11.371,4/3/2021 12:00:00 AM,1303,2,2,0,0,CLEAR,DRY,False,ANGLE COLLISION - OTHER,ANGLE,STRAIGHT & LEVEL,DAYLIGHT,,,4/5/2021 8:58:12 AM,False,7441,Accepted,
27972377,0568000,LOUISVILLE METRO POLICE DEPT,Accepted,JEFFERSON,I 0065,,I65 S,,,,,,,,,38.194575560,-85.733720957,131.097,4/3/2021 12:00:00 AM,0249,2,2,0,0,CLEAR,DRY,True,SIDESWIPE COLLISION - SAME DIRECTION,SIDESWIPE-SAME DIRECTION,STRAIGHT & LEVEL,DARK-HWY LIGHTED/ON,,,4/5/2021 8:59:52 AM,False,5205,Accepted,
27985612,0568000,LOUISVILLE METRO POLICE DEPT,Accepted,JEFFERSON,I 0065,,I65 N,,,I 0065,I65 N EXIT130 OFF RAMP TO KY61,,,,,38.173316096,-85.720085460,129.394,4/3/2021 12:00:00 AM,1332,2,2,0,0,CLEAR,DRY,False,SIDESWIPE-SAME DIRECTION,SIDESWIPE-SAME DIRECTION,STRAIGHT & LEVEL,DAYLIGHT,,,4/8/2021 8:40:28 AM,False,7540,Accepted,
27981119,0568000,LOUISVILLE METRO POLICE DEPT,Accepted,JEFFERSON,KY1934,,GREENBELT,HWY,,KY1931,GREENWOOD,,,,,38.146947447,-85.886322955,4.446,4/3/2021 12:00:00 AM,1551,4,4,0,8,CLEAR,DRY,False,OTHER INTERSECTION COLLISIONS,REAR END,STRAIGHT & LEVEL,DAYLIGHT,,,4/7/2021 8:08:57 AM,False,2142,Accepted,
27972338,0568000,LOUISVILLE METRO POLICE DEPT,Accepted,JEFFERSON,US0031E,900,BAXTER,AVE,,,,,BRECKINRIDGE,,CHRISTY,38.242416428,-85.725993607,15.807,4/3/2021 12:00:00 AM,2244,3,3,0,1,CLEAR,DRY,False,HEAD-ON COLLISION,HEAD ON,STRAIGHT & LEVEL,DARK-HWY LIGHTED/ON,,,4/5/2021 8:57:53 AM,False,5197,Accepted,
27972324,0568000,LOUISVILLE METRO POLICE DEPT,Accepted,JEFFERSON,US0031E,,BARDSTOWN,RD,,,GOLDSMITH,,,,,38.208506494,-85.669032191,11.768,4/3/2021 12:00:00 AM,1248,2,2,0,0,CLEAR,DRY,True,OTHER INTERSECTION COLLISIONS,REAR END,STRAIGHT & LEVEL,DAYLIGHT,,,4/5/2021 8:57:04 AM,False,7482,Accepted,
27972341,0568000,LOUISVILLE METRO POLICE DEPT,Accepted,JEFFERSON,,,SOUTHSIDE,DR,,,TENNY,,,,,38.176658213,-85.764714891,,4/3/2021 12:00:00 AM,2054,2,2,0,1,CLEAR,DRY,False,ANGLE COLLISION - OTHER,ANGLE,STRAIGHT & LEVEL,DARK-HWY LIGHTED/ON,,,4/5/2021 8:58:04 AM,False,7010,Accepted,
27985601,0568000,LOUISVILLE METRO POLICE DEPT,Accepted,JEFFERSON,,1780,ORMSBY,AVE,W,,,,,,,38.235151631,-85.785551750,1.459,4/3/2021 12:00:00 AM,0100,3,3,0,0,CLEAR,DRY,True,1 VEHICLE PARKED POSITION (NOT PARKING LOT/DRIVEWAY),SIDESWIPE-SAME DIRECTION,STRAIGHT & LEVEL,DARK-HWY LIGHTED/ON,,,4/8/2021 8:39:43 AM,False,5303,Accepted,
27972321,0568000,LOUISVILLE METRO POLICE DEPT,Accepted,JEFFERSON,KY2052,,SHEPHERDSVILLE,RD,,KY0864,POPLAR LEVEL,,,,,38.160081343,-85.659972790,1.478,4/3/2021 12:00:00 AM,1056,2,2,0,2,CLEAR,DRY,False,ANGLE COLLISION - OTHER,ANGLE,STRAIGHT & LEVEL,DAYLIGHT,,,4/5/2021 8:56:53 AM,False,7739,Accepted,
27972312,0568000,LOUISVILLE METRO POLICE DEPT,Accepted,JEFFERSON,,321,43RD,ST,N,,,,,,,38.267991390,-85.817532438,0.261,4/3/2021 12:00:00 AM,0224,2,2,0,0,CLEAR,DRY,True,1 VEHICLE PARKED POSITION (NOT PARKING LOT/DRIVEWAY),REAR END,STRAIGHT & LEVEL,DARK-HWY LIGHTED/ON,,,4/5/2021 8:56:26 AM,False,5285,Accepted,
27972314,0568000,LOUISVILLE METRO POLICE DEPT,Accepted,JEFFERSON,,3602,LENTZ,AVE,,,,,,,,38.193774373,-85.785840866,0.181,4/3/2021 12:00:00 AM,0421,2,2,0,0,CLEAR,DRY,False,1 VEHICLE PARKED POSITION (NOT PARKING LOT/DRIVEWAY),SIDESWIPE-OPPOSITE DIRECTION,STRAIGHT & LEVEL,DARK-HWY LIGHTED/OFF,,,4/5/2021 8:56:33 AM,False,5183,Accepted,
27972323,0568000,LOUISVILLE METRO POLICE DEPT,Accepted,JEFFERSON,KY1065,,OUTER,LOOP,,,ROBBS,,,,,38.138001680,-85.665257256,7.230,4/3/2021 12:00:00 AM,1341,2,2,0,0,CLEAR,DRY,False,ANGLE COLLISION - ONE VEHICLE TURNING RIGHT,ANGLE,STRAIGHT & LEVEL,DAYLIGHT,,,4/5/2021 8:57:00 AM,False,7838,Accepted,
27972322,0568000,LOUISVILLE METRO POLICE DEPT,Accepted,JEFFERSON,,,26TH,ST,S,,JEFFERSON,,,,,38.257935800,-85.793963883,0.193,4/3/2021 12:00:00 AM,1041,2,2,0,1,CLEAR,DRY,False,ANGLE COLLISION - OTHER,ANGLE,STRAIGHT & LEVEL,DAYLIGHT,,,4/5/2021 8:56:56 AM,False,5334,Accepted,
27972329,0568000,LOUISVILLE METRO POLICE DEPT,Accepted,JEFFERSON,,,DIXIE,HWY,,,BERNHEIM,,,,,38.221426177,-85.793294067,1.993,4/3/2021 12:00:00 AM,2131,2,2,0,0,CLEAR,DRY,True,ANGLE COLLISION - OTHER,ANGLE,STRAIGHT & LEVEL,DARK-HWY LIGHTED/ON,,,4/5/2021 8:57:21 AM,False,7181,Accepted,
27972330,0568000,LOUISVILLE METRO POLICE DEPT,Accepted,JEFFERSON,KY1934,,CANE RUN,RD,,KY2049,CRUMS,,,,,38.199345234,-85.837296347,9.188,4/3/2021 12:00:00 AM,2221,3,3,0,0,CLEAR,DRY,False,OTHER INTERSECTION COLLISIONS,REAR END,STRAIGHT & LEVEL,DARK-HWY LIGHTED/ON,,,4/5/2021 8:57:26 AM,False,7181,Accepted,
27972331,0568000,LOUISVILLE METRO POLICE DEPT,Accepted,JEFFERSON,KY0864,7502,BEULAH CHURCH,RD,,,,,,,,38.129176309,-85.614249576,3.678,4/3/2021 12:00:00 AM,2207,2,2,0,0,CLEAR,DRY,False,HEAD-ON COLLISION,HEAD ON,STRAIGHT & LEVEL,DARK-HWY LIGHTED/OFF,,,4/5/2021 8:57:29 AM,False,7415,Accepted,
28005103,0568000,LOUISVILLE METRO POLICE DEPT,Accepted,JEFFERSON,KY2049,3131,CRUMS,LN,,,,,,,,38.198048346,-85.834938605,0.154,4/3/2021 12:00:00 AM,0945,1,1,0,0,CLEAR,DRY,False,COLLISION WITH FIXED OBJECT NON - INTERSECTION - FIRST EVENT COLLISION 09 - 32 EXCLUDING 16,SINGLE VEHICLE,STRAIGHT & LEVEL,DAYLIGHT,,,4/13/2021 8:36:26 AM,False,5253,Accepted,
27985618,0568000,LOUISVILLE METRO POLICE DEPT,Accepted,JEFFERSON,,8204,ARNOLDTOWN,RD,,,,,,,,38.126286020,-85.808303374,1.881,4/3/2021 12:00:00 AM,0405,1,1,0,2,CLEAR,DRY,False,COLLISION WITH FIXED OBJECT NON - INTERSECTION - FIRST EVENT COLLISION 09 - 32 EXCLUDING 16,SINGLE VEHICLE,CURVE & LEVEL,DARK-HWY LIGHTED/ON,,,4/8/2021 8:40:52 AM,False,2905,Accepted,
27985602,0568000,LOUISVILLE METRO POLICE DEPT,Accepted,JEFFERSON,I 0264,,I264 W,,,,,I 0065,I264 W EXIT12 OFF RAMP TO,I 0264,I264 W EXIT14 ON RAMP FROM KY864,38.191967573,-85.714193297,12.938,4/2/2021 12:00:00 AM,1720,2,2,0,0,CLEAR,DRY,False,SIDESWIPE COLLISION - SAME DIRECTION,SIDESWIPE-SAME DIRECTION,STRAIGHT & LEVEL,DAYLIGHT,,,4/8/2021 8:39:46 AM,False,7938,Accepted,
28005116,0568000,LOUISVILLE METRO POLICE DEPT,Accepted,JEFFERSON,,1316,28TH,ST,S,,,,,,,38.235625726,-85.800509520,1.768,4/2/2021 12:00:00 AM,0815,2,2,0,0,CLEAR,DRY,False,1 VEHICLE PARKED POSITION (NOT PARKING LOT/DRIVEWAY),REAR END,STRAIGHT & LEVEL,DAYLIGHT,,,4/13/2021 8:37:33 AM,False,5114,Accepted,
27972315,0568000,LOUISVILLE METRO POLICE DEPT,Accepted,JEFFERSON,,3604,E INDIAN TRL FRONTAGE RD 1,,,,,,,,,38.169451749,-85.694437736,0.389,4/2/2021 12:00:00 AM,2153,1,1,0,3,CLEAR,DRY,False,COLLISION WITH FIXED OBJECT NON - INTERSECTION - FIRST EVENT COLLISION 09 - 32 EXCLUDING 16,SINGLE VEHICLE,STRAIGHT & LEVEL,DARK-HWY LIGHTED/ON,,,4/5/2021 8:56:36 AM,False,5189,Accepted,
27972313,0568000,LOUISVILLE METRO POLICE DEPT,Accepted,JEFFERSON,,3210,MID DALE,LN,,,,,,,,38.212201652,-85.633228089,0.378,4/2/2021 12:00:00 AM,2140,2,2,0,1,CLEAR,DRY,True,SIDESWIPE COLLISION - SAME DIRECTION,SIDESWIPE-SAME DIRECTION,STRAIGHT & LEVEL,DARK-HWY LIGHTED/ON,,,4/5/2021 8:56:29 AM,False,5305,Accepted,
27972280,0568000,LOUISVILLE METRO POLICE DEPT,Accepted,JEFFERSON,US0031W,,DIXIE,HWY,,,,,,,,38.155955581,-85.834593977,12.428,4/2/2021 12:00:00 AM,1334,2,2,0,0,CLEAR,DRY,False,OTHER ROADWAY OR MID-BLOCK COLLISION,REAR END,STRAIGHT & LEVEL,DAYLIGHT,,,4/5/2021 8:55:34 AM,False,7234,Accepted,
27972282,0568000,LOUISVILLE METRO POLICE DEPT,Accepted,JEFFERSON,I 0071,,I71 N,,,,,,,,,38.300950039,-85.610275817,7.264,4/2/2021 12:00:00 AM,1545,2,2,0,0,CLEAR,DRY,False,SIDESWIPE COLLISION - SAME DIRECTION,SIDESWIPE-SAME DIRECTION,STRAIGHT & LEVEL,DAYLIGHT,,,4/5/2021 8:55:38 AM,False,2346,Accepted,
27972272,0568000,LOUISVILLE METRO POLICE DEPT,Accepted,JEFFERSON,,1429,SALE,AVE,,,,,,,,38.197691329,-85.788160519,0.606,4/2/2021 12:00:00 AM,1024,2,2,0,1,CLEAR,DRY,False,HEAD-ON COLLISION,HEAD ON,STRAIGHT & LEVEL,DAYLIGHT,,,4/5/2021 8:55:05 AM,False,7963,Accepted,
27972273,0568000,LOUISVILLE METRO POLICE DEPT,Accepted,JEFFERSON,KY1747,,HURSTBOURNE,PKWY,S,,WATTERSON,,,,,38.183511018,-85.606603637,8.520,4/2/2021 12:00:00 AM,0712,2,2,0,1,CLEAR,DRY,False,OTHER INTERSECTION COLLISIONS,REAR END,STRAIGHT & LEVEL,DAWN,,,4/5/2021 8:55:09 AM,False,4693,Accepted,
27972274,0568000,LOUISVILLE METRO POLICE DEPT,Accepted,JEFFERSON,KY0061,,PRESTON,HWY,,,,,,,,38.132210024,-85.683312061,3.499,4/2/2021 12:00:00 AM,1016,2,2,0,0,CLEAR,DRY,False,1 VEHICLE ENTERING/LEAVING ENTRANCE,ANGLE,STRAIGHT & LEVEL,DAYLIGHT,,,4/5/2021 8:55:13 AM,False,4693,Accepted,
27958961,0568000,LOUISVILLE METRO POLICE DEPT,Accepted,JEFFERSON,,,18TH,ST,S,,MAGAZINE,,,,,38.250203246,-85.781333480,0.623,4/2/2021 12:00:00 AM,0020,2,2,0,1,CLEAR,DRY,True,ANGLE COLLISION - OTHER,ANGLE,STRAIGHT & LEVEL,DARK-HWY LIGHTED/ON,,,4/2/2021 8:28:31 AM,False,5047,Accepted,
27958962,0568000,LOUISVILLE METRO POLICE DEPT,Accepted,JEFFERSON,,,FOREMAN,LN,,,BOST,,,,,38.130202006,-85.694416163,0.391,4/2/2021 12:00:00 AM,0050,2,2,0,0,CLEAR,DRY,False,ANGLE COLLISION - ONE VEHICLE TURNING LEFT,ANGLE,STRAIGHT & LEVEL,DARK-HWY LIGHTED/ON,,,4/2/2021 8:28:34 AM,False,5264,Accepted,
27972288,0568000,LOUISVILLE METRO POLICE DEPT,Accepted,JEFFERSON,KY0022,,BROWNSBORO,RD,,,BROWNSBORO GLEN,,,,,38.312822276,-85.567425960,4.452,4/2/2021 12:00:00 AM,1645,2,2,0,0,CLEAR,DRY,True,OPPOSING LEFT TURN,OPPOSING LEFT TURN,STRAIGHT & LEVEL,DAYLIGHT,,,4/5/2021 8:55:46 AM,False,6406,Accepted,
27972305,0568000,LOUISVILLE METRO POLICE DEPT,Accepted,JEFFERSON,,6508,UPPER HUNTERS,TRCE,,,,,,,,38.159629635,-85.845815715,1.292,4/2/2021 12:00:00 AM,2004,1,1,0,0,CLEAR,DRY,False,COLLISION WITH FIXED OBJECT NON - INTERSECTION - FIRST EVENT COLLISION 09 - 32 EXCLUDING 16,SINGLE VEHICLE,STRAIGHT & LEVEL,DARK (UNKNOWN ROADWAY LIGHTING),,,4/5/2021 8:56:11 AM,False,5312,Accepted,
27972339,0568000,LOUISVILLE METRO POLICE DEPT,Accepted,JEFFERSON,KY1450,,BLUE LICK,RD,,,FOREMAN,,,,,38.129239359,-85.689421922,3.077,4/2/2021 12:00:00 AM,2019,3,3,0,1,CLEAR,DRY,False,ANGLE COLLISION - OTHER,ANGLE,STRAIGHT & LEVEL,DARK-HWY NOT LIGHTED,,,4/5/2021 8:57:57 AM,False,5336,Accepted,
27972349,0568000,LOUISVILLE METRO POLICE DEPT,Accepted,JEFFERSON,I 0064,,I64 W,,,I 0064,I64 W EXIT3 ON RAMP FROM US31W,,,,,38.272421538,-85.784329645,2.335,4/2/2021 12:00:00 AM,0833,2,2,0,1,CLEAR,DRY,True,OTHER INTERSECTION COLLISIONS,REAR END,STRAIGHT & LEVEL,DAYLIGHT,,,4/5/2021 8:58:29 AM,True,2403,Accepted,
27972473,0568000,LOUISVILLE METRO POLICE DEPT,Accepted,JEFFERSON,,645,BERGMAN,ST,,,,,,,,38.229128929,-85.744094432,0.127,4/2/2021 12:00:00 AM,1650,1,1,0,0,CLEAR,DRY,False,COLLISION WITH FIXED OBJECT NON - INTERSECTION - FIRST EVENT COLLISION 09 - 32 EXCLUDING 16,SINGLE VEHICLE,STRAIGHT & LEVEL,DAYLIGHT,,,4/5/2021 9:05:42 AM,False,7433,Accepted,
27972357,0568000,LOUISVILLE METRO POLICE DEPT,Accepted,JEFFERSON,,,DIXIE,HWY,,,BERNHEIM,,,,,38.221408775,-85.793247568,1.994,4/2/2021 12:00:00 AM,1028,2,2,0,1,CLEAR,DRY,False,ANGLE COLLISION - OTHER,ANGLE,STRAIGHT & LEVEL,DAYLIGHT,,,4/5/2021 8:58:39 AM,False,7656,Accepted,
27972291,0568000,LOUISVILLE METRO POLICE DEPT,Accepted,JEFFERSON,,,NIGHTINGALE,RD,,,EAGLE,,,,,38.205666294,-85.719164645,0.136,4/2/2021 12:00:00 AM,1532,2,1,0,1,CLEAR,DRY,False,COLLISION WITH BICYCLE IN INTERSECTION,SINGLE VEHICLE,STRAIGHT & LEVEL,DAYLIGHT,,,4/5/2021 8:55:53 AM,False,7448,Accepted,