IncidentID,AgencyORI,AgencyName,IncidentStatusDesc,County,RdwyNumber,Street,RoadwayName,StreetSfx,StreetDir,IntersectionRdwy,IntersectionRdwyName,BetweenStRdwy1,BetweenStRdwyName1,BetweenStRdwy2,BetweenStRdwyName2,Latitude,Longitude,Milepoint,CollisionDate,CollisionTime,UnitsInvolved,MotorVehiclesInvolved,NumberKilled,NumberInjured,Weather,RdwyConditionCode,HitandRun,DirAnalysisCode,MannerofCollision,RdwyCharacter,LightCondition,RampFromRdwyId,RampToRdwyId,AcceptedDate,IsSecondaryCollision,OwnerBadge,IncidentStatus,
27972292,0568000,LOUISVILLE METRO POLICE DEPT,Accepted,JEFFERSON,,,LOUISVILLE,AVE,,,MOHAWK,,,,,38.187473646,-85.756521854,0.403,4/2/2021 12:00:00 AM,1623,2,2,0,0,CLEAR,DRY,True,OTHER INTERSECTION COLLISIONS,REAR END,STRAIGHT & LEVEL,DAYLIGHT,,,4/5/2021 8:55:56 AM,False,7963,Accepted,
27972293,0568000,LOUISVILLE METRO POLICE DEPT,Accepted,JEFFERSON,US0060A,,TAYLOR,BLVD,,,CENTRAL,,,,,38.206278536,-85.776170737,2.290,4/2/2021 12:00:00 AM,1728,2,2,0,0,CLEAR,DRY,False,OPPOSING LEFT TURN,OPPOSING LEFT TURN,STRAIGHT & LEVEL,DAYLIGHT,,,4/5/2021 8:56:01 AM,False,7398,Accepted,
27972310,0568000,LOUISVILLE METRO POLICE DEPT,Accepted,JEFFERSON,,2561,GRINSTEAD,DR,,,,,,,,38.248621684,-85.696471812,0.391,4/2/2021 12:00:00 AM,2226,1,1,0,0,CLEAR,DRY,False,COLLISION WITH FIXED OBJECT NON - INTERSECTION - FIRST EVENT COLLISION 09 - 32 EXCLUDING 16,SINGLE VEHICLE,STRAIGHT & LEVEL,DARK-HWY LIGHTED/ON,,,4/5/2021 8:56:19 AM,False,5240,Accepted,
27972378,0568000,LOUISVILLE METRO POLICE DEPT,Accepted,JEFFERSON,US0031W,,22ND,ST,S,,HILL,,,,,38.228910162,-85.792871864,18.157,4/2/2021 12:00:00 AM,2312,2,2,0,1,CLEAR,DRY,False,ANGLE COLLISION - OTHER,ANGLE,STRAIGHT & LEVEL,DARK-HWY LIGHTED/ON,,,4/5/2021 8:59:55 AM,False,5039,Accepted,
27972335,0568000,LOUISVILLE METRO POLICE DEPT,Accepted,JEFFERSON,KY1065,4108,OUTER,LOOP,,,,,,,,38.138328554,-85.686045609,6.088,4/2/2021 12:00:00 AM,1848,2,2,0,2,CLEAR,DRY,False,REAR END IN TRAFFIC LANES BOTH VEHICLES MOVING,REAR END,STRAIGHT & LEVEL,DAYLIGHT,,,4/5/2021 8:57:43 AM,False,5042,Accepted,
27972309,0568000,LOUISVILLE METRO POLICE DEPT,Accepted,JEFFERSON,,,BERRY,BLVD,,KY1865,TAYLOR,,,,,38.196278625,-85.783113943,0.008,4/2/2021 12:00:00 AM,1847,3,3,0,0,CLEAR,DRY,False,COLLISION WITH PARKED VEHICLE,ANGLE,STRAIGHT & LEVEL,DAYLIGHT,,,4/5/2021 8:56:15 AM,False,5316,Accepted,
27972316,0568000,LOUISVILLE METRO POLICE DEPT,Accepted,JEFFERSON,I 0071,,I71 S,,,I 0071,I71 S EXIT2 OFF RAMP TO  ZORN AVE,,,,,38.278774360,-85.691343661,2.225,4/2/2021 12:00:00 AM,2258,2,2,0,0,CLEAR,DRY,True,ANGLE COLLISION - OTHER,ANGLE,STRAIGHT & LEVEL,DARK-HWY LIGHTED/ON,,,4/5/2021 8:56:39 AM,False,5117,Accepted,
27972275,0568000,LOUISVILLE METRO POLICE DEPT,Accepted,JEFFERSON,I 0064,,I64 W,,,,,,,,,38.258900835,-85.761507851,4.027,4/2/2021 12:00:00 AM,0850,1,1,0,0,CLEAR,DRY,False,OTHER ROADWAY OR MID-BLOCK COLLISION,SINGLE VEHICLE,CURVE & GRADE,DAYLIGHT,,,4/5/2021 8:55:16 AM,False,5334,Accepted,
27972277,0568000,LOUISVILLE METRO POLICE DEPT,Accepted,JEFFERSON,KY1447,,WESTPORT,RD,,,ASSEMBLY,,,,,38.292375087,-85.562199466,5.841,4/2/2021 12:00:00 AM,1525,2,2,0,1,CLEAR,DRY,False,ANGLE COLLISION - OTHER,ANGLE,STRAIGHT & LEVEL,DAYLIGHT,,,4/5/2021 8:55:23 AM,False,2969,Accepted,
27972286,0568000,LOUISVILLE METRO POLICE DEPT,Accepted,JEFFERSON,,,CLAY,ST,S,,CHESTNUT,,,,,38.247128614,-85.741140844,0.549,4/2/2021 12:00:00 AM,1507,3,3,0,0,CLEAR,DRY,False,OTHER INTERSECTION COLLISIONS,REAR END,STRAIGHT & LEVEL,DAYLIGHT,,,4/5/2021 8:55:41 AM,False,7118,Accepted,
27972295,0568000,LOUISVILLE METRO POLICE DEPT,Accepted,JEFFERSON,KY2052,,SHEPHERDSVILLE,RD,,,RANGELAND,,,,,38.164394838,-85.659885546,1.777,4/2/2021 12:00:00 AM,1002,2,2,0,0,CLEAR,DRY,False,OPPOSING LEFT TURN,OPPOSING LEFT TURN,STRAIGHT & LEVEL,DAYLIGHT,,,4/5/2021 8:56:04 AM,False,7294,Accepted,
27972300,0568000,LOUISVILLE METRO POLICE DEPT,Accepted,JEFFERSON,,,GREENWOOD,AVE,,,CECIL,,,,,38.244198346,-85.821142508,1.956,4/2/2021 12:00:00 AM,1320,3,3,0,2,CLEAR,DRY,False,ANGLE COLLISION - OTHER,ANGLE,STRAIGHT & LEVEL,DAYLIGHT,,,4/5/2021 8:56:08 AM,False,5280,Accepted,
27967955,0560300,ST. MATTHEWS POLICE DEPARTMENT,Accepted,JEFFERSON,US0060,5067,SHELBYVILLE,RD,,,,,,,,38.250282418,-85.622694442,5.352,4/2/2021 12:00:00 AM,2018,2,2,0,0,CLOUDY,DRY,False,COLLISION IN PARKING LOT,ANGLE,STRAIGHT & LEVEL,DARK-HWY LIGHTED/ON,,,4/3/2021 10:35:12 PM,False,9158,Accepted,
27958963,0568000,LOUISVILLE METRO POLICE DEPT,Accepted,JEFFERSON,KY1865,,TAYLOR,BLVD,,,CARRICO,,,,,38.184429619,-85.783941623,5.377,4/2/2021 12:00:00 AM,0345,1,1,0,1,CLEAR,DRY,False,COLLISION WITH FIXED OBJECT IN INTERSECTION - FIRST EVENT COLLISION 09 - 32,SINGLE VEHICLE,STRAIGHT & LEVEL,DARK-HWY LIGHTED/ON,,,4/2/2021 8:28:38 AM,False,5284,Accepted,
27958964,0568000,LOUISVILLE METRO POLICE DEPT,Accepted,JEFFERSON,,3805,JUPITER,RD,,,,,,,,38.206995388,-85.638066073,0.023,4/2/2021 12:00:00 AM,0343,2,2,0,0,CLEAR,DRY,False,1 VEHICLE PARKED POSITION (NOT PARKING LOT/DRIVEWAY),HEAD ON,CURVE & LEVEL,DARK-HWY LIGHTED/ON,,,4/2/2021 8:28:41 AM,False,5328,Accepted,
27958965,0568000,LOUISVILLE METRO POLICE DEPT,Accepted,JEFFERSON,,,25TH,ST,S,,GREENWOOD,,,,,38.241638068,-85.794120884,0.575,4/2/2021 12:00:00 AM,0329,2,2,0,1,CLEAR,DRY,False,ANGLE COLLISION - OTHER,ANGLE,STRAIGHT & LEVEL,DARK-HWY LIGHTED/ON,,,4/2/2021 8:28:44 AM,False,5229,Accepted,
28140000,0568000,LOUISVILLE METRO POLICE DEPT,Accepted,JEFFERSON,KY2803,2210,ARTHUR,ST,,,,,,,,38.214681447,-85.752829934,0.255,4/2/2021 12:00:00 AM,2347,2,2,0,0,CLEAR,DRY,False,COLLISION IN PARKING LOT,BACKING,STRAIGHT & LEVEL,DARK-HWY LIGHTED/ON,,,5/17/2021 8:39:44 AM,False,7101,Accepted,
27958948,0568000,LOUISVILLE METRO POLICE DEPT,Accepted,JEFFERSON,,,TAYLOR,AVE,,KY0864,POPLAR LEVEL,,,,,38.199189702,-85.708118061,0.623,4/1/2021 12:00:00 AM,0824,2,2,0,0,CLEAR,DRY,False,ANGLE COLLISION - OTHER,ANGLE,STRAIGHT & LEVEL,DAYLIGHT,,,4/2/2021 8:27:37 AM,False,4693,Accepted,
27958955,0568000,LOUISVILLE METRO POLICE DEPT,Accepted,JEFFERSON,US0031E,,BARDSTOWN,RD,,,BANNON CROSSINGS,,,,,38.182209726,-85.628682956,8.817,4/1/2021 12:00:00 AM,1710,3,3,0,3,CLEAR,DRY,False,OTHER INTERSECTION COLLISIONS,REAR END,STRAIGHT & LEVEL,DAYLIGHT,,,4/2/2021 8:28:04 AM,False,7864,Accepted,
27954744,0568000,LOUISVILLE METRO POLICE DEPT,Accepted,JEFFERSON,,,GRADE,LN,,,GRADE LN CONN,,,,,38.163076519,-85.721730682,1.291,4/1/2021 12:00:00 AM,0531,2,1,0,1,CLEAR,DRY,False,COLLISION WITH BICYCLE IN INTERSECTION,SINGLE VEHICLE,STRAIGHT & LEVEL,DARK-HWY LIGHTED/ON,,,4/1/2021 9:08:01 AM,False,5269,Accepted,
27954745,0568000,LOUISVILLE METRO POLICE DEPT,Accepted,JEFFERSON,I 0065,,I65 N,,,,,,,,,38.090652484,-85.700878095,123.480,4/1/2021 12:00:00 AM,0338,2,2,0,0,CLEAR,DRY,False,OTHER ROADWAY OR MID-BLOCK COLLISION,REAR END,STRAIGHT & LEVEL,DARK-HWY LIGHTED/ON,,,4/1/2021 9:08:06 AM,False,5314,Accepted,
27958949,0568000,LOUISVILLE METRO POLICE DEPT,Accepted,JEFFERSON,,,RANGELAND,RD,,,,,,,,38.164533536,-85.662451806,1.087,4/1/2021 12:00:00 AM,1023,1,1,0,0,CLEAR,DRY,False,OTHER COLLISIONS ON SHOULDER,SINGLE VEHICLE,STRAIGHT & LEVEL,DAYLIGHT,,,4/2/2021 8:27:41 AM,False,4693,Accepted,
27958950,0568000,LOUISVILLE METRO POLICE DEPT,Accepted,JEFFERSON,KY2051,,CAMP GROUND,RD,,,,,,,,38.196466428,-85.863455580,3.425,4/1/2021 12:00:00 AM,1435,2,2,0,2,CLEAR,DRY,False,HEAD-ON COLLISION,HEAD ON,CURVE & LEVEL,DAYLIGHT,,,4/2/2021 8:27:45 AM,False,5208,Accepted,
27958958,0568000,LOUISVILLE METRO POLICE DEPT,Accepted,JEFFERSON,,,MCCLOSKEY,AVE,,,BERNHEIM,,,,,38.221106978,-85.788426188,0.151,4/1/2021 12:00:00 AM,1736,2,2,0,0,CLEAR,DRY,False,HEAD-ON COLLISION,HEAD ON,STRAIGHT & HILLCREST,DAYLIGHT,,,4/2/2021 8:28:18 AM,False,5161,Accepted,
27958957,0568000,LOUISVILLE METRO POLICE DEPT,Accepted,JEFFERSON,,,INDIAN,TRL,E,,JENNINGS,,,,,38.178352814,-85.676614815,1.864,4/1/2021 12:00:00 AM,1716,2,2,0,0,CLEAR,DRY,True,OPPOSITE DIRECTION - BOTH VEHICLES GOING STRAIGHT AHEAD,SIDESWIPE-OPPOSITE DIRECTION,STRAIGHT & LEVEL,DAYLIGHT,,,4/2/2021 8:28:13 AM,False,5233,Accepted,
27972049,0560600,WEST BUECHEL POLICE DEPT.,Accepted,JEFFERSON,,,LEGHORN,DR,,KY1703,NEWBURG,,,,,38.193787840,-85.677469711,0.090,4/1/2021 12:00:00 AM,0730,2,2,0,0,CLEAR,DRY,False,COLLISION WITH FIXED OBJECT IN INTERSECTION - FIRST EVENT COLLISION 09 - 32,SIDESWIPE-OPPOSITE DIRECTION,STRAIGHT & GRADE,DAYLIGHT,,,4/5/2021 8:11:52 AM,False,1299,Accepted,
27981016,0560400,SHIVELY POLICE DEPARTMENT,Accepted,JEFFERSON,I 0264,,I264 W,,,,,I 0264,I264 W EXIT5 RAMP KY1934,I 0264,I264 W EXIT8 ON RAMP FROM US31W S,38.196458102,-85.828528693,6.070,4/1/2021 12:00:00 AM,0530,2,2,0,0,CLEAR,DRY,False,SIDESWIPE COLLISION - SAME DIRECTION,SIDESWIPE-SAME DIRECTION,STRAIGHT & LEVEL,DARK-HWY LIGHTED/ON,,,4/7/2021 8:02:06 AM,False,7129,Accepted,
27981107,0568000,LOUISVILLE METRO POLICE DEPT,Accepted,JEFFERSON,KY0061,1000,PRESTON,HWY,,,,,,,,38.096020076,-85.669928851,0.863,4/1/2021 12:00:00 AM,1800,3,3,0,0,CLEAR,DRY,False,REAR END IN TRAFFIC LANES BOTH VEHICLES MOVING,REAR END,STRAIGHT & LEVEL,DAYLIGHT,,,4/7/2021 8:07:51 AM,False,7799,Accepted,
27977036,0568000,LOUISVILLE METRO POLICE DEPT,Accepted,JEFFERSON,I 0065,,I65 S,,,,,,,,,38.114374383,-85.701678861,125.115,4/1/2021 12:00:00 AM,1530,2,2,0,0,CLEAR,DRY,True,REAR END IN TRAFFIC LANES BOTH VEHICLES MOVING,REAR END,STRAIGHT & LEVEL,DAYLIGHT,,,4/6/2021 10:29:12 AM,False,7989,Accepted,
27958967,0568000,LOUISVILLE METRO POLICE DEPT,Accepted,JEFFERSON,KY1931,,MANSLICK,RD,,,MARCH,,,,,38.191663322,-85.800759669,8.106,4/1/2021 12:00:00 AM,2147,3,3,0,2,CLOUDY,DRY,False,OPPOSING LEFT TURN,OPPOSING LEFT TURN,STRAIGHT & LEVEL,DARK-HWY LIGHTED/ON,,,4/2/2021 8:28:51 AM,False,7426,Accepted,
27959422,0560000,JEFFERSON COUNTY SHERIFF DEPT.,Accepted,JEFFERSON,I 0064,,,,,,,,,,,38.258625729,-85.754478754,0.236,4/1/2021 12:00:00 AM,0638,1,1,0,0,CLEAR,DRY,False,OTHER RAMP RELATED COLLISIONS NOT LISTED ABOVE,SINGLE VEHICLE,CURVE & HILLCREST,DAWN,I 0064,N  3RD ST,4/2/2021 11:16:12 AM,False,4064,Accepted,
28000385,0568000,LOUISVILLE METRO POLICE DEPT,Accepted,JEFFERSON,,5801,BLEVINS GAP,RD,,,,,MEDORA,,AUTUMN LAKE,38.068991650,-85.874474973,0.589,4/1/2021 12:00:00 AM,1603,1,1,0,0,CLEAR,DRY,False,OTHER ROADWAY OR MID-BLOCK COLLISION,SINGLE VEHICLE,STRAIGHT & LEVEL,DAYLIGHT,,,4/12/2021 8:55:56 AM,False,7634,Accepted,
27958959,0568000,LOUISVILLE METRO POLICE DEPT,Accepted,JEFFERSON,US0060,,FRANKFORT,AVE,,,,,,,,38.254580046,-85.684241705,1.981,4/1/2021 12:00:00 AM,2057,3,3,0,0,CLEAR,DRY,False,OTHER ROADWAY OR MID-BLOCK COLLISION,REAR END,STRAIGHT & LEVEL,DARK-HWY LIGHTED/ON,,,4/2/2021 8:28:25 AM,False,2976,Accepted,
27958960,0568000,LOUISVILLE METRO POLICE DEPT,Accepted,JEFFERSON,,1339,TRINITY PARK,DR,,,,,,,,38.187836611,-85.716780590,0.203,4/1/2021 12:00:00 AM,2230,1,1,0,0,CLEAR,DRY,True,OTHER ROADWAY OR MID-BLOCK COLLISION,SINGLE VEHICLE,CURVE & LEVEL,DARK-HWY NOT LIGHTED,,,4/2/2021 8:28:28 AM,False,5269,Accepted,
27954741,0568000,LOUISVILLE METRO POLICE DEPT,Accepted,JEFFERSON,US0031E,,BAXTER,AVE,,,,,,,,38.245213786,-85.728155824,16.020,4/1/2021 12:00:00 AM,0105,2,2,0,0,CLEAR,DRY,True,1 VEHICLE ENTERING/LEAVING ENTRANCE,ANGLE,STRAIGHT & LEVEL,DARK-HWY LIGHTED/ON,,,4/1/2021 9:07:50 AM,False,7376,Accepted,
27958943,0568000,LOUISVILLE METRO POLICE DEPT,Accepted,JEFFERSON,KY1865,,NEW CUT,RD,,KY1065,OUTER,,,,,38.126469558,-85.776098960,1.259,4/1/2021 12:00:00 AM,1002,2,2,0,0,CLEAR,DRY,False,SIDESWIPE-SAME DIRECTION,SIDESWIPE-SAME DIRECTION,STRAIGHT & LEVEL,DAYLIGHT,,,4/2/2021 8:27:15 AM,False,7356,Accepted,
27958944,0568000,LOUISVILLE METRO POLICE DEPT,Accepted,JEFFERSON,KY0841,,GENE SNYDER,FWY,,,,,,,,38.320850035,-85.614000289,36.535,4/1/2021 12:00:00 AM,0734,2,2,0,0,CLEAR,DRY,False,REAR END IN TRAFFIC LANES BOTH VEHICLES MOVING,REAR END,STRAIGHT & HILLCREST,DAWN,,,4/2/2021 8:27:20 AM,False,2395,Accepted,
27958951,0568000,LOUISVILLE METRO POLICE DEPT,Accepted,JEFFERSON,,,BATES,RD,,,,,COOPER CHAPEL,,OLD BATES,38.113834632,-85.622275816,0.655,4/1/2021 12:00:00 AM,1330,1,1,0,0,CLOUDY,DRY,False,COLLISION WITH FIXED OBJECT NON - INTERSECTION - FIRST EVENT COLLISION 09 - 32 EXCLUDING 16,SINGLE VEHICLE,STRAIGHT & LEVEL,DAYLIGHT,,,4/2/2021 8:27:48 AM,False,2017,Accepted,
27954742,0568000,LOUISVILLE METRO POLICE DEPT,Accepted,JEFFERSON,,,26TH,ST,S,,BROADWAY,,,,,38.249503936,-85.794860716,0.778,4/1/2021 12:00:00 AM,0445,2,2,0,0,CLEAR,DRY,True,ANGLE COLLISION - OTHER,ANGLE,STRAIGHT & LEVEL,DARK-HWY LIGHTED/ON,,,4/1/2021 9:07:53 AM,False,5047,Accepted,
27954751,0568000,LOUISVILLE METRO POLICE DEPT,Accepted,JEFFERSON,I 0065,,I65 N EXIT131A TRANSIT,,,,,,,,,38.188631381,-85.727396777,0.073,4/1/2021 12:00:00 AM,0504,3,3,0,1,CLEAR,DRY,False,SIDESWIPE COLLISION - SAME DIRECTION,SIDESWIPE-SAME DIRECTION,STRAIGHT & LEVEL,DARK (UNKNOWN ROADWAY LIGHTING),,,4/1/2021 9:08:22 AM,False,5286,Accepted,
28019425,0568000,LOUISVILLE METRO POLICE DEPT,Accepted,JEFFERSON,,,25TH,ST,S,,DATE,,,,,38.243438627,-85.793752364,0.435,4/1/2021 12:00:00 AM,1404,2,2,0,0,CLEAR,DRY,False,ANGLE COLLISION - OTHER,ANGLE,STRAIGHT & LEVEL,DAYLIGHT,,,4/16/2021 9:15:10 AM,False,5318,Accepted,
28005130,0568000,LOUISVILLE METRO POLICE DEPT,Accepted,JEFFERSON,,,BISHOP,LN,,,,,,,,38.200739011,-85.685959364,1.447,3/31/2021 12:00:00 AM,1514,2,1,0,1,CLOUDY,DRY,False,COLLISION WITH PEDESTRIAN NON - INTERSECTION,SINGLE VEHICLE,STRAIGHT & HILLCREST,DAYLIGHT,,,4/13/2021 8:38:26 AM,False,7371,Accepted,
27958945,0568000,LOUISVILLE METRO POLICE DEPT,Accepted,JEFFERSON,KY0061,,PRESTON,ST,S,,LYNN,,,,,38.217635463,-85.745940587,10.468,3/31/2021 12:00:00 AM,1811,2,2,0,0,CLOUDY,DRY,False,OTHER INTERSECTION COLLISIONS,REAR END,STRAIGHT & LEVEL,DAYLIGHT,,,4/2/2021 8:27:26 AM,False,7257,Accepted,
27958954,0568000,LOUISVILLE METRO POLICE DEPT,Accepted,JEFFERSON,,,16TH,ST,N,,ROWAN,,,,,38.260177240,-85.776149501,0.142,3/31/2021 12:00:00 AM,1355,2,2,0,3,CLOUDY,DRY,False,ANGLE COLLISION - OTHER,ANGLE,STRAIGHT & GRADE,DAYLIGHT,,,4/2/2021 8:28:01 AM,False,5353,Accepted,
27950431,0568000,LOUISVILLE METRO POLICE DEPT,Accepted,JEFFERSON,I 0065,,I65 N,,,,,,,,,38.201382226,-85.735512988,131.587,3/31/2021 12:00:00 AM,0500,2,2,0,0,RAINING,WET,True,OTHER ROADWAY OR MID-BLOCK COLLISION,REAR END,CURVE & LEVEL,DARK-HWY LIGHTED/ON,,,3/31/2021 9:11:37 AM,False,5152,Accepted,
28000320,0568000,LOUISVILLE METRO POLICE DEPT,Accepted,JEFFERSON,,,15TH,ST,S,,MAGAZINE,,,,,38.249628055,-85.776297555,1.682,3/31/2021 12:00:00 AM,2051,2,2,0,0,CLEAR,DRY,False,SIDESWIPE-SAME DIRECTION,SIDESWIPE-SAME DIRECTION,STRAIGHT & LEVEL,DARK-HWY LIGHTED/ON,,,4/12/2021 8:54:21 AM,False,5275,Accepted,
27950429,0568000,LOUISVILLE METRO POLICE DEPT,Accepted,JEFFERSON,KY2054,900,ALGONQUIN,PKWY,,,,,,,,38.212346054,-85.770785951,3.163,3/31/2021 12:00:00 AM,0157,1,1,0,0,RAINING,WET,False,COLLISION WITH FIXED OBJECT NON - INTERSECTION - FIRST EVENT COLLISION 09 - 32 EXCLUDING 16,SINGLE VEHICLE,CURVE & LEVEL,DARK-HWY LIGHTED/ON,,,3/31/2021 9:11:28 AM,False,5183,Accepted,
27958942,0568000,LOUISVILLE METRO POLICE DEPT,Accepted,JEFFERSON,KY1865,4126,TAYLOR,BLVD,,,,,,,,38.170409875,-85.781418709,4.385,3/31/2021 12:00:00 AM,1414,2,2,0,0,CLEAR,DRY,True,REAR END IN TRAFFIC LANES BOTH VEHICLES MOVING,REAR END,STRAIGHT & GRADE,DAYLIGHT,,,4/2/2021 8:27:10 AM,False,5350,Accepted,
27954733,0568000,LOUISVILLE METRO POLICE DEPT,Accepted,JEFFERSON,US0150,,BROADWAY,,E,KY0864,SHELBY,,,,,38.244709534,-85.739515068,3.403,3/31/2021 12:00:00 AM,1700,2,2,0,0,CLOUDY,DRY,False,ANGLE COLLISION - OTHER,ANGLE,STRAIGHT & LEVEL,DAYLIGHT,,,4/1/2021 9:06:56 AM,False,7058,Accepted,
27954734,0568000,LOUISVILLE METRO POLICE DEPT,Accepted,JEFFERSON,KY0864,,POPLAR LEVEL,RD,,,AUDUBON,,,,,38.210177838,-85.717115678,12.479,3/31/2021 12:00:00 AM,1459,3,3,0,1,CLOUDY,DRY,False,ANGLE COLLISION - OTHER,ANGLE,CURVE & HILLCREST,DAYLIGHT,,,4/1/2021 9:06:59 AM,False,5106,Accepted,
28005115,0568000,LOUISVILLE METRO POLICE DEPT,Accepted,JEFFERSON,KY2054,,ALGONQUIN,PKWY,,,,,COLORADO,,COMPTON,38.213627603,-85.772556975,3.031,3/31/2021 12:00:00 AM,0157,1,1,1,0,RAINING,WET,False,COLLISION WITH FIXED OBJECT NON - INTERSECTION - FIRST EVENT COLLISION 09 - 32 EXCLUDING 16,SINGLE VEHICLE,CURVE & LEVEL,DARK-HWY LIGHTED/ON,,,4/13/2021 8:37:29 AM,False,7772,Accepted,
27985610,0568000,LOUISVILLE METRO POLICE DEPT,Accepted,JEFFERSON,US0031E,5338,BARDSTOWN,RD,,,,,,,,38.169499252,-85.606111284,7.313,3/31/2021 12:00:00 AM,1800,2,2,0,0,CLEAR,DRY,False,COLLISION IN PARKING LOT,BACKING,STRAIGHT & LEVEL,DAYLIGHT,,,4/8/2021 8:40:20 AM,False,7642,Accepted,
27977068,0568000,LOUISVILLE METRO POLICE DEPT,Accepted,JEFFERSON,KY2052,6217,SHEPHERDSVILLE,RD,,,,,,,,38.159506091,-85.659935336,1.439,3/31/2021 12:00:00 AM,1120,1,1,0,0,CLEAR,DRY,False,COLLISION WITH FIXED OBJECT NON - INTERSECTION - FIRST EVENT COLLISION 09 - 32 EXCLUDING 16,SINGLE VEHICLE,STRAIGHT & LEVEL,DAYLIGHT,,,4/6/2021 10:31:47 AM,False,7200,Accepted,
27972317,0568000,LOUISVILLE METRO POLICE DEPT,Accepted,JEFFERSON,KY1020,,2ND,ST,S,,LEE,,,,,38.222806333,-85.759128177,10.497,3/31/2021 12:00:00 AM,0546,6,6,0,0,CLOUDY,WET,False,COLLISION WITH PARKED VEHICLE,SIDESWIPE-SAME DIRECTION,STRAIGHT & LEVEL,DARK-HWY LIGHTED/ON,,,4/5/2021 8:56:43 AM,False,5287,Accepted,
27954727,0568000,LOUISVILLE METRO POLICE DEPT,Accepted,JEFFERSON,,809,PALATKA,RD,,,,,,,,38.147831371,-85.769965745,0.193,3/31/2021 12:00:00 AM,1034,1,1,0,0,CLEAR,DRY,False,COLLISION WITH FIXED OBJECT NON - INTERSECTION - FIRST EVENT COLLISION 09 - 32 EXCLUDING 16,SINGLE VEHICLE,CURVE & LEVEL,DAYLIGHT,,,4/1/2021 9:06:30 AM,False,7427,Accepted,
27954728,0568000,LOUISVILLE METRO POLICE DEPT,Accepted,JEFFERSON,I 0265,,,,,,,,,,,38.188231889,-85.510727358,0.034,3/31/2021 12:00:00 AM,0942,2,2,0,0,CLOUDY,DRY,False,OTHER RAMP RELATED COLLISIONS NOT LISTED ABOVE,REAR END,STRAIGHT & GRADE,DAYLIGHT,KY0155,I 0265,4/1/2021 9:06:33 AM,False,7642,Accepted,
27950425,0568000,LOUISVILLE METRO POLICE DEPT,Accepted,JEFFERSON,US0031E,,BARDSTOWN,RD,,,,,FAIRGROUND,,OLDHAM,38.163437825,-85.596715405,6.645,3/31/2021 12:00:00 AM,0030,3,3,0,0,RAINING,WET,False,SIDESWIPE COLLISION - SAME DIRECTION,SIDESWIPE-SAME DIRECTION,STRAIGHT & LEVEL,DARK-HWY LIGHTED/ON,,,3/31/2021 9:11:08 AM,False,7761,Accepted,
27954730,0568000,LOUISVILLE METRO POLICE DEPT,Accepted,JEFFERSON,I 0064,,I64 W,,,,,,,,,38.258918416,-85.757600113,4.245,3/31/2021 12:00:00 AM,1254,2,2,0,6,CLEAR,DRY,False,REAR END IN TRAFFIC LANES BOTH VEHICLES MOVING,REAR END,STRAIGHT & LEVEL,DAYLIGHT,,,4/1/2021 9:06:40 AM,False,8278,Accepted,
27954747,0568000,LOUISVILLE METRO POLICE DEPT,Accepted,JEFFERSON,KY1865,,TAYLOR,BLVD,,,ASHLAND,,,,,38.186591527,-85.783705874,5.535,3/31/2021 12:00:00 AM,2042,2,2,0,2,CLEAR,DRY,False,ANGLE COLLISION - ONE VEHICLE TURNING LEFT,ANGLE,STRAIGHT & LEVEL,DARK-HWY LIGHTED/ON,,,4/1/2021 9:08:17 AM,False,7455,Accepted,
27950432,0568000,LOUISVILLE METRO POLICE DEPT,Accepted,JEFFERSON,I 0064,,I64 W,,,,,,,,,38.258849258,-85.765005934,3.840,3/31/2021 12:00:00 AM,0509,2,2,0,0,RAINING,WET,False,SIDESWIPE COLLISION - SAME DIRECTION,SIDESWIPE-SAME DIRECTION,CURVE & LEVEL,DARK-HWY LIGHTED/ON,,,3/31/2021 9:11:41 AM,False,5362,Accepted,
27954746,0568000,LOUISVILLE METRO POLICE DEPT,Accepted,JEFFERSON,KY1020,,3RD,ST,S,,HILL,,,,,38.225811559,-85.760263833,10.699,3/31/2021 12:00:00 AM,2020,3,3,0,1,CLOUDY,DRY,False,ANGLE COLLISION - OTHER,ANGLE,STRAIGHT & LEVEL,DARK-HWY LIGHTED/ON,,,4/1/2021 9:08:13 AM,False,5230,Accepted,
27954752,0568000,LOUISVILLE METRO POLICE DEPT,Accepted,JEFFERSON,KY0146,,LA GRANGE,RD,,I 0265,I265 S EXIT30 ON RAMP FROM KY146,,,,,38.284467091,-85.514596975,7.213,3/31/2021 12:00:00 AM,0844,2,2,0,2,CLOUDY,DRY,False,OPPOSING LEFT TURN,OPPOSING LEFT TURN,STRAIGHT & LEVEL,DAYLIGHT,,,4/1/2021 9:08:28 AM,False,7751,Accepted,
27954753,0568000,LOUISVILLE METRO POLICE DEPT,Accepted,JEFFERSON,,,SHEPHERDSVILLE,RD,,,,,VILLA PARK,,MILES,38.123500220,-85.666657048,1.158,3/31/2021 12:00:00 AM,1833,1,1,0,0,CLOUDY,DRY,False,OTHER COLLISIONS ON SHOULDER,SINGLE VEHICLE,STRAIGHT & LEVEL,DAYLIGHT,,,4/1/2021 9:08:31 AM,False,7397,Accepted,