IncidentID,AgencyORI,AgencyName,IncidentStatusDesc,County,RdwyNumber,Street,RoadwayName,StreetSfx,StreetDir,IntersectionRdwy,IntersectionRdwyName,BetweenStRdwy1,BetweenStRdwyName1,BetweenStRdwy2,BetweenStRdwyName2,Latitude,Longitude,Milepoint,CollisionDate,CollisionTime,UnitsInvolved,MotorVehiclesInvolved,NumberKilled,NumberInjured,Weather,RdwyConditionCode,HitandRun,DirAnalysisCode,MannerofCollision,RdwyCharacter,LightCondition,RampFromRdwyId,RampToRdwyId,AcceptedDate,IsSecondaryCollision,OwnerBadge,IncidentStatus,
27958956,0568000,LOUISVILLE METRO POLICE DEPT,Accepted,JEFFERSON,,,ORMSBY,AVE,W,,4TH,,,,,38.232855001,-85.760721702,0.272,3/31/2021 12:00:00 AM,1330,2,2,0,0,CLOUDY,DRY,False,ANGLE COLLISION - ONE VEHICLE TURNING RIGHT,ANGLE,STRAIGHT & LEVEL,DAYLIGHT,,,4/2/2021 8:28:09 AM,False,7619,Accepted,
27954735,0568000,LOUISVILLE METRO POLICE DEPT,Accepted,JEFFERSON,KY1020,,NATIONAL,TPKE,,KY1065,OUTER,,,,,38.127031524,-85.748957438,3.666,3/31/2021 12:00:00 AM,1335,1,1,0,0,CLOUDY,DRY,False,NON-COLLISION OBJECT COLLISION,SINGLE VEHICLE,STRAIGHT & LEVEL,DAYLIGHT,,,4/1/2021 9:07:07 AM,False,7234,Accepted,
27972269,0568000,LOUISVILLE METRO POLICE DEPT,Accepted,JEFFERSON,US0150,,BROADWAY,,W,US0031W,22ND,,,,,38.249302593,-85.788193452,0.745,3/30/2021 12:00:00 AM,1600,2,2,0,3,CLEAR,DRY,True,OPPOSING LEFT TURN,OPPOSING LEFT TURN,STRAIGHT & LEVEL,DAWN,,,4/5/2021 8:54:51 AM,False,5334,Accepted,
27950416,0568000,LOUISVILLE METRO POLICE DEPT,Accepted,JEFFERSON,,,LEE,ST,W,,,,23RD,,25TH,38.227793902,-85.796002894,0.099,3/30/2021 12:00:00 AM,0810,2,2,0,0,CLEAR,DRY,False,1 VEHICLE PARKED POSITION (NOT PARKING LOT/DRIVEWAY),SIDESWIPE-SAME DIRECTION,STRAIGHT & LEVEL,DAYLIGHT,,,3/31/2021 9:10:17 AM,True,2469,Accepted,
27950423,0568000,LOUISVILLE METRO POLICE DEPT,Accepted,JEFFERSON,KY0864,,POPLAR LEVEL,RD,,,,,DIXON,US0060A,EASTERN,38.223340906,-85.729605704,13.659,3/30/2021 12:00:00 AM,1913,1,1,0,0,CLEAR,DRY,False,COLLISION WITH FIXED OBJECT NON - INTERSECTION - FIRST EVENT COLLISION 09 - 32 EXCLUDING 16,SINGLE VEHICLE,CURVE & GRADE,DAYLIGHT,,,3/31/2021 9:10:58 AM,False,5053,Accepted,
27950434,0568000,LOUISVILLE METRO POLICE DEPT,Accepted,JEFFERSON,US0060,9800,SHELBYVILLE,RD,,,,,,,,38.245399677,-85.572945962,8.102,3/30/2021 12:00:00 AM,1254,2,1,0,1,CLEAR,DRY,False,COLLISION WITH FIXED OBJECT NON - INTERSECTION - FIRST EVENT COLLISION 09 - 32 EXCLUDING 16,SINGLE VEHICLE,STRAIGHT & HILLCREST,DAYLIGHT,,,3/31/2021 9:11:49 AM,False,7751,Accepted,
27972270,0568000,LOUISVILLE METRO POLICE DEPT,Accepted,JEFFERSON,,,GRAY,ST,E,,HANCOCK,,,,,38.246055337,-85.743385637,0.423,3/30/2021 12:00:00 AM,1200,2,2,0,0,CLEAR,DRY,True,OPPOSING LEFT TURN,OPPOSING LEFT TURN,STRAIGHT & LEVEL,DAYLIGHT,,,4/5/2021 8:54:57 AM,False,7823,Accepted,
27945987,0568000,LOUISVILLE METRO POLICE DEPT,Accepted,JEFFERSON,I 0064,,I64 E,,,,,,,,,38.277260037,-85.803268751,1.395,3/30/2021 12:00:00 AM,0351,2,1,0,1,CLEAR,DRY,False,COLLISION WITH PEDESTRIAN NON - INTERSECTION,SINGLE VEHICLE,CURVE & HILLCREST,DARK (UNKNOWN ROADWAY LIGHTING),,,3/30/2021 8:11:57 AM,False,5118,Accepted,
27945988,0568000,LOUISVILLE METRO POLICE DEPT,Accepted,JEFFERSON,,,RODMAN,ST,,,HEYWOOD,,,,,38.206970002,-85.770312949,0.085,3/30/2021 12:00:00 AM,0404,2,2,0,0,CLEAR,DRY,False,ANGLE COLLISION - OTHER,ANGLE,STRAIGHT & LEVEL,DARK-HWY LIGHTED/ON,,,3/30/2021 8:12:03 AM,False,5348,Accepted,
27945989,0568000,LOUISVILLE METRO POLICE DEPT,Accepted,JEFFERSON,KY0864,,POPLAR LEVEL,RD,,KY3069,SANITA,,,,,38.192595337,-85.706103919,11.095,3/30/2021 12:00:00 AM,0620,2,2,0,1,CLEAR,DRY,False,ANGLE COLLISION - OTHER,ANGLE,STRAIGHT & HILLCREST,DARK-HWY LIGHTED/ON,,,3/30/2021 8:12:08 AM,False,5174,Accepted,
27950393,0568000,LOUISVILLE METRO POLICE DEPT,Accepted,JEFFERSON,KY1065,,OUTER,LOOP,,,ROBBS,,,,,38.138000925,-85.665257459,7.230,3/30/2021 12:00:00 AM,0848,2,2,0,0,CLEAR,DRY,False,ANGLE COLLISION - ONE VEHICLE TURNING RIGHT,ANGLE,STRAIGHT & LEVEL,DAYLIGHT,,,3/31/2021 9:08:44 AM,False,7838,Accepted,
27950400,0568000,LOUISVILLE METRO POLICE DEPT,Accepted,JEFFERSON,US0060A,,EASTERN,PKWY,,,NORRIS,,,,,38.230752737,-85.711578371,6.678,3/30/2021 12:00:00 AM,1415,2,2,0,0,CLEAR,DRY,True,ANGLE COLLISION - OTHER,ANGLE,STRAIGHT & GRADE,DAYLIGHT,,,3/31/2021 9:09:08 AM,False,7129,Accepted,
27950401,0568000,LOUISVILLE METRO POLICE DEPT,Accepted,JEFFERSON,,,CHESTNUT,ST,E,KY0061,JACKSON,,,,,38.247576075,-85.745174997,0.425,3/30/2021 12:00:00 AM,1329,2,2,0,2,CLEAR,DRY,False,ANGLE COLLISION - OTHER,ANGLE,STRAIGHT & LEVEL,DAYLIGHT,,,3/31/2021 9:09:11 AM,False,7823,Accepted,
27950409,0568000,LOUISVILLE METRO POLICE DEPT,Accepted,JEFFERSON,,,TRAFALGAR,SQ,,,GOLDSMITH,,,,,38.207640337,-85.670218571,,3/30/2021 12:00:00 AM,1550,2,2,0,0,CLEAR,DRY,False,HEAD-ON COLLISION,HEAD ON,STRAIGHT & LEVEL,DAYLIGHT,,,3/31/2021 9:09:49 AM,False,7319,Accepted,
27950417,0568000,LOUISVILLE METRO POLICE DEPT,Accepted,JEFFERSON,US0150,,DR W J HODGE,ST,,US0031W,MARKET,,,,,38.258427952,-85.784884096,0.837,3/30/2021 12:00:00 AM,0644,2,2,0,0,CLEAR,DRY,True,ANGLE COLLISION - OTHER,ANGLE,STRAIGHT & LEVEL,DAYLIGHT,,,3/31/2021 9:10:24 AM,False,5271,Accepted,
27950418,0568000,LOUISVILLE METRO POLICE DEPT,Accepted,JEFFERSON,US0031W,,DIXIE,HWY,,,WATSON,,,,,38.056193918,-85.890674390,4.811,3/30/2021 12:00:00 AM,2041,2,2,0,0,RAINING,WET,False,ANGLE COLLISION - OTHER,ANGLE,STRAIGHT & LEVEL,DARK-HWY NOT LIGHTED,,,3/31/2021 9:10:27 AM,False,5279,Accepted,
27950407,0568000,LOUISVILLE METRO POLICE DEPT,Accepted,JEFFERSON,,,GLASER,LN,,KY1065,BEULAH CHURCH,,,,,38.139900357,-85.600643855,1.578,3/30/2021 12:00:00 AM,1605,2,2,0,1,CLEAR,DRY,False,ANGLE COLLISION - OTHER,ANGLE,STRAIGHT & LEVEL,DAYLIGHT,,,3/31/2021 9:09:42 AM,False,5005,Accepted,
27950408,0568000,LOUISVILLE METRO POLICE DEPT,Accepted,JEFFERSON,US0060A,,TAYLOR,BLVD,,US0060A,BERRY,,,,,38.196357697,-85.782963968,1.476,3/30/2021 12:00:00 AM,1346,2,2,0,1,CLEAR,DRY,False,OTHER INTERSECTION COLLISIONS,REAR END,STRAIGHT & LEVEL,DAYLIGHT,,,3/31/2021 9:09:45 AM,False,7455,Accepted,
27950415,0568000,LOUISVILLE METRO POLICE DEPT,Accepted,JEFFERSON,KY1065,3541,OUTER,LOOP,,,,,,,,38.136273818,-85.695191496,5.574,3/30/2021 12:00:00 AM,1641,3,3,0,0,CLEAR,DRY,True,SIDESWIPE COLLISION - SAME DIRECTION,SIDESWIPE-SAME DIRECTION,STRAIGHT & LEVEL,DAYLIGHT,,,3/31/2021 9:10:11 AM,False,7354,Accepted,
27945985,0568000,LOUISVILLE METRO POLICE DEPT,Accepted,JEFFERSON,KY0907,,3RD ST,RD,,,,KY2055,MANSLICK,,ARNOLDTOWN,38.125666403,-85.796341871,4.493,3/30/2021 12:00:00 AM,0452,1,1,0,0,CLEAR,DRY,False,OTHER ROADWAY OR MID-BLOCK COLLISION,SINGLE VEHICLE,CURVE & LEVEL,DARK-HWY NOT LIGHTED,,,3/30/2021 8:11:53 AM,False,5312,Accepted,
27950397,0568000,LOUISVILLE METRO POLICE DEPT,Accepted,JEFFERSON,KY0061,,PRESTON,ST,S,,,,,,,38.252020144,-85.746463331,13.046,3/30/2021 12:00:00 AM,1314,2,1,0,1,CLEAR,DRY,False,COLLISION WITH PEDESTRIAN NON - INTERSECTION,SINGLE VEHICLE,STRAIGHT & LEVEL,DAYLIGHT,,,3/31/2021 9:09:00 AM,False,7216,Accepted,
27972371,0568000,LOUISVILLE METRO POLICE DEPT,Accepted,JEFFERSON,I 0064,,I64 E,,,,,I 0064,I64 E RAMP TO I65 S,I 0064,I64 E EXIT4 ON RAMP FROM US31W,38.258962697,-85.751624812,4.831,3/30/2021 12:00:00 AM,2345,1,1,0,0,RAINING,WATER (STANDING OR MOVING),False,OTHER ROADWAY OR MID-BLOCK COLLISION,SINGLE VEHICLE,STRAIGHT & LEVEL,DARK (UNKNOWN ROADWAY LIGHTING),,,4/5/2021 8:59:36 AM,False,5372,Accepted,
27972047,0560600,WEST BUECHEL POLICE DEPT.,Accepted,JEFFERSON,US0031E,3500,BARDSTOWN,RD,,,,,,,,38.201414249,-85.663546024,11.239,3/30/2021 12:00:00 AM,1947,2,2,0,0,CLEAR,DRY,False,1 VEHICLE ENTERING/LEAVING ENTRANCE,ANGLE,STRAIGHT & LEVEL,DUSK,,,4/5/2021 8:11:35 AM,False,1290,Accepted,
27950427,0568000,LOUISVILLE METRO POLICE DEPT,Accepted,JEFFERSON,,,GARLAND,AVE,,,CECIL,,,,,38.246964795,-85.820926140,2.949,3/30/2021 12:00:00 AM,0653,2,2,0,2,CLEAR,DRY,False,ANGLE COLLISION - OTHER,ANGLE,STRAIGHT & LEVEL,DAWN,,,3/31/2021 9:11:20 AM,False,7393,Accepted,
27950428,0568000,LOUISVILLE METRO POLICE DEPT,Accepted,JEFFERSON,KY0841,,GENE SNYDER,FWY,,KY0841,KY841 RAMP FROM  STONESTREET RD,,,,,38.105283624,-85.815697292,3.686,3/30/2021 12:00:00 AM,1926,3,3,0,0,CLOUDY,DRY,True,SIDESWIPE-SAME DIRECTION,SIDESWIPE-SAME DIRECTION,STRAIGHT & LEVEL,DARK-HWY LIGHTED/ON,,,3/31/2021 9:11:24 AM,False,5356,Accepted,
27950412,0568000,LOUISVILLE METRO POLICE DEPT,Accepted,JEFFERSON,I 0265,,I265 N,,,,,,,,,38.227246002,-85.505114922,25.730,3/30/2021 12:00:00 AM,1740,2,2,0,0,CLEAR,DRY,False,SIDESWIPE COLLISION - SAME DIRECTION,SIDESWIPE-SAME DIRECTION,STRAIGHT & LEVEL,DAYLIGHT,,,3/31/2021 9:09:59 AM,False,2346,Accepted,
27950419,0568000,LOUISVILLE METRO POLICE DEPT,Accepted,JEFFERSON,US0031E,,BARDSTOWN,RD,,,CEDAR SPRINGS,,,,,38.145198756,-85.584967851,5.191,3/30/2021 12:00:00 AM,2052,2,2,0,0,RAINING,WET,False,OTHER INTERSECTION COLLISIONS,REAR END,STRAIGHT & LEVEL,DARK-HWY LIGHTED/ON,,,3/31/2021 9:10:34 AM,False,5011,Accepted,
27950405,0568000,LOUISVILLE METRO POLICE DEPT,Accepted,JEFFERSON,,,OAK,ST,E,KY0864,SHELBY,,,,,38.233399601,-85.741501364,0.772,3/30/2021 12:00:00 AM,1601,2,2,0,2,CLEAR,DRY,False,ANGLE COLLISION - OTHER,ANGLE,STRAIGHT & LEVEL,DAYLIGHT,,,3/31/2021 9:09:35 AM,False,5111,Accepted,
27950413,0568000,LOUISVILLE METRO POLICE DEPT,Accepted,JEFFERSON,KY0907,,3RD ST,RD,,,,,,,,38.140601373,-85.781616272,5.791,3/30/2021 12:00:00 AM,1640,2,2,0,0,CLEAR,DRY,False,REAR END IN TRAFFIC LANES BOTH VEHICLES MOVING,REAR END,STRAIGHT & HILLCREST,DAYLIGHT,,,3/31/2021 9:10:02 AM,False,7234,Accepted,
27950414,0568000,LOUISVILLE METRO POLICE DEPT,Accepted,JEFFERSON,,,GREENWOOD,RD,,KY1230,CANE RUN,,,,,38.147407884,-85.896324824,0.010,3/30/2021 12:00:00 AM,1814,2,2,0,1,CLEAR,DRY,False,ANGLE COLLISION - OTHER,ANGLE,STRAIGHT & LEVEL,DAYLIGHT,,,3/31/2021 9:10:05 AM,False,7234,Accepted,
27950402,0568000,LOUISVILLE METRO POLICE DEPT,Accepted,JEFFERSON,US0031E,,BUECHEL,BYP,,,,,,,,38.198756531,-85.661613112,11.020,3/30/2021 12:00:00 AM,1012,2,2,0,0,CLEAR,DRY,False,1 VEHICLE ENTERING/LEAVING ENTRANCE,ANGLE,STRAIGHT & LEVEL,DAYLIGHT,,,3/31/2021 9:09:17 AM,False,5247,Accepted,
27950422,0568000,LOUISVILLE METRO POLICE DEPT,Accepted,JEFFERSON,US0031W,,2ND,ST,S,US0031E,MARKET,,,,,38.254828807,-85.753580509,22.038,3/30/2021 12:00:00 AM,1548,2,2,0,0,CLEAR,DRY,False,OTHER INTERSECTION COLLISIONS,REAR END,STRAIGHT & LEVEL,DAYLIGHT,,,3/31/2021 9:10:52 AM,False,7017,Accepted,
27950430,0568000,LOUISVILLE METRO POLICE DEPT,Accepted,JEFFERSON,I 0065,,I65 N,,,,,,,,,38.220120180,-85.751617801,133.459,3/30/2021 12:00:00 AM,2317,1,1,0,2,RAINING,WET,False,OTHER ROADWAY OR MID-BLOCK COLLISION,SINGLE VEHICLE,STRAIGHT & LEVEL,DARK-HWY LIGHTED/ON,,,3/31/2021 9:11:34 AM,False,5236,Accepted,
27954731,0568000,LOUISVILLE METRO POLICE DEPT,Accepted,JEFFERSON,,,ZORN,AVE,,,,,,,,38.274477607,-85.696809599,1.506,3/30/2021 12:00:00 AM,1641,2,2,0,1,CLOUDY,DRY,False,1 VEHICLE ENTERING/LEAVING ENTRANCE,ANGLE,STRAIGHT & LEVEL,DAYLIGHT,,,4/1/2021 9:06:44 AM,False,8278,Accepted,
28016251,0568000,LOUISVILLE METRO POLICE DEPT,Accepted,JEFFERSON,US0031E,,BARDSTOWN,RD,,,PRINCETON,,,,,38.225183031,-85.695307227,13.720,3/30/2021 12:00:00 AM,1842,2,2,0,0,RAINING,WET,False,ANGLE COLLISION - OTHER,ANGLE,STRAIGHT & GRADE,DUSK,,,4/15/2021 3:43:52 PM,False,2034,Accepted,
27989963,0568000,LOUISVILLE METRO POLICE DEPT,Accepted,JEFFERSON,I 0264,,,,,,,,,,,38.190116275,-85.754183646,0.003,3/30/2021 12:00:00 AM,1529,2,2,0,0,CLEAR,DRY,False,SIDESWIPE COLLISION - SAME DIRECTION,SIDESWIPE-SAME DIRECTION,STRAIGHT & GRADE,DAYLIGHT,,,4/9/2021 8:35:32 AM,False,8278,Accepted,
28061204,0568000,LOUISVILLE METRO POLICE DEPT,Accepted,JEFFERSON,KY1065,,OUTER,LOOP,,,AIR COMMERCE,,,,,38.134803901,-85.719289198,4.227,3/29/2021 12:00:00 AM,1912,2,2,0,1,CLEAR,DRY,False,ANGLE COLLISION - OTHER,ANGLE,STRAIGHT & LEVEL,DAYLIGHT,,,4/27/2021 9:11:52 AM,False,5336,Accepted,
27950403,0568000,LOUISVILLE METRO POLICE DEPT,Accepted,JEFFERSON,,3515,RUDD,AVE,,,,,,,,38.276126250,-85.805247284,0.414,3/29/2021 12:00:00 AM,1342,3,2,0,2,CLEAR,DRY,False,1 VEHICLE PARKED POSITION (NOT PARKING LOT/DRIVEWAY),ANGLE,STRAIGHT & LEVEL,DAYLIGHT,,,3/31/2021 9:09:27 AM,False,5124,Accepted,
27950411,0568000,LOUISVILLE METRO POLICE DEPT,Accepted,JEFFERSON,I 0264,,I264 E,,,,,I 0264,I264 E EXIT11 OFF RAMP,,,38.190136759,-85.753636808,10.764,3/29/2021 12:00:00 AM,1641,2,2,0,1,CLEAR,DRY,False,OTHER ROADWAY OR MID-BLOCK COLLISION,REAR END,STRAIGHT & LEVEL,DAYLIGHT,,,3/31/2021 9:09:55 AM,False,5343,Accepted,
27972045,0560600,WEST BUECHEL POLICE DEPT.,Accepted,JEFFERSON,US0031E,3616,BUECHEL,BYP,,,,,,,,38.198415614,-85.661222812,10.985,3/29/2021 12:00:00 AM,2116,2,2,0,0,CLEAR,DRY,True,COLLISION IN PARKING LOT,ANGLE,STRAIGHT & LEVEL,OTHER,,,4/5/2021 8:11:26 AM,False,1290,Accepted,
27981153,0568000,LOUISVILLE METRO POLICE DEPT,Accepted,JEFFERSON,KY0841,,GENE SNYDER,FWY,,,STONESTREET,,,,,38.101075270,-85.822667223,3.203,3/29/2021 12:00:00 AM,1921,1,1,0,0,CLEAR,DRY,False,COLLISION WITH FIXED OBJECT IN INTERSECTION - FIRST EVENT COLLISION 09 - 32,SINGLE VEHICLE,STRAIGHT & LEVEL,DAWN,,,4/7/2021 8:11:13 AM,False,5223,Accepted,
27950404,0568000,LOUISVILLE METRO POLICE DEPT,Accepted,JEFFERSON,I 0064,,I64 W,,,,,,,,,38.250026755,-85.710499292,7.283,3/29/2021 12:00:00 AM,1002,8,8,0,0,CLEAR,DRY,False,SIDESWIPE COLLISION - SAME DIRECTION,SIDESWIPE-SAME DIRECTION,STRAIGHT & LEVEL,DAYLIGHT,,,3/31/2021 9:09:31 AM,False,5112,Accepted,
27945973,0568000,LOUISVILLE METRO POLICE DEPT,Accepted,JEFFERSON,,,FEGENBUSH,LN,,,WOODHAVEN,,,,,38.173802535,-85.639357154,0.927,3/29/2021 12:00:00 AM,1735,2,2,0,5,CLEAR,DRY,False,ANGLE COLLISION - OTHER,ANGLE,STRAIGHT & LEVEL,DAYLIGHT,,,3/30/2021 8:10:55 AM,False,7739,Accepted,
27945990,0568000,LOUISVILLE METRO POLICE DEPT,Accepted,JEFFERSON,US0060,,SHELBYVILLE,RD,,,LA FONTENAY,,,,,38.245086333,-85.559174984,8.828,3/29/2021 12:00:00 AM,2039,2,2,0,1,CLEAR,DRY,False,OPPOSING LEFT TURN,OPPOSING LEFT TURN,STRAIGHT & LEVEL,DARK-HWY LIGHTED/ON,,,3/30/2021 8:12:17 AM,False,7440,Accepted,
27945974,0568000,LOUISVILLE METRO POLICE DEPT,Accepted,JEFFERSON,,,VIRGINIA,AVE,,,34TH,,,,,38.238958742,-85.810262158,0.766,3/29/2021 12:00:00 AM,1700,2,2,0,0,CLEAR,DRY,True,ANGLE COLLISION - OTHER,ANGLE,STRAIGHT & LEVEL,DAYLIGHT,,,3/30/2021 8:11:02 AM,False,5273,Accepted,
27945975,0568000,LOUISVILLE METRO POLICE DEPT,Accepted,JEFFERSON,KY0841,,GENE SNYDER,FWY,,,,,,,,38.105536060,-85.814788775,3.737,3/29/2021 12:00:00 AM,1939,2,2,0,3,CLEAR,DRY,False,OTHER ROADWAY OR MID-BLOCK COLLISION,REAR TO REAR,STRAIGHT & LEVEL,DAYLIGHT,,,3/30/2021 8:11:31 AM,False,5279,Accepted,
27945984,0568000,LOUISVILLE METRO POLICE DEPT,Accepted,JEFFERSON,US0031E,,MAIN,ST,E,,,,BROOK,,FLOYD,38.255802774,-85.749076754,17.653,3/29/2021 12:00:00 AM,2017,4,4,0,1,CLEAR,DRY,False,1 VEHICLE PARKED POSITION (NOT PARKING LOT/DRIVEWAY),REAR END,STRAIGHT & LEVEL,DUSK,,,3/30/2021 8:11:50 AM,False,5275,Accepted,
27945374,0561000,JEFFERSONTOWN POLICE DEPT,Accepted,JEFFERSON,I 0064,,I64 W,,,,,,,,,38.225491410,-85.584963587,14.571,3/29/2021 12:00:00 AM,2321,2,2,0,1,CLEAR,DRY,False,REAR END IN TRAFFIC LANES BOTH VEHICLES MOVING,REAR END,STRAIGHT & LEVEL,DARK-HWY LIGHTED/ON,,,3/30/2021 4:19:01 AM,False,8325,Accepted,
27945959,0568000,LOUISVILLE METRO POLICE DEPT,Accepted,JEFFERSON,,,2ND,ST,S,,EVELYN,,,,,38.196741727,-85.763210188,1.872,3/29/2021 12:00:00 AM,1046,2,2,0,0,CLEAR,DRY,False,COLLISION WITH PARKED VEHICLE,SIDESWIPE-SAME DIRECTION,STRAIGHT & LEVEL,DAYLIGHT,,,3/30/2021 8:09:51 AM,False,7872,Accepted,
27945960,0568000,LOUISVILLE METRO POLICE DEPT,Accepted,JEFFERSON,KY1065,,OUTER,LOOP,,,GRADE,,,,,38.130006765,-85.737131519,3.185,3/29/2021 12:00:00 AM,0656,2,2,0,1,CLOUDY,DRY,False,HEAD-ON COLLISION,HEAD ON,STRAIGHT & GRADE,DARK-HWY NOT LIGHTED,,,3/30/2021 8:09:55 AM,False,2017,Accepted,
27950399,0568000,LOUISVILLE METRO POLICE DEPT,Accepted,JEFFERSON,US0060A,,BERRY,BLVD,,,,,,,,38.196380282,-85.784849199,1.366,3/29/2021 12:00:00 AM,0950,3,3,0,0,CLEAR,DRY,False,1 VEHICLE PARKED POSITION (NOT PARKING LOT/DRIVEWAY),BACKING,STRAIGHT & LEVEL,DAYLIGHT,,,3/31/2021 9:09:04 AM,False,5123,Accepted,
27945969,0568000,LOUISVILLE METRO POLICE DEPT,Accepted,JEFFERSON,,,18TH,ST,S,,CEDAR,,,,,38.255090732,-85.780491400,0.283,3/29/2021 12:00:00 AM,1048,2,2,0,0,CLEAR,DRY,False,ANGLE COLLISION - OTHER,ANGLE,STRAIGHT & LEVEL,DAYLIGHT,,,3/30/2021 8:10:37 AM,False,5365,Accepted,
27945963,0568000,LOUISVILLE METRO POLICE DEPT,Accepted,JEFFERSON,KY0155,,TAYLORSVILLE,RD,,,OLD HEADY,,,,,38.186075869,-85.535737597,7.544,3/29/2021 12:00:00 AM,1524,2,2,0,2,CLEAR,DRY,False,HEAD-ON COLLISION,HEAD ON,STRAIGHT & LEVEL,DAYLIGHT,,,3/30/2021 8:10:07 AM,False,7465,Accepted,
27945970,0568000,LOUISVILLE METRO POLICE DEPT,Accepted,JEFFERSON,,,COLLINS,CT,W,,3RD,,,,,38.200244437,-85.764922697,0.010,3/29/2021 12:00:00 AM,1230,3,3,0,1,CLEAR,DRY,False,HEAD-ON COLLISION,HEAD ON,STRAIGHT & LEVEL,DAYLIGHT,,,3/30/2021 8:10:42 AM,False,5343,Accepted,
27945972,0568000,LOUISVILLE METRO POLICE DEPT,Accepted,JEFFERSON,,700BLK,CAMDEN,AVE,,,,,,,,38.192951253,-85.771430896,0.169,3/29/2021 12:00:00 AM,1707,3,3,0,0,CLEAR,DRY,True,1 VEHICLE PARKED POSITION (NOT PARKING LOT/DRIVEWAY),SIDESWIPE-SAME DIRECTION,STRAIGHT & LEVEL,DAYLIGHT,,,3/30/2021 8:10:52 AM,False,7472,Accepted,
27945981,0568000,LOUISVILLE METRO POLICE DEPT,Accepted,JEFFERSON,KY1065,,OUTER,LOOP,,,,,AIR COMMERCE,KY1065,KY1065 CROSSOVER,38.133023197,-85.725370088,3.869,3/29/2021 12:00:00 AM,2210,3,3,0,0,CLEAR,DRY,False,1 VEHICLE ENTERING/LEAVING ENTRANCE,ANGLE,STRAIGHT & LEVEL,DARK-HWY NOT LIGHTED,,,3/30/2021 8:11:40 AM,False,5336,Accepted,
27941569,0568000,LOUISVILLE METRO POLICE DEPT,Accepted,JEFFERSON,,,BURNETT,AVE,E,,BROOK,,,,,38.226594142,-85.755065635,0.092,3/29/2021 12:00:00 AM,0040,2,2,0,0,CLEAR,DRY,False,COLLISION WITH PARKED VEHICLE,SIDESWIPE-SAME DIRECTION,STRAIGHT & LEVEL,DARK (UNKNOWN ROADWAY LIGHTING),,,3/29/2021 9:00:44 AM,False,5213,Accepted,
27954729,0568000,LOUISVILLE METRO POLICE DEPT,Accepted,JEFFERSON,I 0065,,I65 N,,,,,,,,,38.157404544,-85.718092270,128.268,3/29/2021 12:00:00 AM,1427,2,2,0,1,CLEAR,DRY,False,SIDESWIPE COLLISION - SAME DIRECTION,SIDESWIPE-SAME DIRECTION,STRAIGHT & LEVEL,DAYLIGHT,,,4/1/2021 9:06:37 AM,False,8278,Accepted,
28577547,0568000,LOUISVILLE METRO POLICE DEPT,Accepted,JEFFERSON,,4728,SOUTHERN,PKWY,,,,,SOUTHERN PKWY FRONTAGE RD 1,,SOUTHERN PKWY FRONTAGE RD 2 CONN,38.181007114,-85.769555678,0.078,3/29/2021 12:00:00 AM,0346,1,1,0,1,CLEAR,DRY,False,OTHER ROADWAY OR MID-BLOCK COLLISION,SINGLE VEHICLE,CURVE & LEVEL,DARK-HWY LIGHTED/ON,,,8/30/2021 8:52:34 AM,False,5131,Accepted,
28266258,0568000,LOUISVILLE METRO POLICE DEPT,Accepted,JEFFERSON,US0031W,14130,DIXIE,HWY,,,,,,,,38.051341068,-85.894914000,4.402,3/29/2021 12:00:00 AM,0713,2,2,1,1,CLEAR,DRY,False,HEAD-ON COLLISION,HEAD ON,STRAIGHT & LEVEL,DAYLIGHT,,,6/17/2021 2:54:01 PM,False,7720,Accepted,
28039408,0560400,SHIVELY POLICE DEPARTMENT,Accepted,JEFFERSON,I 0264,,I264 E,,,I 0264,I264 E EXIT8B OFF RAMP TO US31W S,,,,,38.186458270,-85.826572475,6.710,3/29/2021 12:00:00 AM,1804,1,1,0,1,CLEAR,DRY,False,OTHER INTERSECTION COLLISIONS,SINGLE VEHICLE,CURVE & LEVEL,DAYLIGHT,,,4/21/2021 11:34:56 AM,False,7103,Accepted,
28056419,0568000,LOUISVILLE METRO POLICE DEPT,Accepted,JEFFERSON,KY1931,,MANSLICK,RD,,,GAGEL,,,,,38.170360347,-85.797611148,6.592,3/28/2021 12:00:00 AM,1715,3,3,0,1,CLOUDY,DRY,True,ANGLE COLLISION - OTHER,ANGLE,STRAIGHT & LEVEL,DAYLIGHT,,,4/26/2021 9:28:44 AM,True,5308,Accepted,
28084066,0568000,LOUISVILLE METRO POLICE DEPT,Accepted,JEFFERSON,,,MAIN,ST,W,,24TH,,,,,38.260296388,-85.789608836,0.181,3/28/2021 12:00:00 AM,1435,2,2,0,2,CLOUDY,DRY,False,ANGLE COLLISION - OTHER,ANGLE,STRAIGHT & LEVEL,DAYLIGHT,,,5/3/2021 9:39:45 AM,False,7305,Accepted,
28125962,0568000,LOUISVILLE METRO POLICE DEPT,Accepted,JEFFERSON,KY1747,,HURSTBOURNE,PKWY,S,KY6159,BLUEGRASS PKWY ACCESS,,,,,38.220294743,-85.581480044,11.641,3/28/2021 12:00:00 AM,2324,2,2,0,0,CLEAR,DRY,True,OTHER INTERSECTION COLLISIONS,REAR END,STRAIGHT & LEVEL,DARK-HWY LIGHTED/ON,,,5/13/2021 9:13:23 AM,False,5316,Accepted,