IncidentID,AgencyORI,AgencyName,IncidentStatusDesc,County,RdwyNumber,Street,RoadwayName,StreetSfx,StreetDir,IntersectionRdwy,IntersectionRdwyName,BetweenStRdwy1,BetweenStRdwyName1,BetweenStRdwy2,BetweenStRdwyName2,Latitude,Longitude,Milepoint,CollisionDate,CollisionTime,UnitsInvolved,MotorVehiclesInvolved,NumberKilled,NumberInjured,Weather,RdwyConditionCode,HitandRun,DirAnalysisCode,MannerofCollision,RdwyCharacter,LightCondition,RampFromRdwyId,RampToRdwyId,AcceptedDate,IsSecondaryCollision,OwnerBadge,IncidentStatus,
27954737,0568000,LOUISVILLE METRO POLICE DEPT,Accepted,JEFFERSON,,,DIXIE,HWY,,,BURWELL,,,,,38.225508971,-85.791564866,1.695,3/28/2021 12:00:00 AM,0314,3,3,0,1,RAINING,WET,True,COLLISION WITH PARKED VEHICLE,REAR END,STRAIGHT & LEVEL,DARK-HWY LIGHTED/ON,,,4/1/2021 9:07:17 AM,False,5239,Accepted,
27942534,0561500,UNIV. OF LOUISVILLE POLICE,Accepted,JEFFERSON,KY1020,,3RD,ST,S,,,,BRANDEIS,KY1020,2ND,38.219079042,-85.761495759,10.220,3/28/2021 12:00:00 AM,0213,1,1,0,0,CLOUDY,WET,True,COLLISION WITH FIXED OBJECT NON - INTERSECTION - FIRST EVENT COLLISION 09 - 32 EXCLUDING 16,SINGLE VEHICLE,CURVE & LEVEL,DARK-HWY LIGHTED/ON,,,3/29/2021 12:10:59 PM,False,5712,Accepted,
27941548,0568000,LOUISVILLE METRO POLICE DEPT,Accepted,JEFFERSON,,3766,POWELL,AVE,,,,,,,,38.188937755,-85.791345711,0.776,3/28/2021 12:00:00 AM,1727,2,2,0,0,CLEAR,DRY,True,1 VEHICLE PARKED POSITION (NOT PARKING LOT/DRIVEWAY),REAR END,STRAIGHT & LEVEL,DAYLIGHT,,,3/29/2021 8:58:43 AM,False,7284,Accepted,
27941556,0568000,LOUISVILLE METRO POLICE DEPT,Accepted,JEFFERSON,,,KENTON,ST,W,,3RD,,,,,38.198122633,-85.764974686,0.180,3/28/2021 12:00:00 AM,1453,2,2,0,0,CLEAR,DRY,True,ANGLE COLLISION - OTHER,ANGLE,STRAIGHT & LEVEL,DAYLIGHT,,,3/29/2021 8:59:15 AM,False,5360,Accepted,
27941546,0568000,LOUISVILLE METRO POLICE DEPT,Accepted,JEFFERSON,KY0146,,LA GRANGE,RD,,,,,,,,38.288229134,-85.513156601,7.464,3/28/2021 12:00:00 AM,1406,2,2,0,0,CLOUDY,DRY,False,1 VEHICLE ENTERING/LEAVING ENTRANCE,ANGLE,STRAIGHT & LEVEL,DAYLIGHT,,,3/29/2021 8:58:39 AM,False,6532,Accepted,
27941555,0568000,LOUISVILLE METRO POLICE DEPT,Accepted,JEFFERSON,,1706,WILSON,AVE,,,,,17TH,,BALDWIN,38.233663769,-85.783097641,0.428,3/28/2021 12:00:00 AM,0400,3,3,0,0,CLEAR,DRY,True,1 VEHICLE PARKED POSITION (NOT PARKING LOT/DRIVEWAY),SIDESWIPE-SAME DIRECTION,STRAIGHT & LEVEL,DARK (UNKNOWN ROADWAY LIGHTING),,,3/29/2021 8:59:06 AM,False,7381,Accepted,
27941565,0568000,LOUISVILLE METRO POLICE DEPT,Accepted,JEFFERSON,I 0264,,,,,,,,,,,38.254202299,-85.805303867,0.019,3/28/2021 12:00:00 AM,2118,2,2,0,1,CLEAR,DRY,False,OTHER RAMP RELATED COLLISIONS NOT LISTED ABOVE,REAR END,STRAIGHT & GRADE,DARK-HWY LIGHTED/ON,I 0264,MUHAMMAD ALI BLVD,3/29/2021 9:00:01 AM,False,7343,Accepted,
27941561,0568000,LOUISVILLE METRO POLICE DEPT,Accepted,JEFFERSON,,,JEFFERSON,ST,W,,8TH,,,,,38.254563644,-85.763628331,0.636,3/28/2021 12:00:00 AM,0924,2,2,0,0,CLEAR,DRY,False,ANGLE COLLISION - OTHER,ANGLE,STRAIGHT & LEVEL,DAYLIGHT,,,3/29/2021 8:59:24 AM,False,2854,Accepted,
27939382,0560300,ST. MATTHEWS POLICE DEPARTMENT,Accepted,JEFFERSON,I 0064,,I64 E,,,,,,,,,38.235910230,-85.643426937,11.354,3/28/2021 12:00:00 AM,0200,1,1,0,0,CLEAR,WET,False,COLLISION WITH FIXED OBJECT NON - INTERSECTION - FIRST EVENT COLLISION 09 - 32 EXCLUDING 16,SINGLE VEHICLE,STRAIGHT & LEVEL,DARK-HWY NOT LIGHTED,,,3/28/2021 7:42:59 PM,False,9157,Accepted,
27941532,0568000,LOUISVILLE METRO POLICE DEPT,Accepted,JEFFERSON,KY1747,,HURSTBOURNE,PKWY,N,US0060,SHELBYVILLE,,,,,38.246426145,-85.576800950,13.506,3/28/2021 12:00:00 AM,0017,2,2,0,1,CLEAR,WET,True,ANGLE COLLISION - ONE VEHICLE TURNING LEFT,ANGLE,STRAIGHT & LEVEL,DARK-HWY NOT LIGHTED,,,3/29/2021 8:56:08 AM,False,5322,Accepted,
27941541,0568000,LOUISVILLE METRO POLICE DEPT,Accepted,JEFFERSON,I 0264,,I264 E,,,I 0064,I64 E EXIT19 TRANSIT,,,,,38.235032518,-85.624901476,18.692,3/28/2021 12:00:00 AM,0133,3,3,0,1,RAINING,WET,False,OTHER INTERSECTION COLLISIONS,REAR END,CURVE & LEVEL,DARK-HWY LIGHTED/ON,,,3/29/2021 8:57:46 AM,False,5228,Accepted,
27941542,0568000,LOUISVILLE METRO POLICE DEPT,Accepted,JEFFERSON,KY1020,,SOUTHSIDE,DR,,,AMHERST,,,,,38.174535830,-85.764686836,7.207,3/28/2021 12:00:00 AM,0442,2,2,0,0,RAINING,WET,True,ANGLE COLLISION - OTHER,ANGLE,STRAIGHT & LEVEL,DARK-HWY LIGHTED/ON,,,3/29/2021 8:58:02 AM,False,5337,Accepted,
27941549,0568000,LOUISVILLE METRO POLICE DEPT,Accepted,JEFFERSON,,,BLUEGRASS,AVE,,,CHURCHMAN,,,,,38.179610886,-85.792297766,0.360,3/28/2021 12:00:00 AM,1734,2,2,0,0,CLOUDY,DRY,False,ANGLE COLLISION - OTHER,ANGLE,STRAIGHT & GRADE,DARK (UNKNOWN ROADWAY LIGHTING),,,3/29/2021 8:58:51 AM,False,6813,Accepted,
27941543,0568000,LOUISVILLE METRO POLICE DEPT,Accepted,JEFFERSON,US0060A,,EASTERN,PKWY,,,BARRET,,,,,38.226453682,-85.720632502,6.116,3/28/2021 12:00:00 AM,0810,1,1,0,0,CLOUDY,WET,False,COLLISION WITH FIXED OBJECT IN INTERSECTION - FIRST EVENT COLLISION 09 - 32,SINGLE VEHICLE,CURVE & HILLCREST,DAWN,,,3/29/2021 8:58:11 AM,False,2228,Accepted,
27958952,0568000,LOUISVILLE METRO POLICE DEPT,Accepted,JEFFERSON,KY2052,,SHEPHERDSVILLE,RD,,KY1703,NEWBURG,,,,,38.178673541,-85.659450718,2.778,3/28/2021 12:00:00 AM,1232,2,2,0,0,CLOUDY,DRY,False,ANGLE COLLISION - OTHER,ANGLE,STRAIGHT & LEVEL,DAYLIGHT,,,4/2/2021 8:27:51 AM,False,7851,Accepted,
27954726,0568000,LOUISVILLE METRO POLICE DEPT,Accepted,JEFFERSON,,514,TENNY,AVE,W,,,,,,,38.177396012,-85.771318975,0.313,3/27/2021 12:00:00 AM,1452,1,1,0,1,CLEAR,DRY,False,COLLISION WITH FIXED OBJECT NON - INTERSECTION - FIRST EVENT COLLISION 09 - 32 EXCLUDING 16,SINGLE VEHICLE,STRAIGHT & LEVEL,DAYLIGHT,,,4/1/2021 9:06:25 AM,False,5221,Accepted,
27958946,0568000,LOUISVILLE METRO POLICE DEPT,Accepted,JEFFERSON,KY0907,,3RD ST,RD,,,,,WISERTOWN,KY1065,OUTER,38.129951993,-85.792930462,4.852,3/27/2021 12:00:00 AM,0022,2,1,0,1,CLEAR,DRY,False,COLLISION WITH PEDESTRIAN NON - INTERSECTION,SINGLE VEHICLE,STRAIGHT & LEVEL,DARK-HWY NOT LIGHTED,,,4/2/2021 8:27:30 AM,False,7772,Accepted,
27958953,0568000,LOUISVILLE METRO POLICE DEPT,Accepted,JEFFERSON,,,DIXIE,HWY,,,DATE,,,,,38.242701048,-85.784627843,0.454,3/27/2021 12:00:00 AM,1235,2,2,0,0,CLEAR,DRY,False,ANGLE COLLISION - OTHER,ANGLE,STRAIGHT & LEVEL,DAYLIGHT,,,4/2/2021 8:27:57 AM,False,5318,Accepted,
27941551,0568000,LOUISVILLE METRO POLICE DEPT,Accepted,JEFFERSON,KY1065,4840,OUTER,LOOP,,,,,,,,38.137318598,-85.671290036,6.902,3/27/2021 12:00:00 AM,1310,2,2,0,0,CLOUDY,DRY,True,OTHER ROADWAY OR MID-BLOCK COLLISION,REAR END,STRAIGHT & LEVEL,DAYLIGHT,,,3/29/2021 8:58:57 AM,False,2583,Accepted,
27941519,0568000,LOUISVILLE METRO POLICE DEPT,Accepted,JEFFERSON,US0031E,1069,BARDSTOWN,RD,,,,,,,,38.239156594,-85.721892036,15.497,3/27/2021 12:00:00 AM,1724,2,2,0,1,CLEAR,DRY,False,1 VEHICLE ENTERING/LEAVING ENTRANCE,ANGLE,STRAIGHT & LEVEL,DAYLIGHT,,,3/29/2021 8:53:48 AM,False,7900,Accepted,
27941526,0568000,LOUISVILLE METRO POLICE DEPT,Accepted,JEFFERSON,KY2052,,SHEPHERDSVILLE,RD,,,MILE OF SUNSHINE,,,,,38.150418981,-85.659820380,0.813,3/27/2021 12:00:00 AM,2241,2,2,0,0,CLEAR,DRY,True,OPPOSING LEFT TURN,OPPOSING LEFT TURN,STRAIGHT & LEVEL,DARK-HWY LIGHTED/ON,,,3/29/2021 8:55:23 AM,False,5141,Accepted,
27941527,0568000,LOUISVILLE METRO POLICE DEPT,Accepted,JEFFERSON,,,3RD,ST,S,,EVELYN,,,,,38.196759664,-85.765039886,0.264,3/27/2021 12:00:00 AM,2101,2,2,0,4,CLEAR,DRY,False,ANGLE COLLISION - OTHER,ANGLE,STRAIGHT & LEVEL,DARK-HWY LIGHTED/ON,,,3/29/2021 8:55:26 AM,False,5139,Accepted,
27941558,0568000,LOUISVILLE METRO POLICE DEPT,Accepted,JEFFERSON,US0031W,,MAIN,ST,W,,3RD,,,,,38.256442792,-85.754865491,22.020,3/27/2021 12:00:00 AM,1622,2,2,0,0,CLEAR,DRY,False,OTHER INTERSECTION COLLISIONS,REAR END,STRAIGHT & LEVEL,DAYLIGHT,,,3/29/2021 8:59:19 AM,False,2854,Accepted,
27941567,0568000,LOUISVILLE METRO POLICE DEPT,Accepted,JEFFERSON,,2110,KENTUCKY,ST,W,,,,,,,38.242121561,-85.789171304,1.923,3/27/2021 12:00:00 AM,2254,3,3,0,0,CLEAR,DRY,False,1 VEHICLE PARKED POSITION (NOT PARKING LOT/DRIVEWAY),SIDESWIPE-SAME DIRECTION,STRAIGHT & LEVEL,DARK-HWY LIGHTED/ON,,,3/29/2021 9:00:16 AM,False,5309,Accepted,
27941509,0568000,LOUISVILLE METRO POLICE DEPT,Accepted,JEFFERSON,,,BETHANY,LN,,US0031W,DIXIE,,,,,38.095631810,-85.873871770,0.002,3/27/2021 12:00:00 AM,1253,5,5,0,0,CLEAR,DRY,False,ANGLE COLLISION - OTHER,ANGLE,CURVE & LEVEL,DAYLIGHT,,,3/29/2021 8:52:02 AM,False,2021,Accepted,
27941518,0568000,LOUISVILLE METRO POLICE DEPT,Accepted,JEFFERSON,KY0061,,PRESTON,HWY,,KY1065,OUTER,,,,,38.138448457,-85.686548460,3.943,3/27/2021 12:00:00 AM,1637,2,2,0,0,CLEAR,DRY,False,OTHER INTERSECTION COLLISIONS,REAR END,STRAIGHT & LEVEL,DAYLIGHT,,,3/29/2021 8:53:43 AM,False,5297,Accepted,
27941533,0568000,LOUISVILLE METRO POLICE DEPT,Accepted,JEFFERSON,KY0061,4800,PRESTON,HWY,,,,,,,,38.178423654,-85.717087565,7.221,3/27/2021 12:00:00 AM,2044,2,2,0,0,CLEAR,DRY,True,1 VEHICLE ENTERING/LEAVING ENTRANCE,ANGLE,STRAIGHT & LEVEL,DARK-HWY LIGHTED/ON,,,3/29/2021 8:56:17 AM,False,5269,Accepted,
27941534,0568000,LOUISVILLE METRO POLICE DEPT,Accepted,JEFFERSON,US0060,2730,FRANKFORT,AVE,,,,,,,,38.254705406,-85.692505294,1.497,3/27/2021 12:00:00 AM,2045,2,2,0,0,CLEAR,DRY,True,SIDESWIPE COLLISION - SAME DIRECTION,SIDESWIPE-SAME DIRECTION,STRAIGHT & LEVEL,DARK-HWY LIGHTED/ON,,,3/29/2021 8:56:23 AM,False,5330,Accepted,
27941540,0568000,LOUISVILLE METRO POLICE DEPT,Accepted,JEFFERSON,,,BUECHEL BANK,RD,,,COTTAGEMEADOW,,,,,38.178612358,-85.648603423,0.947,3/27/2021 12:00:00 AM,2324,2,1,0,0,CLOUDY,WET,True,COLLISION WITH PEDESTRIAN IN INTERSECTION,SINGLE VEHICLE,STRAIGHT & LEVEL,DARK-HWY NOT LIGHTED,,,3/29/2021 8:57:04 AM,False,5222,Accepted,
27941508,0568000,LOUISVILLE METRO POLICE DEPT,Accepted,JEFFERSON,KY3064,,PORTLAND,AVE,,,,,,,,38.274561337,-85.799763744,1.030,3/27/2021 12:00:00 AM,1110,1,1,0,1,CLEAR,DRY,False,COLLISION WITH FIXED OBJECT NON - INTERSECTION - FIRST EVENT COLLISION 09 - 32 EXCLUDING 16,SINGLE VEHICLE,STRAIGHT & LEVEL,DAYLIGHT,,,3/29/2021 8:51:56 AM,False,7305,Accepted,
27941516,0568000,LOUISVILLE METRO POLICE DEPT,Accepted,JEFFERSON,KY1703,,NEWBURG,RD,,,,,,,,38.198182764,-85.682621000,1.819,3/27/2021 12:00:00 AM,1430,2,2,0,2,CLEAR,DRY,False,1 VEHICLE ENTERING/LEAVING ENTRANCE,ANGLE,STRAIGHT & GRADE,DAYLIGHT,,,3/29/2021 8:53:37 AM,False,5130,Accepted,
27941525,0568000,LOUISVILLE METRO POLICE DEPT,Accepted,JEFFERSON,KY1020,,NATIONAL,TPKE,,KY0841,KY841 RAMP FROM KY1020,,,,,38.119217941,-85.748034071,3.159,3/27/2021 12:00:00 AM,1521,2,2,0,0,CLEAR,DRY,False,OTHER INTERSECTION COLLISIONS,REAR END,STRAIGHT & LEVEL,DAYLIGHT,,,3/29/2021 8:55:18 AM,False,5121,Accepted,
27941501,0568000,LOUISVILLE METRO POLICE DEPT,Accepted,JEFFERSON,,,STRAWBERRY,LN,,,ALLMOND,,,,,38.176561566,-85.753610433,1.597,3/27/2021 12:00:00 AM,0011,1,1,0,0,CLEAR,DRY,True,COLLISION WITH FIXED OBJECT IN INTERSECTION - FIRST EVENT COLLISION 09 - 32,SINGLE VEHICLE,STRAIGHT & LEVEL,DARK-HWY NOT LIGHTED,,,3/29/2021 8:50:43 AM,False,5337,Accepted,
27941502,0568000,LOUISVILLE METRO POLICE DEPT,Accepted,JEFFERSON,KY2251,,BARDSTOWN,RD,,,,,GERALD,,HIKES,38.199574422,-85.660895940,1.099,3/27/2021 12:00:00 AM,0631,2,2,0,0,CLEAR,DRY,False,HEAD-ON COLLISION,HEAD ON,STRAIGHT & LEVEL,DAWN,,,3/29/2021 8:50:52 AM,False,5316,Accepted,
27941503,0568000,LOUISVILLE METRO POLICE DEPT,Accepted,JEFFERSON,,2313,WILSON,AVE,,,,,,,,38.235108918,-85.793223756,0.956,3/27/2021 12:00:00 AM,0221,1,1,0,0,CLEAR,DRY,True,COLLISION WITH FIXED OBJECT NON - INTERSECTION - FIRST EVENT COLLISION 09 - 32 EXCLUDING 16,SINGLE VEHICLE,CURVE & LEVEL,DARK-HWY LIGHTED/ON,,,3/29/2021 8:51:02 AM,False,5239,Accepted,
27981008,0560400,SHIVELY POLICE DEPARTMENT,Accepted,JEFFERSON,I 0264,,I264 E,,,,,,,,,38.185939734,-85.825164478,6.789,3/27/2021 12:00:00 AM,0619,2,2,0,0,CLEAR,DRY,False,SIDESWIPE COLLISION - SAME DIRECTION,SIDESWIPE-SAME DIRECTION,CURVE & LEVEL,DARK-HWY LIGHTED/ON,,,4/7/2021 8:01:48 AM,False,7114,Accepted,
27941511,0568000,LOUISVILLE METRO POLICE DEPT,Accepted,JEFFERSON,,,MELTON,AVE,,,ABELL,,,,,38.145799652,-85.734012403,0.194,3/27/2021 12:00:00 AM,1007,1,1,0,0,CLOUDY,DRY,False,COLLISION WITH FIXED OBJECT IN INTERSECTION - FIRST EVENT COLLISION 09 - 32,SINGLE VEHICLE,STRAIGHT & LEVEL,DAYLIGHT,,,3/29/2021 8:52:54 AM,False,2324,Accepted,
27941512,0568000,LOUISVILLE METRO POLICE DEPT,Accepted,JEFFERSON,,,VIRGINIA,AVE,,,,,26TH,,CYPRESS,38.237820558,-85.796949300,0.040,3/27/2021 12:00:00 AM,1457,2,1,0,1,CLEAR,DRY,False,COLLISION WITH PEDESTRIAN NON - INTERSECTION,SINGLE VEHICLE,STRAIGHT & LEVEL,DAYLIGHT,,,3/29/2021 8:52:59 AM,False,7184,Accepted,
27942180,0568000,LOUISVILLE METRO POLICE DEPT,Accepted,JEFFERSON,,,BRECKINRIDGE,ST,E,,FLOYD,,,,,38.240964447,-85.750468800,1.399,3/27/2021 12:00:00 AM,1301,2,1,0,0,CLEAR,DRY,False,ANGLE COLLISION - OTHER,ANGLE,STRAIGHT & LEVEL,DAYLIGHT,,,3/29/2021 9:33:55 AM,False,5120,Accepted,
27941537,0568000,LOUISVILLE METRO POLICE DEPT,Accepted,JEFFERSON,I 0065,,I65 N,,,,,,,,,38.171038287,-85.720767583,129.233,3/27/2021 12:00:00 AM,0234,3,3,0,1,CLEAR,DRY,False,REAR END IN TRAFFIC LANES BOTH VEHICLES MOVING,REAR END,STRAIGHT & LEVEL,DARK-HWY LIGHTED/ON,,,3/29/2021 8:56:31 AM,False,5144,Accepted,
27941538,0568000,LOUISVILLE METRO POLICE DEPT,Accepted,JEFFERSON,US0150,,22ND,ST,N,,ROWAN,,,,,38.261274305,-85.786082425,0.648,3/27/2021 12:00:00 AM,2124,3,3,0,0,CLOUDY,DRY,True,COLLISION WITH PARKED VEHICLE,SIDESWIPE-SAME DIRECTION,STRAIGHT & LEVEL,DARK-HWY LIGHTED/ON,,,3/29/2021 8:56:41 AM,False,7430,Accepted,
27941545,0568000,LOUISVILLE METRO POLICE DEPT,Accepted,JEFFERSON,,,MAIN,ST,W,,24TH,,,,,38.260315420,-85.789622918,0.180,3/27/2021 12:00:00 AM,1406,3,3,0,2,CLEAR,DRY,False,ANGLE COLLISION - OTHER,ANGLE,STRAIGHT & LEVEL,DAYLIGHT,,,3/29/2021 8:58:23 AM,False,7292,Accepted,
27941504,0568000,LOUISVILLE METRO POLICE DEPT,Accepted,JEFFERSON,,,CONN,ST,,,,KY1931,MANSLICK,,GEORGETOWN,38.196074555,-85.797493161,0.789,3/27/2021 12:00:00 AM,0736,3,3,0,0,CLEAR,DRY,False,1 VEHICLE PARKED POSITION (NOT PARKING LOT/DRIVEWAY),HEAD ON,STRAIGHT & LEVEL,DAYLIGHT,,,3/29/2021 8:51:18 AM,False,2927,Accepted,
27941506,0568000,LOUISVILLE METRO POLICE DEPT,Accepted,JEFFERSON,KY1065,,OUTER,LOOP,,,JEFFERSON,,,,,38.138053030,-85.675179428,6.701,3/27/2021 12:00:00 AM,1315,2,2,0,0,CLEAR,DRY,False,ANGLE COLLISION - OTHER,ANGLE,STRAIGHT & LEVEL,DAYLIGHT,,,3/29/2021 8:51:45 AM,False,2547,Accepted,
27941520,0568000,LOUISVILLE METRO POLICE DEPT,Accepted,JEFFERSON,,3828,NORTHWESTERN,PKWY,,,,,,,,38.274224653,-85.810599975,1.818,3/27/2021 12:00:00 AM,1640,2,2,0,0,CLEAR,DRY,False,1 VEHICLE PARKED POSITION (NOT PARKING LOT/DRIVEWAY),REAR END,STRAIGHT & LEVEL,DAYLIGHT,,,3/29/2021 8:53:58 AM,False,5132,Accepted,
27941521,0568000,LOUISVILLE METRO POLICE DEPT,Accepted,JEFFERSON,KY1865,,NEW CUT,RD,,,,,,,,38.161887427,-85.779405981,3.758,3/27/2021 12:00:00 AM,1753,2,2,0,1,CLEAR,DRY,False,1 VEHICLE ENTERING/LEAVING ENTRANCE,ANGLE,STRAIGHT & LEVEL,DAYLIGHT,,,3/29/2021 8:54:04 AM,False,7244,Accepted,
27941529,0568000,LOUISVILLE METRO POLICE DEPT,Accepted,JEFFERSON,,13226,FORGE,CIR,,,,,,,,38.064318678,-85.891561512,0.336,3/27/2021 12:00:00 AM,0435,3,3,0,0,CLEAR,DRY,False,1 VEHICLE PARKED POSITION (NOT PARKING LOT/DRIVEWAY),ANGLE,STRAIGHT & LEVEL,DARK-HWY LIGHTED/OFF,,,3/29/2021 8:55:47 AM,False,7277,Accepted,
27941530,0568000,LOUISVILLE METRO POLICE DEPT,Accepted,JEFFERSON,US0031W,,DIXIE,HWY,,,,,ELEENA,KY0044,KY44 TURN LANE,38.020634782,-85.918814766,1.838,3/27/2021 12:00:00 AM,2322,1,1,0,1,CLEAR,DRY,True,OTHER ROADWAY OR MID-BLOCK COLLISION,SINGLE VEHICLE,STRAIGHT & HILLCREST,DARK-HWY LIGHTED/OFF,,,3/29/2021 8:55:53 AM,False,7295,Accepted,
27941531,0568000,LOUISVILLE METRO POLICE DEPT,Accepted,JEFFERSON,,,45TH,ST,S,,GARLAND,,,,,38.247478214,-85.827341428,0.212,3/27/2021 12:00:00 AM,2100,2,2,0,5,CLOUDY,DRY,False,ANGLE COLLISION - OTHER,ANGLE,STRAIGHT & LEVEL,DARK (UNKNOWN ROADWAY LIGHTING),,,3/29/2021 8:55:57 AM,False,5202,Accepted,
27941539,0568000,LOUISVILLE METRO POLICE DEPT,Accepted,JEFFERSON,US0150,,BROADWAY,,E,KY0864,SHELBY,,,,,38.244689612,-85.739531451,3.404,3/27/2021 12:00:00 AM,2251,2,2,0,0,CLEAR,DRY,False,ANGLE COLLISION - OTHER,ANGLE,STRAIGHT & LEVEL,DARK-HWY LIGHTED/ON,,,3/29/2021 8:56:50 AM,False,5122,Accepted,
27950433,0568000,LOUISVILLE METRO POLICE DEPT,Accepted,JEFFERSON,US0060A,,EASTERN,PKWY,,,BARRET,,,,,38.226523416,-85.720435190,6.106,3/27/2021 12:00:00 AM,0756,1,1,1,0,CLOUDY,DRY,False,COLLISION WITH FIXED OBJECT IN INTERSECTION - FIRST EVENT COLLISION 09 - 32,SINGLE VEHICLE,CURVE & LEVEL,DAYLIGHT,,,3/31/2021 9:11:45 AM,False,6886,Accepted,
28029638,0568000,LOUISVILLE METRO POLICE DEPT,Accepted,JEFFERSON,I 0264,,I264 E,,,,,,,,,38.200190681,-85.698330513,13.977,3/27/2021 12:00:00 AM,2230,2,2,0,0,CLOUDY,DRY,True,1 VEHICLE ENTERING/LEAVING ENTRANCE,ANGLE,STRAIGHT & LEVEL,DARK-HWY LIGHTED/ON,,,4/19/2021 9:05:12 AM,False,2877,Accepted,
27941711,0568000,LOUISVILLE METRO POLICE DEPT,Accepted,JEFFERSON,,,EWING,AVE,N,US0042,BROWNSBORO,,,,,38.258305537,-85.701654690,0.333,3/26/2021 12:00:00 AM,2318,2,2,0,1,CLEAR,DRY,False,ANGLE COLLISION - OTHER,ANGLE,STRAIGHT & HILLCREST,DARK-HWY LIGHTED/ON,,,3/29/2021 9:28:12 AM,False,7304,Accepted,
27942530,0561500,UNIV. OF LOUISVILLE POLICE,Accepted,JEFFERSON,,2432,FLOYD,ST,S,,,,,,,38.211775093,-85.755665038,3.025,3/26/2021 12:00:00 AM,1436,2,2,0,0,CLEAR,DRY,False,COLLISION IN PARKING LOT,BACKING,STRAIGHT & LEVEL,DAYLIGHT,,,3/29/2021 12:10:47 PM,False,5706,Accepted,
27950390,0568000,LOUISVILLE METRO POLICE DEPT,Accepted,JEFFERSON,US0150,,BROADWAY,,E,KY0061,JACKSON,,,,,38.245131617,-85.745599138,3.075,3/26/2021 12:00:00 AM,0956,2,2,0,1,CLOUDY,DRY,False,ANGLE COLLISION - OTHER,ANGLE,STRAIGHT & LEVEL,DAYLIGHT,,,3/31/2021 9:08:33 AM,False,7266,Accepted,
27941513,0568000,LOUISVILLE METRO POLICE DEPT,Accepted,JEFFERSON,KY0061,,PRESTON,ST,S,,ROSELANE,,,,,38.242872911,-85.747944865,12.085,3/26/2021 12:00:00 AM,1703,2,2,0,0,CLEAR,DRY,False,ANGLE COLLISION - OTHER,ANGLE,STRAIGHT & LEVEL,DAYLIGHT,,,3/29/2021 8:53:05 AM,False,5120,Accepted,
27941505,0568000,LOUISVILLE METRO POLICE DEPT,Accepted,JEFFERSON,US0060,,SHELBYVILLE,RD,,,,,,,,38.235969560,-85.477065546,13.543,3/26/2021 12:00:00 AM,1200,2,2,0,0,CLEAR,DRY,False,SIDESWIPE COLLISION - SAME DIRECTION,SIDESWIPE-SAME DIRECTION,CURVE & GRADE,DAYLIGHT,,,3/29/2021 8:51:38 AM,False,6532,Accepted,
27942532,0561500,UNIV. OF LOUISVILLE POLICE,Accepted,JEFFERSON,US0060A,216,EASTERN,PKWY,,,,,,,,38.213446271,-85.760287930,3.520,3/26/2021 12:00:00 AM,1022,1,1,0,0,CLEAR,DRY,False,COLLISION WITH FIXED OBJECT NON - INTERSECTION - FIRST EVENT COLLISION 09 - 32 EXCLUDING 16,SINGLE VEHICLE,STRAIGHT & LEVEL,DAYLIGHT,,,3/29/2021 12:10:53 PM,False,5620,Accepted,
27941428,0568000,LOUISVILLE METRO POLICE DEPT,Accepted,JEFFERSON,KY1934,3919,CANE RUN,RD,,,DARLENE,,,,,38.212337468,-85.821210929,10.446,3/26/2021 12:00:00 AM,0713,3,3,0,1,CLEAR,DRY,False,COLLISION WITH PARKED VEHICLE,ANGLE,STRAIGHT & LEVEL,DAWN,,,3/29/2021 8:44:37 AM,False,5032,Accepted,
27941448,0568000,LOUISVILLE METRO POLICE DEPT,Accepted,JEFFERSON,US0031,,CLARK MEMORIAL,BRG,,,,,,,,38.265607304,-85.751210172,0.656,3/26/2021 12:00:00 AM,1637,3,3,0,0,CLEAR,DRY,False,REAR END IN TRAFFIC LANES BOTH VEHICLES MOVING,REAR END,STRAIGHT & LEVEL,DAYLIGHT,,,3/29/2021 8:46:42 AM,False,5105,Accepted,
27941472,0568000,LOUISVILLE METRO POLICE DEPT,Accepted,JEFFERSON,,,STANDARD,AVE,,US0031W,22ND,,,,,38.231573396,-85.791749694,0.133,3/26/2021 12:00:00 AM,1804,2,2,0,0,CLEAR,DRY,False,SIDESWIPE-SAME DIRECTION,SIDESWIPE-SAME DIRECTION,STRAIGHT & LEVEL,DAYLIGHT,,,3/29/2021 8:49:00 AM,False,5318,Accepted,
27941479,0568000,LOUISVILLE METRO POLICE DEPT,Accepted,JEFFERSON,KY1865,5013,NEW CUT,RD,,,,,,,,38.168680428,-85.780905212,4.158,3/26/2021 12:00:00 AM,0724,2,2,0,1,CLEAR,DRY,False,REAR END IN TRAFFIC LANES BOTH VEHICLES MOVING,REAR END,STRAIGHT & LEVEL,DAWN,,,3/29/2021 8:49:39 AM,False,7483,Accepted,