IncidentID,AgencyORI,AgencyName,IncidentStatusDesc,County,RdwyNumber,Street,RoadwayName,StreetSfx,StreetDir,IntersectionRdwy,IntersectionRdwyName,BetweenStRdwy1,BetweenStRdwyName1,BetweenStRdwy2,BetweenStRdwyName2,Latitude,Longitude,Milepoint,CollisionDate,CollisionTime,UnitsInvolved,MotorVehiclesInvolved,NumberKilled,NumberInjured,Weather,RdwyConditionCode,HitandRun,DirAnalysisCode,MannerofCollision,RdwyCharacter,LightCondition,RampFromRdwyId,RampToRdwyId,AcceptedDate,IsSecondaryCollision,OwnerBadge,IncidentStatus,
27941497,0568000,LOUISVILLE METRO POLICE DEPT,Accepted,JEFFERSON,,,SMYRNA,PKWY,,I 0265,I265 W EXIT14 OFF RAMP TO  COOPER CHAPEL RD,,,,,38.118062179,-85.643576541,1.374,3/26/2021 12:00:00 AM,2247,2,2,0,1,CLEAR,DRY,False,OPPOSING LEFT TURN,OPPOSING LEFT TURN,STRAIGHT & LEVEL,DARK-HWY LIGHTED/ON,,,3/29/2021 8:50:23 AM,False,5107,Accepted,
27941446,0568000,LOUISVILLE METRO POLICE DEPT,Accepted,JEFFERSON,KY1932,,BRECKENRIDGE,LN,,,HIKES,,,,,38.219139963,-85.629343790,2.771,3/26/2021 12:00:00 AM,0741,2,2,0,1,CLEAR,DRY,False,SIDESWIPE-SAME DIRECTION,SIDESWIPE-SAME DIRECTION,STRAIGHT & LEVEL,DAYLIGHT,,,3/29/2021 8:46:27 AM,False,5146,Accepted,
27941455,0568000,LOUISVILLE METRO POLICE DEPT,Accepted,JEFFERSON,,,OAK,ST,W,,15TH,,,,,38.236638472,-85.778247532,1.255,3/26/2021 12:00:00 AM,1344,1,1,0,0,CLOUDY,DRY,False,OTHER INTERSECTION COLLISIONS,SINGLE VEHICLE,STRAIGHT & GRADE,DAYLIGHT,,,3/29/2021 8:48:05 AM,False,5151,Accepted,
27941464,0568000,LOUISVILLE METRO POLICE DEPT,Accepted,JEFFERSON,,,HILL,ST,W,,12TH,,,,,38.227431904,-85.775155752,1.000,3/26/2021 12:00:00 AM,1144,2,2,0,0,CLEAR,DRY,False,OTHER INTERSECTION COLLISIONS,REAR END,STRAIGHT & LEVEL,DAYLIGHT,,,3/29/2021 8:48:46 AM,False,5318,Accepted,
27941429,0568000,LOUISVILLE METRO POLICE DEPT,Accepted,JEFFERSON,KY2054,,ALGONQUIN,PKWY,,,,,,,,38.219234437,-85.776780573,2.585,3/26/2021 12:00:00 AM,0956,2,2,0,0,CLOUDY,DRY,False,REAR END IN TRAFFIC LANES BOTH VEHICLES MOVING,REAR END,STRAIGHT & LEVEL,DAYLIGHT,,,3/29/2021 8:44:43 AM,False,5350,Accepted,
27941438,0568000,LOUISVILLE METRO POLICE DEPT,Accepted,JEFFERSON,US0060A,,LEXINGTON,RD,,,GRINSTEAD,,,,,38.245562110,-85.701523688,8.012,3/26/2021 12:00:00 AM,1118,2,1,0,1,CLEAR,DRY,False,COLLISION WITH BICYCLE IN INTERSECTION,SINGLE VEHICLE,STRAIGHT & LEVEL,DAYLIGHT,,,3/29/2021 8:45:28 AM,False,2100,Accepted,
27941477,0568000,LOUISVILLE METRO POLICE DEPT,Accepted,JEFFERSON,KY1447,,WESTPORT,RD,,,,,GOOSE CREEK,,WESTPORT,38.285981863,-85.577106959,4.955,3/26/2021 12:00:00 AM,1258,2,2,0,0,CLOUDY,DRY,False,REAR END IN TRAFFIC LANES BOTH VEHICLES MOVING,REAR END,STRAIGHT & HILLCREST,DAYLIGHT,,,3/29/2021 8:49:16 AM,False,7751,Accepted,
27941490,0568000,LOUISVILLE METRO POLICE DEPT,Accepted,JEFFERSON,,2022,ST LOUIS,AVE,,US0031W,22ND,,,,,38.233722074,-85.790936951,0.241,3/26/2021 12:00:00 AM,1949,2,2,0,0,CLEAR,,True,COLLISION WITH PARKED VEHICLE,SIDESWIPE-SAME DIRECTION,STRAIGHT & LEVEL,DAYLIGHT,,,3/29/2021 8:49:50 AM,False,7269,Accepted,
27941492,0568000,LOUISVILLE METRO POLICE DEPT,Accepted,JEFFERSON,,,WILSON,AVE,,KY1934,CANE RUN,,,,,38.224400714,-85.809316892,2.179,3/26/2021 12:00:00 AM,2029,2,2,0,0,CLEAR,DRY,False,ANGLE COLLISION - OTHER,ANGLE,STRAIGHT & LEVEL,DARK-HWY LIGHTED/ON,,,3/29/2021 8:49:56 AM,False,7312,Accepted,
27941494,0568000,LOUISVILLE METRO POLICE DEPT,Accepted,JEFFERSON,KY1934,,CANE RUN,RD,,,ROCKFORD,,,,,38.183833226,-85.855291634,7.728,3/26/2021 12:00:00 AM,2100,2,2,0,0,CLEAR,DRY,True,OTHER INTERSECTION COLLISIONS,REAR END,STRAIGHT & LEVEL,DARK-HWY LIGHTED/ON,,,3/29/2021 8:50:06 AM,False,7466,Accepted,
27941499,0568000,LOUISVILLE METRO POLICE DEPT,Accepted,JEFFERSON,US0150,,BROADWAY,,E,,HANCOCK,,,,,38.245001100,-85.743574866,3.188,3/26/2021 12:00:00 AM,2250,2,1,0,1,CLEAR,DRY,True,COLLISION WITH PEDESTRIAN IN INTERSECTION,SINGLE VEHICLE,STRAIGHT & LEVEL,DARK-HWY LIGHTED/ON,,,3/29/2021 8:50:28 AM,False,5122,Accepted,
27941510,0568000,LOUISVILLE METRO POLICE DEPT,Accepted,JEFFERSON,KY1065,,OUTER,LOOP,,,,,SHEPHERDSVILLE,,DONEGAL,38.138852154,-85.655553768,7.767,3/26/2021 12:00:00 AM,1630,2,2,0,0,CLOUDY,DRY,False,OTHER ROADWAY OR MID-BLOCK COLLISION,OPPOSING LEFT TURN,STRAIGHT & HILLCREST,DAYLIGHT,,,3/29/2021 8:52:40 AM,False,2583,Accepted,
27941425,0568000,LOUISVILLE METRO POLICE DEPT,Accepted,JEFFERSON,,2927,GRINSTEAD,DR,,,,,STILZ,,PLEASANTVIEW,38.252736131,-85.685073492,1.236,3/26/2021 12:00:00 AM,0740,2,2,0,0,CLEAR,DRY,True,1 VEHICLE PARKED POSITION (NOT PARKING LOT/DRIVEWAY),SIDESWIPE-SAME DIRECTION,STRAIGHT & LEVEL,DAYLIGHT,,,3/29/2021 8:44:08 AM,False,7128,Accepted,
27941427,0568000,LOUISVILLE METRO POLICE DEPT,Accepted,JEFFERSON,,6208,WATTERSON,TRL,S,,,,,,,38.158334863,-85.614512821,1.852,3/26/2021 12:00:00 AM,0644,3,3,0,1,CLEAR,DRY,False,SIDESWIPE COLLISION - OPPOSITE DIRECTION,SIDESWIPE-OPPOSITE DIRECTION,STRAIGHT & HILLCREST,DARK-HWY NOT LIGHTED,,,3/29/2021 8:44:33 AM,False,7415,Accepted,
27941442,0568000,LOUISVILLE METRO POLICE DEPT,Accepted,JEFFERSON,,,MUHAMMAD ALI,BLVD,W,KY1020,2ND,,,,,38.250772002,-85.754243706,0.090,3/26/2021 12:00:00 AM,1150,2,2,0,0,CLOUDY,DRY,False,ANGLE COLLISION - OTHER,ANGLE,STRAIGHT & LEVEL,DAYLIGHT,,,3/29/2021 8:45:55 AM,False,7148,Accepted,
27941475,0568000,LOUISVILLE METRO POLICE DEPT,Accepted,JEFFERSON,I 0064,,,,,,,,,,,38.260208728,-85.726395159,0.185,3/26/2021 12:00:00 AM,1554,1,1,0,0,CLEAR,DRY,False,COLLISION WITH FIXED OBJECT NOT IN GORE ,SINGLE VEHICLE,CURVE & HILLCREST,DAYLIGHT,I 0064,I 0065,3/29/2021 8:49:08 AM,False,2217,Accepted,
27941443,0568000,LOUISVILLE METRO POLICE DEPT,Accepted,JEFFERSON,I 0264,,I264 W,,,,,,,,,38.192925132,-85.712239690,13.063,3/26/2021 12:00:00 AM,1345,3,3,0,6,CLOUDY,DRY,False,OTHER ROADWAY OR MID-BLOCK COLLISION,REAR END,STRAIGHT & LEVEL,DAYLIGHT,,,3/29/2021 8:46:02 AM,False,8278,Accepted,
27941449,0568000,LOUISVILLE METRO POLICE DEPT,Accepted,JEFFERSON,KY1865,,NEW CUT,RD,,,,,,,,38.144152073,-85.774927406,2.553,3/26/2021 12:00:00 AM,1704,2,2,0,1,CLEAR,DRY,False,HEAD-ON COLLISION,HEAD ON,STRAIGHT & LEVEL,DAYLIGHT,,,3/29/2021 8:47:00 AM,False,7234,Accepted,
27941450,0568000,LOUISVILLE METRO POLICE DEPT,Accepted,JEFFERSON,,,FEGENBUSH,LN,,KY1747,FERN VALLEY,,,,,38.161294940,-85.640891205,1.805,3/26/2021 12:00:00 AM,1355,2,2,0,5,CLOUDY,DRY,False,OTHER INTERSECTION COLLISIONS,REAR END,STRAIGHT & LEVEL,DAYLIGHT,,,3/29/2021 8:47:16 AM,False,7812,Accepted,
27941451,0568000,LOUISVILLE METRO POLICE DEPT,Accepted,JEFFERSON,US0150,,BROADWAY,,W,US0031W,DR W J HODGE,,,,,38.249164378,-85.786524914,0.825,3/26/2021 12:00:00 AM,1400,2,2,0,0,CLOUDY,DRY,False,ANGLE COLLISION - OTHER,ANGLE,STRAIGHT & LEVEL,DAYLIGHT,,,3/29/2021 8:47:52 AM,False,7437,Accepted,
27941460,0568000,LOUISVILLE METRO POLICE DEPT,Accepted,JEFFERSON,KY0155,,TAYLORSVILLE LAKE,RD,,KY1531,ROUTT,,,,,38.177015585,-85.463950550,3.033,3/26/2021 12:00:00 AM,1755,2,2,0,0,CLEAR,DRY,False,VEHICLE BACKING IN INTERSECTION,BACKING,STRAIGHT & HILLCREST,DAYLIGHT,,,3/29/2021 8:48:31 AM,False,6878,Accepted,
27945968,0568000,LOUISVILLE METRO POLICE DEPT,Accepted,JEFFERSON,KY0061,9625,PRESTON,HWY,,KY6299,COMMERCE CROSSINGS,,,,,38.103232372,-85.672493879,1.381,3/26/2021 12:00:00 AM,2200,2,1,1,0,CLOUDY,DRY,False,COLLISION WITH PEDESTRIAN IN INTERSECTION,SINGLE VEHICLE,STRAIGHT & GRADE,DARK-HWY LIGHTED/OFF,,,3/30/2021 8:10:34 AM,False,7720,Accepted,
27954739,0568000,LOUISVILLE METRO POLICE DEPT,Accepted,JEFFERSON,,,ALLMOND,AVE,,,ADAIR,,,,,38.190459678,-85.758788722,0.248,3/26/2021 12:00:00 AM,1930,2,2,0,0,CLEAR,DRY,False,SIDESWIPE-SAME DIRECTION,SIDESWIPE-SAME DIRECTION,STRAIGHT & LEVEL,DAYLIGHT,,,4/1/2021 9:07:35 AM,False,5335,Accepted,
27950420,0568000,LOUISVILLE METRO POLICE DEPT,Accepted,JEFFERSON,KY1631,,CRITTENDEN,DR,,,PHILLIPS,,,,,38.192276399,-85.750917265,0.302,3/25/2021 12:00:00 AM,0650,2,2,0,0,CLEAR,DRY,False,OPPOSING LEFT TURN,OPPOSING LEFT TURN,STRAIGHT & LEVEL,DARK-HWY LIGHTED/ON,,,3/31/2021 9:10:41 AM,False,5287,Accepted,
27951171,0563800,NORTHFIELD POLICE DEPARTMENT,Accepted,JEFFERSON,KY0022,,BROWNSBORO,RD,,,,,,,,38.283498645,-85.628776565,0.387,3/25/2021 12:00:00 AM,1540,3,3,0,0,CLEAR,DRY,False,1 VEHICLE ENTERING/LEAVING ENTRANCE,ANGLE,STRAIGHT & LEVEL,DAYLIGHT,,,3/31/2021 1:10:35 PM,False,1379,Accepted,
28061197,0568000,LOUISVILLE METRO POLICE DEPT,Accepted,JEFFERSON,US0031W,,DIXIE,HWY,,,UPPER HUNTERS,,,,,38.168539393,-85.828394151,13.270,3/25/2021 12:00:00 AM,0817,2,2,0,0,RAINING,WET,False,OTHER INTERSECTION COLLISIONS,REAR END,STRAIGHT & LEVEL,DAWN,,,4/27/2021 9:11:24 AM,False,7817,Accepted,
27932018,0568000,LOUISVILLE METRO POLICE DEPT,Accepted,JEFFERSON,US0031W,,DIXIE,HWY,,,FLOWERVALE,,,,,38.085365509,-85.879796988,6.939,3/25/2021 12:00:00 AM,0756,2,2,0,2,CLEAR,DRY,False,HEAD-ON COLLISION,HEAD ON,STRAIGHT & LEVEL,DAWN,,,3/26/2021 8:06:16 AM,False,7483,Accepted,
27932026,0568000,LOUISVILLE METRO POLICE DEPT,Accepted,JEFFERSON,,,HIKES,LN,,,KLONDIKE,,,,,38.211155855,-85.640677991,2.213,3/25/2021 12:00:00 AM,2104,2,2,0,0,RAINING,WET,False,ANGLE COLLISION - OTHER,ANGLE,STRAIGHT & LEVEL,DARK-HWY LIGHTED/OFF,,,3/26/2021 8:06:59 AM,False,5305,Accepted,
27932025,0568000,LOUISVILLE METRO POLICE DEPT,Accepted,JEFFERSON,US0060,3202,FRANKFORT,AVE,,,,,,,,38.254319498,-85.675296978,2.452,3/25/2021 12:00:00 AM,2305,4,4,0,1,CLEAR,WET,False,1 VEHICLE PARKED POSITION (NOT PARKING LOT/DRIVEWAY),HEAD ON,STRAIGHT & LEVEL,DARK-HWY LIGHTED/ON,,,3/26/2021 8:06:50 AM,False,7219,Accepted,
27932031,0568000,LOUISVILLE METRO POLICE DEPT,Accepted,JEFFERSON,,,PEACHTREE,AVE,,,BICKNELL,,,,,38.183513845,-85.780113016,1.036,3/25/2021 12:00:00 AM,1337,2,2,0,1,CLEAR,WET,False,ANGLE COLLISION - OTHER,ANGLE,STRAIGHT & LEVEL,DAYLIGHT,,,3/26/2021 8:07:29 AM,False,7488,Accepted,
27928222,0568000,LOUISVILLE METRO POLICE DEPT,Accepted,JEFFERSON,I 0265,,I265 E,,,,,,,,,38.202185529,-85.507478343,24.057,3/25/2021 12:00:00 AM,0025,1,1,0,0,CLEAR,DRY,False,OTHER ROADWAY OR MID-BLOCK COLLISION,SINGLE VEHICLE,STRAIGHT & LEVEL,DARK-HWY NOT LIGHTED,,,3/25/2021 8:16:48 AM,False,5289,Accepted,
27928223,0568000,LOUISVILLE METRO POLICE DEPT,Accepted,JEFFERSON,US0031E,6104,BARDSTOWN,RD,,,,,,,,38.156190590,-85.590278452,6.007,3/25/2021 12:00:00 AM,0030,1,1,0,0,CLEAR,DRY,False,COLLISION WITH FIXED OBJECT NON - INTERSECTION - FIRST EVENT COLLISION 09 - 32 EXCLUDING 16,SINGLE VEHICLE,STRAIGHT & LEVEL,DARK-HWY LIGHTED/ON,,,3/25/2021 8:16:51 AM,False,7761,Accepted,
27932014,0568000,LOUISVILLE METRO POLICE DEPT,Accepted,JEFFERSON,KY1727,,TERRY,RD,,,LEMMAH,,,,,38.172415366,-85.865994436,3.595,3/25/2021 12:00:00 AM,1747,2,2,0,0,CLOUDY,DRY,False,OTHER INTERSECTION COLLISIONS,REAR END,STRAIGHT & LEVEL,DAYLIGHT,,,3/26/2021 8:05:36 AM,False,7340,Accepted,
27932015,0568000,LOUISVILLE METRO POLICE DEPT,Accepted,JEFFERSON,,,BROADWAY,,W,,28TH,,,,,38.249687291,-85.797429573,0.503,3/25/2021 12:00:00 AM,1731,2,2,0,1,CLOUDY,DRY,False,OPPOSING LEFT TURN,OPPOSING LEFT TURN,STRAIGHT & LEVEL,DAYLIGHT,,,3/26/2021 8:05:43 AM,False,5334,Accepted,
27932007,0568000,LOUISVILLE METRO POLICE DEPT,Accepted,JEFFERSON,,7301,GRADE,LN,,,MELTON,,,,,38.145507252,-85.737630215,2.961,3/25/2021 12:00:00 AM,1654,1,1,0,0,CLOUDY,DRY,True,COLLISION IN PARKING LOT,SINGLE VEHICLE,STRAIGHT & LEVEL,DAYLIGHT,,,3/26/2021 8:05:03 AM,False,7269,Accepted,
27932017,0568000,LOUISVILLE METRO POLICE DEPT,Accepted,JEFFERSON,I 0264,,,,,,,,,,,38.187029184,-85.783921842,0.035,3/25/2021 12:00:00 AM,1443,2,2,0,0,CLEAR,DRY,True,OTHER RAMP RELATED COLLISIONS NOT LISTED ABOVE,REAR END,STRAIGHT & LEVEL,DAYLIGHT,KY1865,I 0264,3/26/2021 8:06:09 AM,False,7472,Accepted,
27932023,0568000,LOUISVILLE METRO POLICE DEPT,Accepted,JEFFERSON,,,CHESTNUT,ST,W,KY1020,2ND,,,,,38.248596847,-85.754563863,2.545,3/25/2021 12:00:00 AM,2320,2,2,0,0,RAINING,WET,False,ANGLE COLLISION - OTHER,ANGLE,STRAIGHT & LEVEL,DARK-HWY LIGHTED/ON,,,3/26/2021 8:06:44 AM,False,7863,Accepted,
27932013,0568000,LOUISVILLE METRO POLICE DEPT,Accepted,JEFFERSON,,1730,DUMESNIL,ST,,,,,ISAAC,,28TH,38.236698686,-85.800143402,1.067,3/25/2021 12:00:00 AM,0100,2,2,0,0,CLOUDY,DRY,False,1 VEHICLE PARKED POSITION (NOT PARKING LOT/DRIVEWAY),REAR END,STRAIGHT & LEVEL,DARK-HWY NOT LIGHTED,,,3/26/2021 8:05:33 AM,False,7091,Accepted,
27932005,0568000,LOUISVILLE METRO POLICE DEPT,Accepted,JEFFERSON,KY0061,,PRESTON,HWY,,,KELLER,,,,,38.193675798,-85.728995518,8.459,3/25/2021 12:00:00 AM,1059,4,4,0,0,RAINING,WET,False,ANGLE COLLISION - OTHER,ANGLE,STRAIGHT & LEVEL,DAYLIGHT,,,3/26/2021 8:04:46 AM,False,7448,Accepted,
27932011,0568000,LOUISVILLE METRO POLICE DEPT,Accepted,JEFFERSON,US0060,,FRANKFORT,AVE,,,POPE,,,,,38.256792831,-85.716624952,0.122,3/25/2021 12:00:00 AM,1217,2,2,0,0,RAINING,WET,False,ANGLE COLLISION - OTHER,ANGLE,STRAIGHT & LEVEL,DAYLIGHT,,,3/26/2021 8:05:26 AM,False,5354,Accepted,
27932012,0568000,LOUISVILLE METRO POLICE DEPT,Accepted,JEFFERSON,I 0264,,I264 W,,,,,,,,,38.190980999,-85.720249336,12.600,3/25/2021 12:00:00 AM,1502,2,2,0,2,CLOUDY,DRY,False,REAR END IN TRAFFIC LANES BOTH VEHICLES MOVING,REAR END,STRAIGHT & LEVEL,DAYLIGHT,,,3/26/2021 8:05:30 AM,False,2217,Accepted,
27932019,0568000,LOUISVILLE METRO POLICE DEPT,Accepted,JEFFERSON,KY1865,,NEW CUT,RD,,KY0907,SOUTHSIDE,,,,,38.145809629,-85.775258887,2.668,3/25/2021 12:00:00 AM,0727,2,2,0,0,CLOUDY,DRY,False,ANGLE COLLISION - OTHER,ANGLE,STRAIGHT & LEVEL,DARK-HWY NOT LIGHTED,,,3/26/2021 8:06:24 AM,False,2311,Accepted,
27932020,0568000,LOUISVILLE METRO POLICE DEPT,Accepted,JEFFERSON,,,DEERING,RD,,,SENNRIDGE,,,,,38.102649060,-85.861104685,0.215,3/25/2021 12:00:00 AM,1554,2,2,0,0,CLOUDY,DRY,False,ANGLE COLLISION - OTHER,ANGLE,STRAIGHT & LEVEL,DAYLIGHT,,,3/26/2021 8:06:32 AM,False,7234,Accepted,
27941496,0568000,LOUISVILLE METRO POLICE DEPT,Accepted,JEFFERSON,,,WATTERSON,TRL,,,STONY BROOK,,,,,38.183769128,-85.596031229,1.662,3/25/2021 12:00:00 AM,1121,2,2,0,0,RAINING,WET,False,ANGLE COLLISION - OTHER,ANGLE,STRAIGHT & GRADE,DAYLIGHT,,,3/29/2021 8:50:15 AM,False,7294,Accepted,
27932030,0568000,LOUISVILLE METRO POLICE DEPT,Accepted,JEFFERSON,I 0264,,I264 E,,,,,,,,,38.189767964,-85.767009732,10.035,3/25/2021 12:00:00 AM,1142,2,2,0,1,RAINING,WET,False,REAR END IN TRAFFIC LANES BOTH VEHICLES MOVING,REAR END,STRAIGHT & LEVEL,DAYLIGHT,,,3/26/2021 8:07:20 AM,False,7488,Accepted,
27941445,0568000,LOUISVILLE METRO POLICE DEPT,Accepted,JEFFERSON,US0031W,,22ND,ST,S,,BROADWAY,,,,,38.249230824,-85.788209304,19.557,3/25/2021 12:00:00 AM,1525,2,2,0,0,CLEAR,DRY,False,ANGLE COLLISION - OTHER,ANGLE,STRAIGHT & LEVEL,DAYLIGHT,,,3/29/2021 8:46:08 AM,False,7220,Accepted,
27932021,0568000,LOUISVILLE METRO POLICE DEPT,Accepted,JEFFERSON,KY1931,,GREENWOOD,RD,,,LUCILLE,,,,,38.143755803,-85.845271823,2.802,3/25/2021 12:00:00 AM,1912,1,1,0,1,CLOUDY,DRY,False,COLLISION WITH FIXED OBJECT IN INTERSECTION - FIRST EVENT COLLISION 09 - 32,SINGLE VEHICLE,STRAIGHT & LEVEL,DAYLIGHT,,,3/26/2021 8:06:38 AM,False,7234,Accepted,
27932028,0568000,LOUISVILLE METRO POLICE DEPT,Accepted,JEFFERSON,KY1931,,ST ANDREWS CHURCH,RD,,,BLANTON,,,,,38.151818098,-85.819414763,4.418,3/25/2021 12:00:00 AM,2018,3,3,0,0,CLOUDY,DRY,False,OPPOSING LEFT TURN,OPPOSING LEFT TURN,STRAIGHT & LEVEL,DARK-HWY LIGHTED/ON,,,3/26/2021 8:07:05 AM,False,5356,Accepted,
27989959,0568000,LOUISVILLE METRO POLICE DEPT,Accepted,JEFFERSON,,,BROADWAY,,W,,LINDELL,,,,,38.250078689,-85.812336602,1.306,3/25/2021 12:00:00 AM,1607,2,2,0,1,CLEAR,DRY,False,OTHER INTERSECTION COLLISIONS,REAR END,STRAIGHT & LEVEL,DAYLIGHT,,,4/9/2021 8:35:02 AM,False,5160,Accepted,
27945964,0568000,LOUISVILLE METRO POLICE DEPT,Accepted,JEFFERSON,I 0065,,I65 N,,,I 0065,I65 N EXIT136A OFF RAMP TO  S BROOK ST,,,,,38.242029283,-85.752713273,135.003,3/25/2021 12:00:00 AM,1142,2,2,0,0,RAINING,WET,True,OTHER INTERSECTION COLLISIONS,REAR END,,DAYLIGHT,,,3/30/2021 8:10:14 AM,False,7720,Accepted,
27950406,0568000,LOUISVILLE METRO POLICE DEPT,Accepted,JEFFERSON,US0150,521,22ND,ST,N,,,,,,,38.267010081,-85.783336096,0.220,3/25/2021 12:00:00 AM,1802,2,1,0,1,CLOUDY,DRY,True,COLLISION IN PARKING LOT,SINGLE VEHICLE,STRAIGHT & LEVEL,DAYLIGHT,,,3/31/2021 9:09:39 AM,False,2403,Accepted,
27928225,0568000,LOUISVILLE METRO POLICE DEPT,Accepted,JEFFERSON,,,GRADE,LN,,,CRITTENDEN,,,,,38.153373330,-85.733907364,2.420,3/25/2021 12:00:00 AM,0102,2,2,0,0,CLEAR,DRY,False,OPPOSITE DIRECTION - BOTH VEHICLES GOING STRAIGHT AHEAD,SIDESWIPE-OPPOSITE DIRECTION,STRAIGHT & LEVEL,DARK-HWY LIGHTED/ON,,,3/25/2021 8:16:57 AM,False,5040,Accepted,
28097813,0568000,LOUISVILLE METRO POLICE DEPT,Accepted,JEFFERSON,US0031E,5235,BARDSTOWN,RD,,,,,,,,38.171422807,-85.608327446,7.487,3/25/2021 12:00:00 AM,0000,1,1,0,0,CLEAR,DRY,True,OTHER ROADWAY OR MID-BLOCK COLLISION,SINGLE VEHICLE,STRAIGHT & HILLCREST,DARK (UNKNOWN ROADWAY LIGHTING),,,5/6/2021 8:11:33 AM,False,5159,Accepted,
28139936,0568000,LOUISVILLE METRO POLICE DEPT,Accepted,JEFFERSON,,2706,DUNCAN,ST,,,,,,,,38.263530353,-85.794160278,0.946,3/24/2021 12:00:00 AM,1630,3,3,0,1,CLEAR,DRY,False,SIDESWIPE COLLISION - SAME DIRECTION,SIDESWIPE-SAME DIRECTION,STRAIGHT & LEVEL,DAYLIGHT,,,5/17/2021 8:35:42 AM,False,7405,Accepted,
27928226,0568000,LOUISVILLE METRO POLICE DEPT,Accepted,JEFFERSON,KY0061,,PRESTON,HWY,,,,,GLEN ROSE,I 0265,I265 W EXIT12 ON RAMP FROM KY61 S,38.113241022,-85.675896333,2.084,3/24/2021 12:00:00 AM,1935,2,2,0,1,CLEAR,DRY,False,SIDESWIPE COLLISION - SAME DIRECTION,SIDESWIPE-SAME DIRECTION,STRAIGHT & GRADE,DUSK,,,3/25/2021 8:17:01 AM,False,5336,Accepted,
27928208,0568000,LOUISVILLE METRO POLICE DEPT,Accepted,JEFFERSON,,,MUHAMMAD ALI,BLVD,W,,,,30TH,,32ND,38.256044560,-85.801580771,2.695,3/24/2021 12:00:00 AM,1116,1,1,0,0,CLEAR,DRY,False,COLLISION WITH FIXED OBJECT NON - INTERSECTION - FIRST EVENT COLLISION 09 - 32 EXCLUDING 16,SINGLE VEHICLE,STRAIGHT & GRADE,DAYLIGHT,,,3/25/2021 8:15:57 AM,False,5365,Accepted,
27928209,0568000,LOUISVILLE METRO POLICE DEPT,Accepted,JEFFERSON,,,RIDGECREST,RD,,,ROOKWOOD,,,,,38.174035154,-85.665264818,0.695,3/24/2021 12:00:00 AM,1336,2,2,0,1,CLEAR,DRY,False,HEAD-ON COLLISION,HEAD ON,STRAIGHT & LEVEL,DAYLIGHT,,,3/25/2021 8:16:00 AM,False,5203,Accepted,
27928210,0568000,LOUISVILLE METRO POLICE DEPT,Accepted,JEFFERSON,KY1747,,FERN VALLEY,RD,,,JEFFERSON,,,,,38.156704856,-85.671558714,3.336,3/24/2021 12:00:00 AM,1519,2,2,0,0,CLEAR,DRY,False,ANGLE COLLISION - ONE VEHICLE TURNING LEFT,ANGLE,STRAIGHT & LEVEL,DAYLIGHT,,,3/25/2021 8:16:06 AM,False,7354,Accepted,
27928216,0568000,LOUISVILLE METRO POLICE DEPT,Accepted,JEFFERSON,US0150,,BROADWAY,,E,KY0061,JACKSON,,,,,38.245136972,-85.745596540,3.075,3/24/2021 12:00:00 AM,1757,2,2,0,0,CLEAR,DRY,False,ANGLE COLLISION - OTHER,ANGLE,STRAIGHT & LEVEL,DAYLIGHT,,,3/25/2021 8:16:28 AM,False,7823,Accepted,
27928217,0568000,LOUISVILLE METRO POLICE DEPT,Accepted,JEFFERSON,KY1865,,NEW CUT,RD,,,,,,,,38.169702308,-85.781220718,4.335,3/24/2021 12:00:00 AM,1437,2,2,0,0,CLEAR,DRY,True,REAR END IN TRAFFIC LANES BOTH VEHICLES MOVING,REAR END,STRAIGHT & LEVEL,DAYLIGHT,,,3/25/2021 8:16:31 AM,False,7234,Accepted,
27928218,0568000,LOUISVILLE METRO POLICE DEPT,Accepted,JEFFERSON,KY2055,,MT HOLLY,RD,,,,,,,,38.102161330,-85.754258599,1.034,3/24/2021 12:00:00 AM,1602,2,2,0,0,CLEAR,DRY,False,1 VEHICLE ENTERING/LEAVING ENTRANCE,ANGLE,STRAIGHT & LEVEL,DAYLIGHT,,,3/25/2021 8:16:35 AM,False,7234,Accepted,
27928219,0568000,LOUISVILLE METRO POLICE DEPT,Accepted,JEFFERSON,,,30TH,ST,S,,MUHAMMAD ALI,,,,,38.255905767,-85.800536320,0.383,3/24/2021 12:00:00 AM,2021,2,2,0,1,CLEAR,DRY,False,ANGLE COLLISION - OTHER,ANGLE,STRAIGHT & LEVEL,DARK-HWY LIGHTED/ON,,,3/25/2021 8:16:39 AM,False,5172,Accepted,
27928220,0568000,LOUISVILLE METRO POLICE DEPT,Accepted,JEFFERSON,US0031E,,BARDSTOWN,RD,,,BRIGHTON,,,,,38.214065527,-85.673519480,12.253,3/24/2021 12:00:00 AM,2144,2,2,0,1,CLEAR,DRY,False,ANGLE COLLISION - OTHER,ANGLE,STRAIGHT & LEVEL,DARK-HWY LIGHTED/ON,,,3/25/2021 8:16:42 AM,False,7049,Accepted,