IncidentID,AgencyORI,AgencyName,IncidentStatusDesc,County,RdwyNumber,Street,RoadwayName,StreetSfx,StreetDir,IntersectionRdwy,IntersectionRdwyName,BetweenStRdwy1,BetweenStRdwyName1,BetweenStRdwy2,BetweenStRdwyName2,Latitude,Longitude,Milepoint,CollisionDate,CollisionTime,UnitsInvolved,MotorVehiclesInvolved,NumberKilled,NumberInjured,Weather,RdwyConditionCode,HitandRun,DirAnalysisCode,MannerofCollision,RdwyCharacter,LightCondition,RampFromRdwyId,RampToRdwyId,AcceptedDate,IsSecondaryCollision,OwnerBadge,IncidentStatus,
27945958,0568000,LOUISVILLE METRO POLICE DEPT,Accepted,JEFFERSON,,,AUDUBON PLAZA,DR,,,,KY0864,POPLAR LEVEL,,ILLINOIS,38.214234326,-85.722302982,0.043,3/24/2021 12:00:00 AM,1558,1,1,0,1,CLEAR,DRY,False,COLLISION IN PARKING LOT,SINGLE VEHICLE,STRAIGHT & LEVEL,DAYLIGHT,,,3/30/2021 8:09:46 AM,False,7938,Accepted,
27931993,0568000,LOUISVILLE METRO POLICE DEPT,Accepted,JEFFERSON,,,13TH,ST,N,US0031W,MAIN,,,,,38.258266318,-85.771444028,0.001,3/24/2021 12:00:00 AM,1743,1,1,0,0,CLEAR,DRY,False,COLLISION IN PARKING LOT,SINGLE VEHICLE,CURVE & LEVEL,DAYLIGHT,,,3/26/2021 8:04:33 AM,False,2128,Accepted,
27932004,0568000,LOUISVILLE METRO POLICE DEPT,Accepted,JEFFERSON,KY0864,,POPLAR LEVEL,RD,,I 0264,I264 E EXIT14 ON RAMP FROM KY864 S,,,,,38.195207529,-85.707487383,11.297,3/24/2021 12:00:00 AM,1521,2,2,0,0,CLEAR,DRY,False,OTHER INTERSECTION COLLISIONS,REAR END,STRAIGHT & LEVEL,DAYLIGHT,,,3/26/2021 8:04:39 AM,False,7448,Accepted,
27972319,0568000,LOUISVILLE METRO POLICE DEPT,Accepted,JEFFERSON,KY1934,,CANE RUN,RD,,,CRUMS,,,,,38.195365134,-85.842497049,8.784,3/24/2021 12:00:00 AM,1250,2,2,0,3,CLEAR,DRY,False,OTHER INTERSECTION COLLISIONS,REAR END,STRAIGHT & LEVEL,DAYLIGHT,,,4/5/2021 8:56:49 AM,False,5272,Accepted,
27932010,0568000,LOUISVILLE METRO POLICE DEPT,Accepted,JEFFERSON,KY0061,,PRESTON,HWY,,,INDIAN,,,,,38.169679483,-85.707575480,6.419,3/24/2021 12:00:00 AM,1653,2,2,0,0,CLEAR,DRY,False,SIDESWIPE-SAME DIRECTION,SIDESWIPE-SAME DIRECTION,STRAIGHT & LEVEL,DAYLIGHT,,,3/26/2021 8:05:19 AM,False,5027,Accepted,
27932029,0568000,LOUISVILLE METRO POLICE DEPT,Accepted,JEFFERSON,,,7TH,ST,S,,MAGNOLIA,,,,,38.230244627,-85.767252849,0.916,3/24/2021 12:00:00 AM,2209,2,2,0,0,CLEAR,DRY,False,HEAD-ON COLLISION,HEAD ON,CURVE & GRADE,DARK-HWY LIGHTED/ON,,,3/26/2021 8:07:13 AM,False,5152,Accepted,
27932008,0568000,LOUISVILLE METRO POLICE DEPT,Accepted,JEFFERSON,I 0065,,,,,,,,,,,38.189761943,-85.728116494,1.084,3/24/2021 12:00:00 AM,1852,1,1,0,3,CLEAR,DRY,False,OVERTURNED ON RAMP,SINGLE VEHICLE,CURVE & LEVEL,DAYLIGHT,I 0065,I 0264,3/26/2021 8:05:11 AM,False,7963,Accepted,
27924204,0568000,LOUISVILLE METRO POLICE DEPT,Accepted,JEFFERSON,US0060,,SHELBYVILLE,RD,,,,,,,,38.245073711,-85.559223539,8.827,3/24/2021 12:00:00 AM,0837,2,2,0,1,CLOUDY,DRY,False,OTHER ROADWAY OR MID-BLOCK COLLISION,OPPOSING LEFT TURN,STRAIGHT & LEVEL,DAYLIGHT,,,3/24/2021 11:08:50 AM,False,2218,Accepted,
27932016,0568000,LOUISVILLE METRO POLICE DEPT,Accepted,JEFFERSON,,1200,CHICKASAW PARK,RD,,,,,,,,38.242113256,-85.833217476,0.352,3/24/2021 12:00:00 AM,1611,2,2,0,0,CLEAR,DRY,False,1 VEHICLE PARKED POSITION (NOT PARKING LOT/DRIVEWAY),BACKING,STRAIGHT & LEVEL,DAYLIGHT,,,3/26/2021 8:06:01 AM,False,5160,Accepted,
27928212,0568000,LOUISVILLE METRO POLICE DEPT,Accepted,JEFFERSON,,,2ND,ST,N,,,,,,,38.258541404,-85.752814045,0.161,3/24/2021 12:00:00 AM,1550,4,4,0,1,CLEAR,DRY,False,OTHER ROADWAY OR MID-BLOCK COLLISION,REAR END,STRAIGHT & LEVEL,DAYLIGHT,,,3/25/2021 8:16:15 AM,False,5173,Accepted,
27928213,0568000,LOUISVILLE METRO POLICE DEPT,Accepted,JEFFERSON,,,4TH,ST,S,,BRECKINRIDGE,,,,,38.241889155,-85.759135552,1.025,3/24/2021 12:00:00 AM,1337,1,1,0,0,CLEAR,DRY,False,COLLISION WITH FIXED OBJECT IN INTERSECTION - FIRST EVENT COLLISION 09 - 32,SINGLE VEHICLE,STRAIGHT & LEVEL,DAYLIGHT,,,3/25/2021 8:16:19 AM,False,7441,Accepted,
27928215,0568000,LOUISVILLE METRO POLICE DEPT,Accepted,JEFFERSON,,1705,4TH,ST,S,,,,,,,38.223303548,-85.762384236,2.321,3/24/2021 12:00:00 AM,1000,2,2,0,0,CLEAR,DRY,False,1 VEHICLE PARKED POSITION (NOT PARKING LOT/DRIVEWAY),REAR END,STRAIGHT & LEVEL,DAYLIGHT,,,3/25/2021 8:16:25 AM,False,5175,Accepted,
27928221,0568000,LOUISVILLE METRO POLICE DEPT,Accepted,JEFFERSON,US0150,,BROADWAY,,E,,HANCOCK,,,,,38.244976981,-85.743531778,3.187,3/24/2021 12:00:00 AM,2224,1,1,0,1,CLEAR,DRY,False,NON-COLLISION OBJECT COLLISION,SINGLE VEHICLE,STRAIGHT & LEVEL,DARK-HWY LIGHTED/ON,,,3/25/2021 8:16:45 AM,False,7912,Accepted,
27950395,0568000,LOUISVILLE METRO POLICE DEPT,Accepted,JEFFERSON,,1510,CRUMS,LN,,,,,,,,38.188705995,-85.803279664,0.325,3/24/2021 12:00:00 AM,1907,1,1,0,1,CLEAR,DRY,False,COLLISION IN PARKING LOT,SINGLE VEHICLE,CURVE & LEVEL,DAYLIGHT,,,3/31/2021 9:08:53 AM,False,5367,Accepted,
27923892,0568000,LOUISVILLE METRO POLICE DEPT,Accepted,JEFFERSON,KY2053,6710,MT WASHINGTON,RD,,,,,,,,38.087495702,-85.641943670,1.538,3/23/2021 12:00:00 AM,2148,1,1,0,1,CLEAR,DRY,False,OTHER COLLISIONS ON SHOULDER,SINGLE VEHICLE,STRAIGHT & LEVEL,DARK-HWY NOT LIGHTED,,,3/24/2021 9:54:18 AM,False,5184,Accepted,
27923893,0568000,LOUISVILLE METRO POLICE DEPT,Accepted,JEFFERSON,I 0071,,I71 N,,,I 0071,I71 S EXIT5 RAMP TO I264 W,,,,,38.289374781,-85.648475421,4.976,3/23/2021 12:00:00 AM,1921,2,2,0,0,CLOUDY,DRY,False,SIDESWIPE-SAME DIRECTION,SIDESWIPE-SAME DIRECTION,CURVE & LEVEL,DUSK,,,3/24/2021 9:54:27 AM,False,5004,Accepted,
27923894,0568000,LOUISVILLE METRO POLICE DEPT,Accepted,JEFFERSON,US0031W,10103,DIXIE,HWY,,,,,,,,38.108086852,-85.866461278,8.668,3/23/2021 12:00:00 AM,1930,2,1,0,1,CLEAR,DRY,True,COLLISION WITH PEDESTRIAN NON - INTERSECTION,SINGLE VEHICLE,STRAIGHT & LEVEL,DAYLIGHT,,,3/24/2021 9:54:31 AM,False,5357,Accepted,
27923895,0568000,LOUISVILLE METRO POLICE DEPT,Accepted,JEFFERSON,,,JEFFERSON,ST,W,US0031W,22ND,,,,,38.257196282,-85.786815069,1.905,3/23/2021 12:00:00 AM,1914,2,2,0,1,CLEAR,DRY,False,ANGLE COLLISION - OTHER,ANGLE,STRAIGHT & LEVEL,DAYLIGHT,,,3/24/2021 9:54:34 AM,False,5047,Accepted,
27928205,0568000,LOUISVILLE METRO POLICE DEPT,Accepted,JEFFERSON,I 0264,,,,,,,,,,,38.250639655,-85.806664333,0.002,3/23/2021 12:00:00 AM,1128,2,2,0,3,CLOUDY,DRY,False,OTHER RAMP RELATED COLLISIONS NOT LISTED ABOVE,REAR END,STRAIGHT & GRADE,DAYLIGHT,I 0264,MUHAMMAD ALI BLVD,3/25/2021 8:15:46 AM,False,7772,Accepted,
27918688,0568000,LOUISVILLE METRO POLICE DEPT,Accepted,JEFFERSON,US0031W,,2ND,ST,S,US0031W,MARKET,,,,,38.254872366,-85.753544472,22.035,3/23/2021 12:00:00 AM,0050,2,2,0,0,CLEAR,DRY,False,SIDESWIPE-SAME DIRECTION,SIDESWIPE-SAME DIRECTION,STRAIGHT & LEVEL,DARK-HWY LIGHTED/ON,,,3/23/2021 8:20:28 AM,False,5275,Accepted,
27919824,0561000,JEFFERSONTOWN POLICE DEPT,Accepted,JEFFERSON,KY1747,1640,HURSTBOURNE,PKWY,S,,,,,,,38.220923788,-85.580841180,11.693,3/23/2021 12:00:00 AM,1033,2,2,0,0,CLEAR,DRY,False,OTHER ROADWAY OR MID-BLOCK COLLISION,OPPOSING LEFT TURN,STRAIGHT & LEVEL,DAYLIGHT,,,3/23/2021 12:49:19 PM,False,8292,Accepted,
27923867,0568000,LOUISVILLE METRO POLICE DEPT,Accepted,JEFFERSON,KY1865,,NEW CUT,RD,,KY0907,3RD ST,,,,,38.145823178,-85.775274394,2.669,3/23/2021 12:00:00 AM,1027,2,2,0,2,CLEAR,DRY,False,ANGLE COLLISION - OTHER,ANGLE,STRAIGHT & LEVEL,DAYLIGHT,,,3/24/2021 9:51:48 AM,False,7232,Accepted,
27923868,0568000,LOUISVILLE METRO POLICE DEPT,Accepted,JEFFERSON,I 0264,,I264 E,,,,,,,,,38.230844903,-85.631362274,18.235,3/23/2021 12:00:00 AM,1246,2,2,0,0,CLOUDY,DRY,False,REAR END IN TRAFFIC LANES BOTH VEHICLES MOVING,REAR END,STRAIGHT & LEVEL,DAYLIGHT,,,3/24/2021 9:51:53 AM,False,4903,Accepted,
27923869,0568000,LOUISVILLE METRO POLICE DEPT,Accepted,JEFFERSON,,,NORTON,AVE,,,MARIGOLD,,,,,38.166652061,-85.712514905,0.276,3/23/2021 12:00:00 AM,1237,2,2,0,1,CLOUDY,DRY,False,ANGLE COLLISION - OTHER,ANGLE,STRAIGHT & LEVEL,DAYLIGHT,,,3/24/2021 9:52:05 AM,False,5317,Accepted,
27923870,0568000,LOUISVILLE METRO POLICE DEPT,Accepted,JEFFERSON,KY0061,,PRESTON,HWY,,,VIM,,,,,38.172078784,-85.710070811,6.633,3/23/2021 12:00:00 AM,1251,2,2,0,2,CLOUDY,DRY,False,ANGLE COLLISION - OTHER,ANGLE,STRAIGHT & LEVEL,DAYLIGHT,,,3/24/2021 9:52:19 AM,False,7341,Accepted,
27923875,0568000,LOUISVILLE METRO POLICE DEPT,Accepted,JEFFERSON,US0031W,,MARKET,ST,W,,15TH,,,,,38.257238012,-85.774961556,20.831,3/23/2021 12:00:00 AM,1420,2,2,0,0,CLOUDY,WET,False,COLLISION WITH PARKED VEHICLE,SIDESWIPE-SAME DIRECTION,STRAIGHT & LEVEL,DAYLIGHT,,,3/24/2021 9:53:01 AM,False,7463,Accepted,
27923876,0568000,LOUISVILLE METRO POLICE DEPT,Accepted,JEFFERSON,US0031W,,22ND,ST,S,,WOODLAND,,,,,38.232873924,-85.791222701,18.451,3/23/2021 12:00:00 AM,1351,2,2,0,0,CLOUDY,WET,False,HEAD-ON COLLISION,HEAD ON,STRAIGHT & HILLCREST,DAYLIGHT,,,3/24/2021 9:53:05 AM,False,7538,Accepted,
27923877,0568000,LOUISVILLE METRO POLICE DEPT,Accepted,JEFFERSON,,,OLD OUTER,LOOP,,,BRIARCLIFF,,,,,38.136218481,-85.697104767,0.234,3/23/2021 12:00:00 AM,1011,2,2,0,1,CLEAR,DRY,False,OPPOSING LEFT TURN,OPPOSING LEFT TURN,STRAIGHT & LEVEL,DAYLIGHT,,,3/24/2021 9:53:16 AM,False,5297,Accepted,
27923886,0568000,LOUISVILLE METRO POLICE DEPT,Accepted,JEFFERSON,,,INDIAN,TRL,E,KY0864,POPLAR LEVEL,,,,,38.171545798,-85.684983804,1.214,3/23/2021 12:00:00 AM,1730,2,2,0,0,CLEAR,DRY,False,ANGLE COLLISION - OTHER,ANGLE,STRAIGHT & GRADE,DAYLIGHT,,,3/24/2021 9:53:57 AM,False,5130,Accepted,
27923891,0568000,LOUISVILLE METRO POLICE DEPT,Accepted,JEFFERSON,,,BRECKINRIDGE,ST,E,KY0061,PRESTON,,,,,38.240768932,-85.748370723,1.277,3/23/2021 12:00:00 AM,1559,2,2,0,1,CLOUDY,DRY,False,ANGLE COLLISION - OTHER,ANGLE,STRAIGHT & LEVEL,DAYLIGHT,,,3/24/2021 9:54:14 AM,False,7462,Accepted,
27923897,0568000,LOUISVILLE METRO POLICE DEPT,Accepted,JEFFERSON,KY1020,9609,NATIONAL,TPKE,,,,,,,,38.110119729,-85.745986986,2.474,3/23/2021 12:00:00 AM,2132,1,1,0,0,CLEAR,DRY,False,COLLISION WITH FIXED OBJECT NON - INTERSECTION - FIRST EVENT COLLISION 09 - 32 EXCLUDING 16,SINGLE VEHICLE,STRAIGHT & LEVEL,DARK-HWY NOT LIGHTED,,,3/24/2021 9:54:39 AM,False,5259,Accepted,
27923898,0568000,LOUISVILLE METRO POLICE DEPT,Accepted,JEFFERSON,I 0064,,I64 E,,,,,,,,,38.229030364,-85.596865048,14.000,3/23/2021 12:00:00 AM,1134,2,2,0,0,CLOUDY,DRY,False,SIDESWIPE COLLISION - SAME DIRECTION,SIDESWIPE-SAME DIRECTION,STRAIGHT & LEVEL,DAYLIGHT,,,3/24/2021 9:54:42 AM,False,7751,Accepted,
27923882,0568000,LOUISVILLE METRO POLICE DEPT,Accepted,JEFFERSON,KY0061,,JACKSON,ST,S,,CALDWELL,,,,,38.239086649,-85.746644071,11.867,3/23/2021 12:00:00 AM,1438,2,2,0,0,CLOUDY,WET,False,ANGLE COLLISION - OTHER,ANGLE,STRAIGHT & LEVEL,DAYLIGHT,,,3/24/2021 9:53:50 AM,False,5186,Accepted,
27923890,0568000,LOUISVILLE METRO POLICE DEPT,Accepted,JEFFERSON,,2800,DUMESNIL,ST,,,,,,,,38.236735989,-85.800536456,1.074,3/23/2021 12:00:00 AM,0330,1,1,0,0,CLEAR,DRY,False,COLLISION WITH FIXED OBJECT NON - INTERSECTION - FIRST EVENT COLLISION 09 - 32 EXCLUDING 16,SINGLE VEHICLE,STRAIGHT & LEVEL,DARK-HWY LIGHTED/ON,,,3/24/2021 9:54:11 AM,False,5309,Accepted,
27918693,0568000,LOUISVILLE METRO POLICE DEPT,Accepted,JEFFERSON,,3620,KLONDIKE,LN,,,,,,,,38.210280959,-85.640431954,0.749,3/23/2021 12:00:00 AM,0707,1,1,0,0,CLEAR,DRY,False,COLLISION IN PARKING LOT,SINGLE VEHICLE,STRAIGHT & LEVEL,DARK-HWY LIGHTED/ON,,,3/23/2021 8:20:48 AM,False,5326,Accepted,
27923866,0568000,LOUISVILLE METRO POLICE DEPT,Accepted,JEFFERSON,US0150,,BROADWAY,,W,KY1020,2ND,,,,,38.245833364,-85.755058024,2.559,3/23/2021 12:00:00 AM,1202,2,1,0,1,CLOUDY,DRY,False,COLLISION WITH PEDESTRIAN IN INTERSECTION,SINGLE VEHICLE,STRAIGHT & LEVEL,DAYLIGHT,,,3/24/2021 9:51:42 AM,False,7229,Accepted,
27923873,0568000,LOUISVILLE METRO POLICE DEPT,Accepted,JEFFERSON,,,OAK,ST,E,,,,1ST,,BROOK,38.234448762,-85.753980626,0.074,3/23/2021 12:00:00 AM,1242,2,2,0,0,CLOUDY,WET,False,OTHER ROADWAY OR MID-BLOCK COLLISION,REAR END,STRAIGHT & LEVEL,DAYLIGHT,,,3/24/2021 9:52:52 AM,False,7619,Accepted,
27923874,0568000,LOUISVILLE METRO POLICE DEPT,Accepted,JEFFERSON,,,OAK,ST,E,KY0864,SHELBY,,,,,38.233395411,-85.741465113,0.770,3/23/2021 12:00:00 AM,1426,2,2,0,0,CLOUDY,WET,False,ANGLE COLLISION - OTHER,ANGLE,STRAIGHT & LEVEL,DAYLIGHT,,,3/24/2021 9:52:57 AM,False,7619,Accepted,
27923871,0568000,LOUISVILLE METRO POLICE DEPT,Accepted,JEFFERSON,,3715,BONAVENTURE,BLVD,,,,,,,,38.122569116,-85.695737074,0.345,3/22/2021 12:00:00 AM,1645,1,1,0,0,CLOUDY,DRY,False,COLLISION WITH FIXED OBJECT NON - INTERSECTION - FIRST EVENT COLLISION 09 - 32 EXCLUDING 16,SINGLE VEHICLE,STRAIGHT & LEVEL,DAYLIGHT,,,3/24/2021 9:52:27 AM,False,2583,Accepted,
27914356,0568000,LOUISVILLE METRO POLICE DEPT,Accepted,JEFFERSON,,,BLEVINS GAP,RD,,,,,,,,38.080522553,-85.830519967,3.544,3/22/2021 12:00:00 AM,0034,1,1,0,1,CLEAR,DRY,False,COLLISION WITH FIXED OBJECT NON - INTERSECTION - FIRST EVENT COLLISION 09 - 32 EXCLUDING 16,SINGLE VEHICLE,CURVE & GRADE,DARK-HWY NOT LIGHTED,,,3/22/2021 8:31:33 AM,False,6886,Accepted,
27923864,0568000,LOUISVILLE METRO POLICE DEPT,Accepted,JEFFERSON,US0031W,,DIXIE,HWY,,,PAGES,,,,,38.130224893,-85.847861184,10.496,3/22/2021 12:00:00 AM,1829,3,3,0,1,CLEAR,DRY,False,ANGLE COLLISION - OTHER,ANGLE,STRAIGHT & LEVEL,DAYLIGHT,,,3/24/2021 9:51:34 AM,False,5312,Accepted,
27923865,0568000,LOUISVILLE METRO POLICE DEPT,Accepted,JEFFERSON,US0031E,,BARDSTOWN,RD,,,LITTLE SPRING,,,,,38.095914098,-85.562545575,1.532,3/22/2021 12:00:00 AM,1040,2,2,0,0,CLEAR,DRY,False,ANGLE COLLISION - OTHER,ANGLE,STRAIGHT & HILLCREST,DAYLIGHT,,,3/24/2021 9:51:38 AM,False,7642,Accepted,
27923881,0568000,LOUISVILLE METRO POLICE DEPT,Accepted,JEFFERSON,,,BRECKINRIDGE,ST,W,KY1020,2ND,,,,,38.241531546,-85.755804404,0.091,3/22/2021 12:00:00 AM,1850,2,1,0,1,CLEAR,DRY,True,COLLISION WITH PEDESTRIAN IN INTERSECTION,SINGLE VEHICLE,STRAIGHT & LEVEL,DAYLIGHT,,,3/24/2021 9:53:45 AM,False,5249,Accepted,
27923889,0568000,LOUISVILLE METRO POLICE DEPT,Accepted,JEFFERSON,,1530,ST CATHERINE,ST,W,,,,,,,38.239499822,-85.779108612,0.909,3/22/2021 12:00:00 AM,2041,2,2,0,0,CLEAR,DRY,False,1 VEHICLE PARKED POSITION (NOT PARKING LOT/DRIVEWAY),BACKING,STRAIGHT & LEVEL,DARK-HWY LIGHTED/ON,,,3/24/2021 9:54:07 AM,False,5309,Accepted,
27918682,0568000,LOUISVILLE METRO POLICE DEPT,Accepted,JEFFERSON,KY1020,,SOUTHSIDE,DR,,,,,,,,38.169554855,-85.764713490,6.864,3/22/2021 12:00:00 AM,1519,2,2,0,0,CLEAR,DRY,False,REAR END IN TRAFFIC LANES BOTH VEHICLES MOVING,REAR END,STRAIGHT & LEVEL,DAYLIGHT,,,3/23/2021 8:19:57 AM,False,7234,Accepted,
27918690,0568000,LOUISVILLE METRO POLICE DEPT,Accepted,JEFFERSON,,3917,BLEVINS GAP,RD,,,,,,,,38.096983619,-85.817472030,5.024,3/22/2021 12:00:00 AM,2049,1,1,0,1,CLEAR,DRY,False,COLLISION WITH FIXED OBJECT NON - INTERSECTION - FIRST EVENT COLLISION 09 - 32 EXCLUDING 16,SINGLE VEHICLE,CURVE & GRADE,DARK-HWY NOT LIGHTED,,,3/23/2021 8:20:38 AM,False,7365,Accepted,
27928201,0568000,LOUISVILLE METRO POLICE DEPT,Accepted,JEFFERSON,KY1865,5901,NEW CUT,RD,,,,,,,,38.131393800,-85.772819290,1.659,3/22/2021 12:00:00 AM,1140,1,1,0,0,CLEAR,DRY,False,COLLISION WITH FIXED OBJECT NON - INTERSECTION - FIRST EVENT COLLISION 09 - 32 EXCLUDING 16,SINGLE VEHICLE,STRAIGHT & LEVEL,DAYLIGHT,,,3/25/2021 8:15:25 AM,False,2738,Accepted,
27918691,0568000,LOUISVILLE METRO POLICE DEPT,Accepted,JEFFERSON,,,38TH,ST,S,,MARKET,,,,,38.261512316,-85.811790584,0.126,3/22/2021 12:00:00 AM,2028,2,2,0,1,CLEAR,DRY,False,OPPOSING LEFT TURN,OPPOSING LEFT TURN,STRAIGHT & LEVEL,DARK-HWY LIGHTED/ON,,,3/23/2021 8:20:42 AM,False,5325,Accepted,
27918692,0568000,LOUISVILLE METRO POLICE DEPT,Accepted,JEFFERSON,KY1065,2430,OUTER,LOOP,,,,,,,,38.134721082,-85.720040402,4.179,3/22/2021 12:00:00 AM,2300,2,2,0,1,CLEAR,DRY,False,SIDESWIPE COLLISION - SAME DIRECTION,SIDESWIPE-SAME DIRECTION,STRAIGHT & LEVEL,DARK-HWY NOT LIGHTED,,,3/23/2021 8:20:45 AM,False,5198,Accepted,
27918675,0568000,LOUISVILLE METRO POLICE DEPT,Accepted,JEFFERSON,KY1931,7300 BLK,ST ANDREWS CHURCH,RD,,,,,,,,38.154145287,-85.803296467,5.370,3/22/2021 12:00:00 AM,1326,2,1,0,1,CLEAR,DRY,False,COLLISION WITH PEDESTRIAN NON - INTERSECTION,SINGLE VEHICLE,STRAIGHT & LEVEL,DAYLIGHT,,,3/23/2021 8:19:19 AM,False,7205,Accepted,
27918676,0568000,LOUISVILLE METRO POLICE DEPT,Accepted,JEFFERSON,,,CYPRESS,ST,,KY2054,ALGONQUIN,,,,,38.223722409,-85.800186656,0.988,3/22/2021 12:00:00 AM,1528,2,2,0,0,CLEAR,DRY,False,ANGLE COLLISION - OTHER,ANGLE,STRAIGHT & LEVEL,DAYLIGHT,,,3/23/2021 8:19:27 AM,False,5032,Accepted,
27914355,0568000,LOUISVILLE METRO POLICE DEPT,Accepted,JEFFERSON,,,18TH,ST,S,,CHESTNUT,,,,,38.251505713,-85.781052951,0.535,3/22/2021 12:00:00 AM,0400,2,2,0,0,CLEAR,DRY,False,ANGLE COLLISION - OTHER,ANGLE,STRAIGHT & LEVEL,DARK-HWY LIGHTED/ON,,,3/22/2021 8:31:30 AM,False,5172,Accepted,
27941439,0568000,LOUISVILLE METRO POLICE DEPT,Accepted,JEFFERSON,KY3064,,NORTHWESTERN,PKWY,,,,,,,,38.274886935,-85.801727381,1.144,3/22/2021 12:00:00 AM,1701,4,4,0,2,CLEAR,DRY,False,1 VEHICLE PARKED POSITION (NOT PARKING LOT/DRIVEWAY),ANGLE,STRAIGHT & GRADE,DAYLIGHT,,,3/29/2021 8:45:32 AM,False,5353,Accepted,
27923226,0560400,SHIVELY POLICE DEPARTMENT,Accepted,JEFFERSON,US0031W,2400B,DIXIE,HWY,,,,,,,,38.215854600,-85.795505162,17.118,3/22/2021 12:00:00 AM,2018,2,2,0,1,CLEAR,DRY,False,1 VEHICLE ENTERING/LEAVING ENTRANCE,ANGLE,STRAIGHT & LEVEL,DARK-HWY LIGHTED/ON,,,3/24/2021 7:03:46 AM,False,7128,Accepted,
27916013,0560300,ST. MATTHEWS POLICE DEPARTMENT,Accepted,JEFFERSON,I 0064,,,,,,,,,,,38.235965905,-85.656723256,0.125,3/22/2021 12:00:00 AM,0700,2,2,0,0,CLEAR,DRY,False,OTHER RAMP RELATED COLLISIONS NOT LISTED ABOVE,ANGLE,STRAIGHT & GRADE,DARK-HWY LIGHTED/ON,I 0064,KY2048,3/22/2021 3:45:13 PM,False,9155,Accepted,
27917332,0561000,JEFFERSONTOWN POLICE DEPT,Accepted,JEFFERSON,,,WATTERSON,TRL,,,LOCHRIDGE,,,,,38.183352234,-85.590433426,1.967,3/22/2021 12:00:00 AM,1702,3,3,0,0,CLEAR,DRY,False,OTHER INTERSECTION COLLISIONS,REAR END,STRAIGHT & LEVEL,DAYLIGHT,,,3/22/2021 11:17:29 PM,True,8265,Accepted,
27914361,0568000,LOUISVILLE METRO POLICE DEPT,Accepted,JEFFERSON,,,4TH,ST,S,,INDUSTRY,,,,,38.213915317,-85.764020630,2.973,3/22/2021 12:00:00 AM,0432,2,2,0,0,CLEAR,DRY,True,OTHER INTERSECTION COLLISIONS,REAR END,STRAIGHT & LEVEL,DARK-HWY LIGHTED/ON,,,3/22/2021 8:31:50 AM,False,5348,Accepted,
27918669,0568000,LOUISVILLE METRO POLICE DEPT,Accepted,JEFFERSON,,9265,SMYRNA,PKWY,,,,,,,,38.114689045,-85.644032778,1.609,3/22/2021 12:00:00 AM,1213,2,2,0,0,CLOUDY,DRY,False,1 VEHICLE ENTERING/LEAVING ENTRANCE,ANGLE,STRAIGHT & LEVEL,DAYLIGHT,,,3/23/2021 8:19:01 AM,False,7799,Accepted,
27918686,0568000,LOUISVILLE METRO POLICE DEPT,Accepted,JEFFERSON,,4910,3RD,ST,S,,,,,,,38.176006312,-85.767250882,1.575,3/22/2021 12:00:00 AM,0957,1,1,0,0,CLEAR,DRY,False,COLLISION WITH FIXED OBJECT NON - INTERSECTION - FIRST EVENT COLLISION 09 - 32 EXCLUDING 16,SINGLE VEHICLE,STRAIGHT & LEVEL,DAYLIGHT,,,3/23/2021 8:20:20 AM,False,5221,Accepted,
27941500,0568000,LOUISVILLE METRO POLICE DEPT,Accepted,JEFFERSON,KY1865,,NEW CUT,RD,,KY1142,PALATKA,,,,,38.150924291,-85.776405850,3.002,3/22/2021 12:00:00 AM,2024,2,2,0,1,CLEAR,DRY,False,OTHER INTERSECTION COLLISIONS,REAR END,STRAIGHT & LEVEL,DARK (UNKNOWN ROADWAY LIGHTING),,,3/29/2021 8:50:33 AM,False,7115,Accepted,
27914358,0568000,LOUISVILLE METRO POLICE DEPT,Accepted,JEFFERSON,KY0864,,POPLAR LEVEL,RD,,,INDIAN,,,,,38.171611113,-85.685021061,9.220,3/22/2021 12:00:00 AM,0145,1,1,0,0,CLEAR,DRY,True,COLLISION WITH FIXED OBJECT IN INTERSECTION - FIRST EVENT COLLISION 09 - 32,SINGLE VEHICLE,STRAIGHT & LEVEL,DARK-HWY LIGHTED/ON,,,3/22/2021 8:31:40 AM,False,5165,Accepted,
27914359,0568000,LOUISVILLE METRO POLICE DEPT,Accepted,JEFFERSON,,465,26TH,ST,N,,,,,,,38.269294257,-85.791027007,0.622,3/22/2021 12:00:00 AM,0253,1,1,0,0,CLEAR,DRY,False,COLLISION WITH FIXED OBJECT NON - INTERSECTION - FIRST EVENT COLLISION 09 - 32 EXCLUDING 16,SINGLE VEHICLE,STRAIGHT & LEVEL,DARK-HWY LIGHTED/ON,,,3/22/2021 8:31:43 AM,False,5362,Accepted,