IncidentID,AgencyORI,AgencyName,IncidentStatusDesc,County,RdwyNumber,Street,RoadwayName,StreetSfx,StreetDir,IntersectionRdwy,IntersectionRdwyName,BetweenStRdwy1,BetweenStRdwyName1,BetweenStRdwy2,BetweenStRdwyName2,Latitude,Longitude,Milepoint,CollisionDate,CollisionTime,UnitsInvolved,MotorVehiclesInvolved,NumberKilled,NumberInjured,Weather,RdwyConditionCode,HitandRun,DirAnalysisCode,MannerofCollision,RdwyCharacter,LightCondition,RampFromRdwyId,RampToRdwyId,AcceptedDate,IsSecondaryCollision,OwnerBadge,IncidentStatus,
28056423,0568000,LOUISVILLE METRO POLICE DEPT,Accepted,JEFFERSON,US0060A,,WINKLER,AVE,,,4TH,,,,,38.210335735,-85.764660015,3.072,3/22/2021 12:00:00 AM,1021,2,2,0,0,CLEAR,DRY,False,ANGLE COLLISION - OTHER,ANGLE,STRAIGHT & LEVEL,DAYLIGHT,,,4/26/2021 9:29:03 AM,False,5308,Accepted,
27950421,0568000,LOUISVILLE METRO POLICE DEPT,Accepted,JEFFERSON,KY1865,3901,TAYLOR,BLVD,,,,,,,,38.187787787,-85.783495571,5.574,3/21/2021 12:00:00 AM,0245,2,2,0,0,CLEAR,DRY,True,COLLISION IN PARKING LOT,BACKING,STRAIGHT & LEVEL,DARK-HWY LIGHTED/ON,,,3/31/2021 9:10:47 AM,False,5287,Accepted,
27985608,0568000,LOUISVILLE METRO POLICE DEPT,Accepted,JEFFERSON,,,THORNBERRY,AVE,,,UTAH,,,,,38.208136869,-85.781929397,0.516,3/21/2021 12:00:00 AM,1129,3,3,0,0,CLEAR,DRY,True,COLLISION WITH PARKED VEHICLE,ANGLE,STRAIGHT & LEVEL,DAYLIGHT,,,4/8/2021 8:40:10 AM,False,5349,Accepted,
27914344,0568000,LOUISVILLE METRO POLICE DEPT,Accepted,JEFFERSON,US0060,15360,SHELBYVILLE,RD,,,,,,,,38.236518589,-85.479595407,13.400,3/21/2021 12:00:00 AM,1527,2,2,0,3,CLEAR,DRY,False,1 VEHICLE ENTERING/LEAVING ENTRANCE,ANGLE,STRAIGHT & LEVEL,DAYLIGHT,,,3/22/2021 8:30:26 AM,False,6334,Accepted,
27914351,0568000,LOUISVILLE METRO POLICE DEPT,Accepted,JEFFERSON,,,FLORENCE,AVE,W,,6TH,,,,,38.191117832,-85.769919356,0.339,3/21/2021 12:00:00 AM,1329,2,2,0,1,CLEAR,DRY,False,ANGLE COLLISION - ONE VEHICLE TURNING LEFT,ANGLE,STRAIGHT & LEVEL,DAYLIGHT,,,3/22/2021 8:30:54 AM,False,5349,Accepted,
27914352,0568000,LOUISVILLE METRO POLICE DEPT,Accepted,JEFFERSON,US0031E,,BARDSTOWN,RD,,,DOUGLASS,,,,,38.224556525,-85.693931867,13.642,3/21/2021 12:00:00 AM,1945,2,1,0,1,CLEAR,DRY,False,COLLISION WITH PEDESTRIAN IN INTERSECTION,SINGLE VEHICLE,CURVE & LEVEL,DUSK,,,3/22/2021 8:30:58 AM,False,7916,Accepted,
27914349,0568000,LOUISVILLE METRO POLICE DEPT,Accepted,JEFFERSON,,,4TH,ST,S,US0060A,WINKLER,,,,,38.210166236,-85.764702237,3.235,3/21/2021 12:00:00 AM,1126,2,1,0,1,CLEAR,DRY,False,COLLISION WITH BICYCLE IN INTERSECTION,SINGLE VEHICLE,STRAIGHT & LEVEL,DAYLIGHT,,,3/22/2021 8:30:46 AM,False,5343,Accepted,
27914350,0568000,LOUISVILLE METRO POLICE DEPT,Accepted,JEFFERSON,KY1865,,NEW CUT,RD,,,,,,,,38.118469253,-85.776522288,0.553,3/21/2021 12:00:00 AM,0943,2,2,0,0,CLEAR,DRY,False,1 VEHICLE ENTERING/LEAVING ENTRANCE,ANGLE,STRAIGHT & LEVEL,DAYLIGHT,,,3/22/2021 8:30:50 AM,False,7483,Accepted,
27914342,0568000,LOUISVILLE METRO POLICE DEPT,Accepted,JEFFERSON,US0031E,,BARDSTOWN,RD,,,,,CREWS,KY1932,KY1932 TURN LANE,38.180624278,-85.625830875,8.628,3/21/2021 12:00:00 AM,1340,2,2,0,0,CLEAR,DRY,False,SIDESWIPE COLLISION - SAME DIRECTION,SIDESWIPE-SAME DIRECTION,STRAIGHT & LEVEL,DAYLIGHT,,,3/22/2021 8:30:17 AM,False,7448,Accepted,
27914326,0568000,LOUISVILLE METRO POLICE DEPT,Accepted,JEFFERSON,,,ORMSBY,AVE,E,,HANCOCK,,,,,38.230615975,-85.746065176,0.535,3/21/2021 12:00:00 AM,0052,3,3,0,0,CLEAR,DRY,True,COLLISION WITH PARKED VEHICLE,SIDESWIPE-SAME DIRECTION,STRAIGHT & LEVEL,DARK (UNKNOWN ROADWAY LIGHTING),,,3/22/2021 8:29:18 AM,False,5301,Accepted,
27928224,0568000,LOUISVILLE METRO POLICE DEPT,Accepted,JEFFERSON,US0150,,BROADWAY,,W,,13TH,,,,,38.247787672,-85.773290429,1.563,3/21/2021 12:00:00 AM,1230,2,1,0,1,CLEAR,DRY,True,OTHER INTERSECTION COLLISIONS,SINGLE VEHICLE,STRAIGHT & LEVEL,DAYLIGHT,,,3/25/2021 8:16:54 AM,False,5172,Accepted,
27928214,0568000,LOUISVILLE METRO POLICE DEPT,Accepted,JEFFERSON,US0031W,,DIXIE,HWY,,US0031W,US31W RAMP FROM KY841,,,,,38.093893243,-85.874837798,7.603,3/21/2021 12:00:00 AM,1256,2,2,0,1,CLEAR,DRY,False,OTHER INTERSECTION COLLISIONS,REAR END,CURVE & LEVEL,DAYLIGHT,,,3/25/2021 8:16:22 AM,False,2311,Accepted,
27928203,0568000,LOUISVILLE METRO POLICE DEPT,Accepted,JEFFERSON,,4411,NEWPORT,RD,,,,,,,,38.178252795,-85.639822529,0.054,3/21/2021 12:00:00 AM,0311,1,1,0,0,CLEAR,DRY,False,COLLISION IN PARKING LOT,SINGLE VEHICLE,STRAIGHT & LEVEL,UNKNOWN,,,3/25/2021 8:15:35 AM,False,5153,Accepted,
27950394,0568000,LOUISVILLE METRO POLICE DEPT,Accepted,JEFFERSON,KY1865,4600B,TAYLOR,BLVD,,,ARLING,,,,,38.173438659,-85.782192225,4.599,3/21/2021 12:00:00 AM,1900,2,2,0,1,CLEAR,DRY,False,OPPOSING LEFT TURN,OPPOSING LEFT TURN,STRAIGHT & LEVEL,DUSK,,,3/31/2021 9:08:49 AM,False,5367,Accepted,
27914347,0568000,LOUISVILLE METRO POLICE DEPT,Accepted,JEFFERSON,US0031W,,DIXIE,HWY,,,ALANADALE,,,,,38.109300573,-85.865637371,8.763,3/21/2021 12:00:00 AM,0952,2,2,0,2,CLEAR,DRY,False,OPPOSING LEFT TURN,OPPOSING LEFT TURN,STRAIGHT & LEVEL,DAYLIGHT,,,3/22/2021 8:30:38 AM,False,5344,Accepted,
27914348,0568000,LOUISVILLE METRO POLICE DEPT,Accepted,JEFFERSON,KY0061,,PRESTON,HWY,,,,,VINEWOOD,,BENNETT,38.165033876,-85.702625475,6.004,3/21/2021 12:00:00 AM,1406,2,2,0,1,CLEAR,DRY,False,REAR END IN TRAFFIC LANES BOTH VEHICLES MOVING,REAR END,STRAIGHT & LEVEL,DAYLIGHT,,,3/22/2021 8:30:42 AM,False,7451,Accepted,
27945962,0568000,LOUISVILLE METRO POLICE DEPT,Accepted,JEFFERSON,,,RALPH,AVE,,I 0264,I264 E EXIT5A OFF RAMP TO KY1934,,,,,38.209417185,-85.828193425,1.718,3/21/2021 12:00:00 AM,1822,2,2,0,1,CLEAR,DRY,True,SIDESWIPE-SAME DIRECTION,SIDESWIPE-SAME DIRECTION,STRAIGHT & LEVEL,DAYLIGHT,,,3/30/2021 8:10:02 AM,True,5257,Accepted,
27914340,0568000,LOUISVILLE METRO POLICE DEPT,Accepted,JEFFERSON,US0031E,,BARDSTOWN,RD,,,BUECHEL,,,,,38.188323593,-85.639838968,9.545,3/21/2021 12:00:00 AM,1005,2,2,0,0,CLEAR,DRY,False,OTHER INTERSECTION COLLISIONS,REAR END,STRAIGHT & LEVEL,DAYLIGHT,,,3/22/2021 8:30:12 AM,False,7739,Accepted,
27914345,0568000,LOUISVILLE METRO POLICE DEPT,Accepted,JEFFERSON,,,MAGAZINE,ST,,,16TH,,,,,38.249827999,-85.777971109,0.593,3/21/2021 12:00:00 AM,1449,2,2,0,0,CLEAR,DRY,True,ANGLE COLLISION - OTHER,ANGLE,STRAIGHT & LEVEL,DAYLIGHT,,,3/22/2021 8:30:30 AM,False,5124,Accepted,
27914346,0568000,LOUISVILLE METRO POLICE DEPT,Accepted,JEFFERSON,US0031W,10316,DIXIE,HWY,,,,,,,,38.103434432,-85.869397462,8.310,3/21/2021 12:00:00 AM,1614,2,2,0,0,CLEAR,DRY,False,COLLISION IN PARKING LOT,BACKING,STRAIGHT & LEVEL,DAYLIGHT,,,3/22/2021 8:30:34 AM,False,7234,Accepted,
27914353,0568000,LOUISVILLE METRO POLICE DEPT,Accepted,JEFFERSON,KY1727,,TERRY,RD,,,MILLER PARK,,,,,38.139713011,-85.872732564,1.244,3/21/2021 12:00:00 AM,2311,3,3,0,2,CLEAR,DRY,False,OTHER INTERSECTION COLLISIONS,REAR END,STRAIGHT & LEVEL,DARK-HWY LIGHTED/OFF,,,3/22/2021 8:31:20 AM,False,2721,Accepted,
27914330,0568000,LOUISVILLE METRO POLICE DEPT,Accepted,JEFFERSON,KY0155,,TAYLORSVILLE,RD,,,,,POPE LICK,KY2265,ROUTT,38.190795671,-85.486811184,4.870,3/21/2021 12:00:00 AM,0339,2,2,0,0,CLEAR,DRY,False,SIDESWIPE COLLISION - OPPOSITE DIRECTION,SIDESWIPE-OPPOSITE DIRECTION,STRAIGHT & HILLCREST,DARK-HWY NOT LIGHTED,,,3/22/2021 8:29:33 AM,False,7735,Accepted,
27914331,0568000,LOUISVILLE METRO POLICE DEPT,Accepted,JEFFERSON,,,MUHAMMAD ALI,BLVD,W,,24TH,,,,,38.255212710,-85.794238985,2.291,3/21/2021 12:00:00 AM,0342,2,2,0,0,CLEAR,DRY,False,ANGLE COLLISION - OTHER,ANGLE,STRAIGHT & LEVEL,DARK-HWY LIGHTED/ON,,,3/22/2021 8:29:37 AM,False,5362,Accepted,
27914332,0568000,LOUISVILLE METRO POLICE DEPT,Accepted,JEFFERSON,US0031W,,DR W J HODGE,ST,,,OSAGE,,,,,38.239195608,-85.788215288,18.976,3/21/2021 12:00:00 AM,0039,2,2,0,0,CLEAR,DRY,False,ANGLE COLLISION - OTHER,ANGLE,STRAIGHT & LEVEL,DARK-HWY LIGHTED/ON,,,3/22/2021 8:29:41 AM,False,5261,Accepted,
27928200,0568000,LOUISVILLE METRO POLICE DEPT,Accepted,JEFFERSON,,,ROGER E SCHUPP,ST,,,,,,,,38.225084850,-85.655787733,0.276,3/21/2021 12:00:00 AM,1811,1,1,0,0,CLEAR,DRY,False,COLLISION WITH FIXED OBJECT NON - INTERSECTION - FIRST EVENT COLLISION 09 - 32 EXCLUDING 16,SINGLE VEHICLE,STRAIGHT & LEVEL,DAYLIGHT,,,3/25/2021 8:15:20 AM,False,2738,Accepted,
27928211,0568000,LOUISVILLE METRO POLICE DEPT,Accepted,JEFFERSON,,,HILL,ST,W,,,,23RD,,25TH,38.229569481,-85.795531162,2.129,3/21/2021 12:00:00 AM,1830,2,2,0,1,CLEAR,DRY,False,OTHER ROADWAY OR MID-BLOCK COLLISION,OPPOSING LEFT TURN,STRAIGHT & LEVEL,DAYLIGHT,,,3/25/2021 8:16:11 AM,False,2469,Accepted,
27914363,0568000,LOUISVILLE METRO POLICE DEPT,Accepted,JEFFERSON,,,3RD,ST,S,,WOODLAWN,,,,,38.181722919,-85.766189474,1.307,3/21/2021 12:00:00 AM,1956,2,2,0,0,CLEAR,DRY,False,COLLISION WITH FIXED OBJECT IN INTERSECTION - FIRST EVENT COLLISION 09 - 32,HEAD ON,STRAIGHT & LEVEL,OTHER,,,3/22/2021 8:31:57 AM,False,5324,Accepted,
27914357,0568000,LOUISVILLE METRO POLICE DEPT,Accepted,JEFFERSON,,,CHESTNUT,ST,E,,1ST,,,,,38.248448808,-85.752920445,0.003,3/21/2021 12:00:00 AM,2311,2,2,0,1,CLEAR,DRY,True,ANGLE COLLISION - OTHER,ANGLE,STRAIGHT & LEVEL,DARK-HWY LIGHTED/ON,,,3/22/2021 8:31:37 AM,False,5135,Accepted,
29928451,0568000,LOUISVILLE METRO POLICE DEPT,Accepted,JEFFERSON,I 0071,,I71 N,,,,,I 0071,I71 N EXIT2 ON RAMP FROM  ZORN AVE,,INDIAN HILLS,38.278484391,-85.691398834,2.197,3/21/2021 12:00:00 AM,2103,1,1,0,0,CLEAR,DRY,False,OTHER ROADWAY OR MID-BLOCK COLLISION,SINGLE VEHICLE,STRAIGHT & LEVEL,DARK-HWY NOT LIGHTED,,,4/12/2022 11:08:10 AM,False,2816,Accepted,
28304643,0568000,LOUISVILLE METRO POLICE DEPT,Accepted,JEFFERSON,KY0061,,JACKSON,ST,S,,,US0031E,MAIN,US0031E,MARKET,38.254406794,-85.743982067,12.934,3/20/2021 12:00:00 AM,1615,2,2,0,0,CLEAR,DRY,False,SIDESWIPE COLLISION - SAME DIRECTION,SIDESWIPE-SAME DIRECTION,STRAIGHT & LEVEL,DAYLIGHT,,,6/28/2021 8:36:17 AM,False,6360,Accepted,
27918685,0568000,LOUISVILLE METRO POLICE DEPT,Accepted,JEFFERSON,KY1020,,SOUTHERN,PKWY,,,KENTON,,,,,38.198189484,-85.766916787,8.957,3/20/2021 12:00:00 AM,1847,3,3,0,1,CLEAR,DRY,False,ANGLE COLLISION - OTHER,ANGLE,STRAIGHT & LEVEL,DAYLIGHT,,,3/23/2021 8:20:15 AM,False,5123,Accepted,
27928202,0568000,LOUISVILLE METRO POLICE DEPT,Accepted,JEFFERSON,,,GARLAND,AVE,,,DEARBORN,,,,,38.246314265,-85.814050892,2.579,3/20/2021 12:00:00 AM,1330,2,2,0,0,CLOUDY,DRY,True,COLLISION WITH PARKED VEHICLE,OPPOSING LEFT TURN,STRAIGHT & LEVEL,DAYLIGHT,,,3/25/2021 8:15:30 AM,False,5160,Accepted,
27914304,0568000,LOUISVILLE METRO POLICE DEPT,Accepted,JEFFERSON,,1331,15TH,ST,S,,,,,,,38.233336369,-85.778958108,0.540,3/20/2021 12:00:00 AM,0130,1,1,0,0,CLEAR,DRY,False,OTHER ROADWAY OR MID-BLOCK COLLISION,SINGLE VEHICLE,STRAIGHT & LEVEL,DARK-HWY LIGHTED/ON,,,3/22/2021 8:28:09 AM,False,5256,Accepted,
27914306,0568000,LOUISVILLE METRO POLICE DEPT,Accepted,JEFFERSON,KY0864,4646,POPLAR LEVEL,RD,,,,,,,,38.181394222,-85.696257183,10.165,3/20/2021 12:00:00 AM,0621,1,1,0,2,CLEAR,DRY,False,COLLISION WITH FIXED OBJECT NON - INTERSECTION - FIRST EVENT COLLISION 09 - 32 EXCLUDING 16,SINGLE VEHICLE,STRAIGHT & LEVEL,DARK-HWY LIGHTED/ON,,,3/22/2021 8:28:12 AM,False,5174,Accepted,
27914354,0568000,LOUISVILLE METRO POLICE DEPT,Accepted,JEFFERSON,,,MARKET,ST,W,,26TH,,,,,38.259511831,-85.793638852,0.395,3/20/2021 12:00:00 AM,1831,2,2,0,0,CLEAR,DRY,False,ANGLE COLLISION - ONE VEHICLE TURNING RIGHT,ANGLE,STRAIGHT & LEVEL,DAYLIGHT,,,3/22/2021 8:31:26 AM,False,5338,Accepted,
27941568,0568000,LOUISVILLE METRO POLICE DEPT,Accepted,JEFFERSON,,,18TH,ST,N,,DUNCAN,,,,,38.261849378,-85.779264107,0.144,3/20/2021 12:00:00 AM,1645,2,2,0,1,CLEAR,DRY,False,ANGLE COLLISION - OTHER,ANGLE,STRAIGHT & LEVEL,DAYLIGHT,,,3/29/2021 9:00:34 AM,False,7405,Accepted,
27914339,0568000,LOUISVILLE METRO POLICE DEPT,Accepted,JEFFERSON,KY0841,,GENE SNYDER,FWY,,,,,,,,38.110024967,-85.804589324,4.378,3/20/2021 12:00:00 AM,1006,1,1,1,0,CLEAR,DRY,False,COLLISION WITH FIXED OBJECT NON - INTERSECTION - FIRST EVENT COLLISION 09 - 32 EXCLUDING 16,SINGLE VEHICLE,STRAIGHT & LEVEL,DAYLIGHT,,,3/22/2021 8:30:07 AM,False,7772,Accepted,
27914312,0568000,LOUISVILLE METRO POLICE DEPT,Accepted,JEFFERSON,,224,OAK,ST,E,,,,,,,38.234343175,-85.752642824,0.147,3/20/2021 12:00:00 AM,1650,3,3,0,0,CLEAR,DRY,False,OTHER ROADWAY OR MID-BLOCK COLLISION,REAR END,STRAIGHT & LEVEL,DAYLIGHT,,,3/22/2021 8:28:33 AM,False,7441,Accepted,
27914313,0568000,LOUISVILLE METRO POLICE DEPT,Accepted,JEFFERSON,,,BRISCOE,LN,,,CRESTHAVEN,,,,,38.143083293,-85.642431471,0.949,3/20/2021 12:00:00 AM,0815,1,1,0,0,CLEAR,DRY,False,COLLISION WITH FIXED OBJECT IN INTERSECTION - FIRST EVENT COLLISION 09 - 32,SINGLE VEHICLE,CURVE & HILLCREST,DAWN,,,3/22/2021 8:28:37 AM,False,7484,Accepted,
27914314,0568000,LOUISVILLE METRO POLICE DEPT,Accepted,JEFFERSON,KY0061,,PRESTON,HWY,,,BATES,,,,,38.140522100,-85.687967178,4.108,3/20/2021 12:00:00 AM,1709,2,2,0,0,CLEAR,DRY,False,ANGLE COLLISION - OTHER,ANGLE,STRAIGHT & LEVEL,DAYLIGHT,,,3/22/2021 8:28:40 AM,False,7484,Accepted,
27914320,0568000,LOUISVILLE METRO POLICE DEPT,Accepted,JEFFERSON,KY0146,,LA GRANGE,RD,,,,,,,,38.292679949,-85.509596291,7.852,3/20/2021 12:00:00 AM,1814,4,4,0,0,CLEAR,DRY,False,OTHER ROADWAY OR MID-BLOCK COLLISION,REAR END,STRAIGHT & LEVEL,DAYLIGHT,,,3/22/2021 8:28:54 AM,False,2218,Accepted,
27914321,0568000,LOUISVILLE METRO POLICE DEPT,Accepted,JEFFERSON,US0042,,BROWNSBORO,RD,,,HALDEMAN,,,,,38.259398936,-85.710533677,1.360,3/20/2021 12:00:00 AM,2059,1,1,0,0,CLEAR,DRY,True,COLLISION WITH FIXED OBJECT IN INTERSECTION - FIRST EVENT COLLISION 09 - 32,SINGLE VEHICLE,STRAIGHT & LEVEL,DARK-HWY NOT LIGHTED,,,3/22/2021 8:28:58 AM,False,7219,Accepted,
27914322,0568000,LOUISVILLE METRO POLICE DEPT,Accepted,JEFFERSON,US0031W,,DIXIE,HWY,,,KERRICK,,,,,38.153478077,-85.835987518,12.268,3/20/2021 12:00:00 AM,2136,3,3,0,0,CLEAR,DRY,False,ANGLE COLLISION - OTHER,ANGLE,STRAIGHT & LEVEL,DARK-HWY LIGHTED/ON,,,3/22/2021 8:29:01 AM,False,5212,Accepted,
27914323,0568000,LOUISVILLE METRO POLICE DEPT,Accepted,JEFFERSON,,,INVICTA,DR,,,,,LESABRE,,BRICK KILN,38.168163966,-85.822733542,0.082,3/20/2021 12:00:00 AM,2230,2,2,0,0,CLEAR,DRY,False,1 VEHICLE PARKED POSITION (NOT PARKING LOT/DRIVEWAY),BACKING,STRAIGHT & LEVEL,DARK-HWY NOT LIGHTED,,,3/22/2021 8:29:06 AM,False,7980,Accepted,
27914328,0568000,LOUISVILLE METRO POLICE DEPT,Accepted,JEFFERSON,US0031W,,DIXIE,HWY,,,WILART,,,,,38.219301127,-85.794087928,17.315,3/20/2021 12:00:00 AM,2330,2,2,0,2,CLEAR,DRY,False,OPPOSING LEFT TURN,OPPOSING LEFT TURN,STRAIGHT & GRADE,DARK-HWY LIGHTED/ON,,,3/22/2021 8:29:25 AM,False,5347,Accepted,
27914329,0568000,LOUISVILLE METRO POLICE DEPT,Accepted,JEFFERSON,I 0065,,I65 S,,,,,,,I 0065,I65 S EXIT128 OFF RAMP TO KY1631,38.173358305,-85.720440161,129.395,3/20/2021 12:00:00 AM,2133,2,2,0,0,CLEAR,DRY,False,SIDESWIPE COLLISION - SAME DIRECTION,SIDESWIPE-SAME DIRECTION,STRAIGHT & LEVEL,DARK-HWY LIGHTED/ON,,,3/22/2021 8:29:29 AM,False,5336,Accepted,
27914362,0568000,LOUISVILLE METRO POLICE DEPT,Accepted,JEFFERSON,,,SOUTHWESTERN,PKWY,,,GREENWOOD,,,,,38.244861013,-85.829928327,1.678,3/20/2021 12:00:00 AM,2032,2,2,0,1,CLEAR,DRY,False,OTHER INTERSECTION COLLISIONS,REAR END,STRAIGHT & LEVEL,DUSK,,,3/22/2021 8:31:54 AM,False,7309,Accepted,
27914327,0568000,LOUISVILLE METRO POLICE DEPT,Accepted,JEFFERSON,,,24TH,ST,S,,CHESTNUT,,,,,38.252715234,-85.791879294,0.534,3/20/2021 12:00:00 AM,0116,2,2,0,1,CLEAR,DRY,False,ANGLE COLLISION - OTHER,ANGLE,STRAIGHT & LEVEL,DARK-HWY LIGHTED/ON,,,3/22/2021 8:29:22 AM,False,5172,Accepted,
27914333,0568000,LOUISVILLE METRO POLICE DEPT,Accepted,JEFFERSON,KY2052,,SHEPHERDSVILLE,RD,,KY1703,NEWBURG,,,,,38.178718532,-85.659281436,2.773,3/20/2021 12:00:00 AM,0608,2,2,0,0,CLEAR,DRY,False,OPPOSITE DIRECTION - BOTH VEHICLES GOING STRAIGHT AHEAD,SIDESWIPE-OPPOSITE DIRECTION,STRAIGHT & LEVEL,DARK-HWY LIGHTED/OFF,,,3/22/2021 8:29:45 AM,False,5182,Accepted,
27914334,0568000,LOUISVILLE METRO POLICE DEPT,Accepted,JEFFERSON,,,BRECKINRIDGE,ST,E,,BROOK,,,,,38.241174398,-85.752476171,1.509,3/20/2021 12:00:00 AM,1914,2,2,0,0,CLEAR,DRY,False,SIDESWIPE-SAME DIRECTION,SIDESWIPE-SAME DIRECTION,STRAIGHT & LEVEL,DAYLIGHT,,,3/22/2021 8:29:49 AM,False,5236,Accepted,
27914335,0568000,LOUISVILLE METRO POLICE DEPT,Accepted,JEFFERSON,,,JEFFERSON HILL,RD,,,,,TOP HILL,,LONESOME HOLLOW,38.082257548,-85.795763443,2.158,3/20/2021 12:00:00 AM,2218,1,1,0,0,CLEAR,DRY,False,COLLISION WITH FIXED OBJECT NON - INTERSECTION - FIRST EVENT COLLISION 09 - 32 EXCLUDING 16,SINGLE VEHICLE,CURVE & GRADE,DARK-HWY NOT LIGHTED,,,3/22/2021 8:29:52 AM,False,5220,Accepted,
27914336,0568000,LOUISVILLE METRO POLICE DEPT,Accepted,JEFFERSON,US0150,,DR W J HODGE,ST,,US0031W,MAIN,,,,,38.259750660,-85.784629368,0.762,3/20/2021 12:00:00 AM,1544,2,2,0,0,CLEAR,DRY,False,SIDESWIPE-SAME DIRECTION,SIDESWIPE-SAME DIRECTION,STRAIGHT & LEVEL,DAYLIGHT,,,3/22/2021 8:29:55 AM,False,5124,Accepted,
27914310,0568000,LOUISVILLE METRO POLICE DEPT,Accepted,JEFFERSON,KY0841,,GENE SNYDER,FWY,,,,,,,,38.100986088,-85.822108297,3.225,3/20/2021 12:00:00 AM,1519,2,2,0,1,CLEAR,DRY,False,SIDESWIPE COLLISION - SAME DIRECTION,SIDESWIPE-SAME DIRECTION,STRAIGHT & LEVEL,DAYLIGHT,,,3/22/2021 8:28:26 AM,False,7202,Accepted,
27914316,0568000,LOUISVILLE METRO POLICE DEPT,Accepted,JEFFERSON,KY1865,,TAYLOR,BLVD,,,CAMDEN,,,,,38.192520567,-85.783227954,5.933,3/20/2021 12:00:00 AM,1305,2,2,0,0,CLEAR,DRY,True,OPPOSING LEFT TURN,OPPOSING LEFT TURN,STRAIGHT & LEVEL,DAYLIGHT,,,3/22/2021 8:28:44 AM,False,5252,Accepted,
27914317,0568000,LOUISVILLE METRO POLICE DEPT,Accepted,JEFFERSON,KY0907,8715,3RD ST,RD,,,,,,,,38.116521088,-85.811552215,3.354,3/20/2021 12:00:00 AM,1659,1,1,0,1,CLEAR,DRY,False,COLLISION WITH FIXED OBJECT NON - INTERSECTION - FIRST EVENT COLLISION 09 - 32 EXCLUDING 16,SINGLE VEHICLE,CURVE & HILLCREST,DAYLIGHT,,,3/22/2021 8:28:47 AM,False,5344,Accepted,
27914318,0568000,LOUISVILLE METRO POLICE DEPT,Accepted,JEFFERSON,KY1065,,OUTER,LOOP,,KY1020,NATIONAL,,,,,38.127031524,-85.748957438,2.519,3/20/2021 12:00:00 AM,1820,3,3,0,0,CLEAR,DRY,False,SIDESWIPE-SAME DIRECTION,SIDESWIPE-SAME DIRECTION,STRAIGHT & LEVEL,DAYLIGHT,,,3/22/2021 8:28:50 AM,False,7483,Accepted,
27914325,0568000,LOUISVILLE METRO POLICE DEPT,Accepted,JEFFERSON,KY1865,,TAYLOR,BLVD,,,ASHLAND,,,,,38.186660775,-85.783816816,5.531,3/20/2021 12:00:00 AM,2207,2,2,0,0,CLEAR,DRY,False,OPPOSING LEFT TURN,OPPOSING LEFT TURN,STRAIGHT & LEVEL,DARK-HWY LIGHTED/ON,,,3/22/2021 8:29:15 AM,False,5287,Accepted,
27914302,0568000,LOUISVILLE METRO POLICE DEPT,Accepted,JEFFERSON,KY1230,11924,LOWER RIVER,RD,,,,,SCENIC,,ORELL,38.081002443,-85.900774206,1.341,3/20/2021 12:00:00 AM,0206,1,1,0,0,CLEAR,DRY,False,COLLISION WITH FIXED OBJECT NON - INTERSECTION - FIRST EVENT COLLISION 09 - 32 EXCLUDING 16,SINGLE VEHICLE,STRAIGHT & LEVEL,DARK-HWY NOT LIGHTED,,,3/22/2021 8:28:01 AM,False,5211,Accepted,
27972271,0568000,LOUISVILLE METRO POLICE DEPT,Accepted,JEFFERSON,KY0155,,TAYLORSVILLE,RD,,KY2048,DUTCHMANS,,,,,38.222210360,-85.658376586,15.105,3/20/2021 12:00:00 AM,1500,3,3,0,1,CLEAR,DRY,False,HEAD-ON COLLISION,HEAD ON,STRAIGHT & LEVEL,DAYLIGHT,,,4/5/2021 8:55:01 AM,False,7793,Accepted,
27914308,0568000,LOUISVILLE METRO POLICE DEPT,Accepted,JEFFERSON,,,WINTER,AVE,,,BARRET,,,,,38.235731335,-85.727649991,0.291,3/19/2021 12:00:00 AM,1807,2,2,0,0,CLEAR,DRY,False,SIDESWIPE-SAME DIRECTION,SIDESWIPE-SAME DIRECTION,STRAIGHT & LEVEL,DAYLIGHT,,,3/22/2021 8:28:19 AM,False,7129,Accepted,
27914284,0568000,LOUISVILLE METRO POLICE DEPT,Accepted,JEFFERSON,,1389,LEXINGTON,RD,,,,,,,,38.250640585,-85.720917639,0.720,3/19/2021 12:00:00 AM,1252,2,2,0,0,CLEAR,DRY,False,COLLISION IN PARKING LOT,BACKING,STRAIGHT & LEVEL,DAYLIGHT,,,3/22/2021 8:27:16 AM,False,7129,Accepted,
27914285,0568000,LOUISVILLE METRO POLICE DEPT,Accepted,JEFFERSON,US0031W,,DIXIE,HWY,,,,,,,,38.055880032,-85.890949953,4.784,3/19/2021 12:00:00 AM,1433,2,2,0,2,CLEAR,DRY,False,HEAD-ON COLLISION,HEAD ON,STRAIGHT & LEVEL,DAYLIGHT,,,3/22/2021 8:27:20 AM,False,7234,Accepted,