IncidentID,AgencyORI,AgencyName,IncidentStatusDesc,County,RdwyNumber,Street,RoadwayName,StreetSfx,StreetDir,IntersectionRdwy,IntersectionRdwyName,BetweenStRdwy1,BetweenStRdwyName1,BetweenStRdwy2,BetweenStRdwyName2,Latitude,Longitude,Milepoint,CollisionDate,CollisionTime,UnitsInvolved,MotorVehiclesInvolved,NumberKilled,NumberInjured,Weather,RdwyConditionCode,HitandRun,DirAnalysisCode,MannerofCollision,RdwyCharacter,LightCondition,RampFromRdwyId,RampToRdwyId,AcceptedDate,IsSecondaryCollision,OwnerBadge,IncidentStatus,
27914286,0568000,LOUISVILLE METRO POLICE DEPT,Accepted,JEFFERSON,KY0841,,GENE SNYDER,FWY,,,,,,,,38.104560780,-85.816460831,3.622,3/19/2021 12:00:00 AM,1655,2,2,0,0,CLEAR,DRY,False,REAR END IN TRAFFIC LANES BOTH VEHICLES MOVING,REAR END,STRAIGHT & LEVEL,DAYLIGHT,,,3/22/2021 8:27:24 AM,False,7234,Accepted,
27914291,0568000,LOUISVILLE METRO POLICE DEPT,Accepted,JEFFERSON,KY1020,,2ND,ST,S,,HILL,,,,,38.225640322,-85.758621947,10.693,3/19/2021 12:00:00 AM,0856,2,2,0,1,CLEAR,DRY,False,SIDESWIPE-SAME DIRECTION,SIDESWIPE-SAME DIRECTION,STRAIGHT & LEVEL,DAYLIGHT,,,3/22/2021 8:27:39 AM,False,5111,Accepted,
27914292,0568000,LOUISVILLE METRO POLICE DEPT,Accepted,JEFFERSON,KY1865,,NEW CUT,RD,,,GHEENS,,,,,38.165062484,-85.780076342,4.005,3/19/2021 12:00:00 AM,0956,2,2,0,0,CLEAR,DRY,False,OTHER INTERSECTION COLLISIONS,REAR END,STRAIGHT & LEVEL,DAYLIGHT,,,3/22/2021 8:27:42 AM,False,7483,Accepted,
27914294,0568000,LOUISVILLE METRO POLICE DEPT,Accepted,JEFFERSON,KY1747,,HURSTBOURNE,PKWY,N,KY1447,WESTPORT,,,,,38.287588955,-85.572400104,17.039,3/19/2021 12:00:00 AM,0748,2,2,0,0,CLOUDY,DRY,False,OPPOSING LEFT TURN,OPPOSING LEFT TURN,STRAIGHT & LEVEL,DAYLIGHT,,,3/22/2021 8:27:46 AM,False,7751,Accepted,
27914300,0568000,LOUISVILLE METRO POLICE DEPT,Accepted,JEFFERSON,KY1931,,ST ANDREWS CHURCH,RD,,,ARNOLDTOWN,,,,,38.149487001,-85.824075408,4.122,3/19/2021 12:00:00 AM,2150,2,2,0,0,CLEAR,DRY,False,OTHER INTERSECTION COLLISIONS,REAR END,STRAIGHT & LEVEL,DARK-HWY LIGHTED/ON,,,3/22/2021 8:27:53 AM,False,5212,Accepted,
27914301,0568000,LOUISVILLE METRO POLICE DEPT,Accepted,JEFFERSON,,,CHESTNUT,ST,W,KY1020,2ND,,,,,38.248582108,-85.754568933,2.546,3/19/2021 12:00:00 AM,1918,3,3,0,3,CLEAR,DRY,False,ANGLE COLLISION - OTHER,ANGLE,CURVE & LEVEL,DAYLIGHT,,,3/22/2021 8:27:57 AM,False,5372,Accepted,
27914324,0568000,LOUISVILLE METRO POLICE DEPT,Accepted,JEFFERSON,,,3RD,ST,S,,FAIRMONT,,,,,38.195394802,-85.765070033,0.366,3/19/2021 12:00:00 AM,1929,2,2,0,0,CLEAR,DRY,False,ANGLE COLLISION - OTHER,ANGLE,STRAIGHT & LEVEL,DUSK,,,3/22/2021 8:29:10 AM,False,7291,Accepted,
27904740,0568000,LOUISVILLE METRO POLICE DEPT,Accepted,JEFFERSON,,4107,GLEN HILL MANOR,DR,,,GRAFTON HALL,,,,,38.092957355,-85.856731154,0.281,3/19/2021 12:00:00 AM,0300,1,1,0,0,RAINING,WET,False,OTHER INTERSECTION COLLISIONS,SINGLE VEHICLE,STRAIGHT & GRADE,DARK (UNKNOWN ROADWAY LIGHTING),,,3/19/2021 9:26:39 AM,False,5223,Accepted,
27914282,0568000,LOUISVILLE METRO POLICE DEPT,Accepted,JEFFERSON,KY0864,,POPLAR LEVEL,RD,,,,,,,,38.215127907,-85.724116345,12.997,3/19/2021 12:00:00 AM,1104,2,2,0,1,CLEAR,DRY,False,1 VEHICLE ENTERING/LEAVING ENTRANCE,ANGLE,STRAIGHT & GRADE,DAYLIGHT,,,3/22/2021 8:27:06 AM,False,4693,Accepted,
27914360,0568000,LOUISVILLE METRO POLICE DEPT,Accepted,JEFFERSON,,101,5TH,ST,S,,,US0031W,MAIN,US0031W,MARKET,38.256754114,-85.758187002,3.805,3/19/2021 12:00:00 AM,1917,1,1,0,0,CLEAR,DRY,False,COLLISION WITH FIXED OBJECT NON - INTERSECTION - FIRST EVENT COLLISION 09 - 32 EXCLUDING 16,SINGLE VEHICLE,STRAIGHT & GRADE,DAYLIGHT,,,3/22/2021 8:31:47 AM,False,5199,Accepted,
27904739,0568000,LOUISVILLE METRO POLICE DEPT,Accepted,JEFFERSON,,,WILSON,AVE,,,HILL,,,,,38.230803845,-85.803313622,1.629,3/19/2021 12:00:00 AM,0530,1,1,0,0,CLEAR,DRY,False,COLLISION WITH FIXED OBJECT IN INTERSECTION - FIRST EVENT COLLISION 09 - 32,SINGLE VEHICLE,STRAIGHT & LEVEL,DARK-HWY LIGHTED/ON,,,3/19/2021 9:26:36 AM,False,7312,Accepted,
27914287,0568000,LOUISVILLE METRO POLICE DEPT,Accepted,JEFFERSON,KY1065,,OUTER,LOOP,,,GRADE,,,,,38.129969716,-85.737139421,3.187,3/19/2021 12:00:00 AM,1445,3,3,0,0,CLEAR,DRY,True,ANGLE COLLISION - OTHER,ANGLE,STRAIGHT & HILLCREST,DAYLIGHT,,,3/22/2021 8:27:28 AM,False,7269,Accepted,
27904735,0568000,LOUISVILLE METRO POLICE DEPT,Accepted,JEFFERSON,I 0065,,I65 S,,,,,,,,,38.257293494,-85.742369479,136.313,3/19/2021 12:00:00 AM,0102,1,1,0,1,RAINING,WET,False,OTHER ROADWAY OR MID-BLOCK COLLISION,SINGLE VEHICLE,STRAIGHT & LEVEL,DARK-HWY LIGHTED/ON,,,3/19/2021 9:26:21 AM,False,5008,Accepted,
27914280,0568000,LOUISVILLE METRO POLICE DEPT,Accepted,JEFFERSON,KY1450,,BLUE LICK,RD,,,,,,,,38.133649534,-85.684387997,3.527,3/19/2021 12:00:00 AM,0812,2,2,0,0,CLEAR,DRY,False,1 VEHICLE ENTERING/LEAVING ENTRANCE,ANGLE,STRAIGHT & LEVEL,DAYLIGHT,,,3/22/2021 8:26:58 AM,False,4693,Accepted,
27914289,0568000,LOUISVILLE METRO POLICE DEPT,Accepted,JEFFERSON,KY0907,,SOUTHSIDE,DR,,KY1865,NEW CUT,,,,,38.145816813,-85.775257383,6.310,3/19/2021 12:00:00 AM,1717,2,2,0,0,CLEAR,DRY,True,OPPOSITE DIRECTION - BOTH VEHICLES GOING STRAIGHT AHEAD,SIDESWIPE-OPPOSITE DIRECTION,STRAIGHT & LEVEL,DAYLIGHT,,,3/22/2021 8:27:32 AM,False,7202,Accepted,
27914298,0568000,LOUISVILLE METRO POLICE DEPT,Accepted,JEFFERSON,,,7TH,ST,S,,,,INDUSTRY,KY2054,ALGONQUIN,38.220229372,-85.777117517,0.018,3/19/2021 12:00:00 AM,1030,2,2,0,0,CLEAR,DRY,False,1 VEHICLE ENTERING/LEAVING ENTRANCE,ANGLE,STRAIGHT & LEVEL,DAYLIGHT,,,3/22/2021 8:27:49 AM,False,2469,Accepted,
27914338,0568000,LOUISVILLE METRO POLICE DEPT,Accepted,JEFFERSON,,,BAUER,AVE,,,,,,,,38.251129373,-85.660444271,0.188,3/19/2021 12:00:00 AM,1615,2,2,0,0,CLEAR,DRY,False,1 VEHICLE ENTERING/LEAVING ENTRANCE,ANGLE,STRAIGHT & LEVEL,DAYLIGHT,,,3/22/2021 8:30:03 AM,False,2738,Accepted,
27945965,0568000,LOUISVILLE METRO POLICE DEPT,Accepted,JEFFERSON,,,BUECHEL BANK,RD,,,,,,,,38.178051107,-85.651604326,1.144,3/19/2021 12:00:00 AM,1148,2,2,0,0,CLEAR,DRY,True,SIDESWIPE COLLISION - SAME DIRECTION,SIDESWIPE-SAME DIRECTION,CURVE & LEVEL,DAYLIGHT,,,3/30/2021 8:10:23 AM,False,5159,Accepted,
28042699,0568000,LOUISVILLE METRO POLICE DEPT,Accepted,JEFFERSON,,4221,NORTHWESTERN,PKWY,,,,,,,,38.273271235,-85.815958247,2.124,3/19/2021 12:00:00 AM,1057,2,2,0,1,CLEAR,DRY,False,SIDESWIPE COLLISION - SAME DIRECTION,SIDESWIPE-SAME DIRECTION,STRAIGHT & LEVEL,DAYLIGHT,,,4/22/2021 7:52:01 AM,False,5359,Accepted,
27981110,0568000,LOUISVILLE METRO POLICE DEPT,Accepted,JEFFERSON,,,FLOYD,ST,S,,OAK,,,,,38.234337434,-85.751659899,1.485,3/18/2021 12:00:00 AM,1504,3,3,0,2,CLOUDY,DRY,False,ANGLE COLLISION - OTHER,ANGLE,STRAIGHT & LEVEL,DAYLIGHT,,,4/7/2021 8:07:59 AM,False,7495,Accepted,
27904705,0568000,LOUISVILLE METRO POLICE DEPT,Accepted,JEFFERSON,KY1020,,NATIONAL,TPKE,,KY1020,SOUTHSIDE,,,,,38.152498574,-85.765553274,5.678,3/18/2021 12:00:00 AM,1100,3,3,0,1,CLEAR,DRY,False,OTHER INTERSECTION COLLISIONS,REAR END,STRAIGHT & LEVEL,DAYLIGHT,,,3/19/2021 9:24:40 AM,False,7263,Accepted,
27942529,0561500,UNIV. OF LOUISVILLE POLICE,Accepted,JEFFERSON,,,DAVIES,AVE,,,,,,,,38.222004649,-85.768627278,0.184,3/18/2021 12:00:00 AM,1700,1,1,0,0,CLEAR,DRY,False,COLLISION WITH FIXED OBJECT NON - INTERSECTION - FIRST EVENT COLLISION 09 - 32 EXCLUDING 16,SINGLE VEHICLE,STRAIGHT & LEVEL,DAYLIGHT,,,3/29/2021 12:10:22 PM,False,5676,Accepted,
27914281,0568000,LOUISVILLE METRO POLICE DEPT,Accepted,JEFFERSON,,,INDIAN,TRL,E,KY1703,NEWBURG,,,,,38.184578224,-85.665412008,2.612,3/18/2021 12:00:00 AM,1118,2,2,0,0,CLOUDY,DRY,True,ANGLE COLLISION - OTHER,ANGLE,STRAIGHT & LEVEL,DAYLIGHT,,,3/22/2021 8:27:02 AM,False,4693,Accepted,
27904719,0568000,LOUISVILLE METRO POLICE DEPT,Accepted,JEFFERSON,I 0264,,,,,,,,,,,38.189699676,-85.783319794,0.224,3/18/2021 12:00:00 AM,1800,2,2,0,0,CLOUDY,WET,True,OTHER RAMP RELATED COLLISIONS NOT LISTED ABOVE,REAR END,STRAIGHT & HILLCREST,DAYLIGHT,I 0264,KY1865,3/19/2021 9:25:19 AM,False,7360,Accepted,
27904727,0568000,LOUISVILLE METRO POLICE DEPT,Accepted,JEFFERSON,I 0065,,I65 N,,,,,,,,,38.189375431,-85.728379329,130.655,3/18/2021 12:00:00 AM,0841,2,2,0,2,RAINING,WET,False,REAR END IN TRAFFIC LANES BOTH VEHICLES MOVING,REAR END,STRAIGHT & LEVEL,DAYLIGHT,,,3/19/2021 9:25:42 AM,False,5052,Accepted,
27904711,0568000,LOUISVILLE METRO POLICE DEPT,Accepted,JEFFERSON,KY0155,3910,TAYLORSVILLE,RD,,,,,,,,38.220026775,-85.629814899,13.547,3/18/2021 12:00:00 AM,1639,1,1,0,0,CLEAR,DRY,True,COLLISION IN PARKING LOT,SINGLE VEHICLE,STRAIGHT & LEVEL,DAYLIGHT,,,3/19/2021 9:24:54 AM,False,5146,Accepted,
27904713,0568000,LOUISVILLE METRO POLICE DEPT,Accepted,JEFFERSON,,1100,TREVILIAN,WAY,,,,,,,,38.228622650,-85.673602154,0.058,3/18/2021 12:00:00 AM,1320,1,1,0,0,CLOUDY,DRY,False,COLLISION WITH FIXED OBJECT NON - INTERSECTION - FIRST EVENT COLLISION 09 - 32 EXCLUDING 16,SINGLE VEHICLE,STRAIGHT & GRADE,DAYLIGHT,,,3/19/2021 9:24:57 AM,False,5130,Accepted,
27904730,0568000,LOUISVILLE METRO POLICE DEPT,Accepted,JEFFERSON,,1055,GRADE,LN,,,,,,,,38.169579867,-85.720506368,0.796,3/18/2021 12:00:00 AM,2154,2,2,0,0,RAINING,WET,False,OTHER ROADWAY OR MID-BLOCK COLLISION,REAR TO REAR,STRAIGHT & LEVEL,DARK (UNKNOWN ROADWAY LIGHTING),,,3/19/2021 9:25:57 AM,False,5286,Accepted,
27904736,0568000,LOUISVILLE METRO POLICE DEPT,Accepted,JEFFERSON,US0150,,BROADWAY,,W,,17TH,,,,,38.248738925,-85.779872117,1.187,3/18/2021 12:00:00 AM,0202,2,2,0,0,CLEAR,WET,True,OTHER INTERSECTION COLLISIONS,REAR END,STRAIGHT & LEVEL,DARK-HWY LIGHTED/ON,,,3/19/2021 9:26:25 AM,False,5008,Accepted,
27904737,0568000,LOUISVILLE METRO POLICE DEPT,Accepted,JEFFERSON,KY1065,,OUTER,LOOP,,,AIR COMMERCE,,,,,38.134785375,-85.719238494,4.229,3/18/2021 12:00:00 AM,2347,2,2,0,0,RAINING,WET,False,OPPOSING LEFT TURN,OPPOSING LEFT TURN,STRAIGHT & LEVEL,DARK-HWY LIGHTED/ON,,,3/19/2021 9:26:28 AM,False,5198,Accepted,
27904738,0568000,LOUISVILLE METRO POLICE DEPT,Accepted,JEFFERSON,I 0065,,I65 S,,,I 0065,I65 S EXIT131B OFF RAMP,,,,,38.193120207,-85.731880801,130.965,3/18/2021 12:00:00 AM,0647,2,2,0,0,RAINING,WET,False,OTHER INTERSECTION COLLISIONS,REAR END,STRAIGHT & GRADE,DARK-HWY LIGHTED/ON,,,3/19/2021 9:26:32 AM,False,7720,Accepted,
27918683,0568000,LOUISVILLE METRO POLICE DEPT,Accepted,JEFFERSON,,108,43RD,ST,S,,,,,,,38.264398993,-85.819106248,0.062,3/18/2021 12:00:00 AM,1344,2,2,0,0,CLEAR,DRY,True,1 VEHICLE PARKED POSITION (NOT PARKING LOT/DRIVEWAY),REAR END,STRAIGHT & LEVEL,DAYLIGHT,,,3/23/2021 8:20:03 AM,False,5318,Accepted,
27923880,0568000,LOUISVILLE METRO POLICE DEPT,Accepted,JEFFERSON,,,SHELBY,ST,S,,CHESTNUT,,,,,38.246923140,-85.739103833,0.458,3/18/2021 12:00:00 AM,0856,4,4,0,2,CLOUDY,DRY,False,SIDESWIPE-SAME DIRECTION,SIDESWIPE-SAME DIRECTION,STRAIGHT & LEVEL,DAYLIGHT,,,3/24/2021 9:53:32 AM,False,5342,Accepted,
27915780,0568000,LOUISVILLE METRO POLICE DEPT,Accepted,JEFFERSON,KY1065,,OUTER,LOOP,,,AIR COMMERCE,,,,,38.134785375,-85.719238494,4.229,3/18/2021 12:00:00 AM,2347,2,1,0,0,RAINING,WET,False,OTHER INTERSECTION COLLISIONS,REAR END,STRAIGHT & LEVEL,DARK-HWY NOT LIGHTED,,,3/22/2021 3:02:14 PM,False,5198,Accepted,
27901078,0568000,LOUISVILLE METRO POLICE DEPT,Accepted,JEFFERSON,,1831,STEVENS,AVE,,,,,NORRIS,,FERNWOOD,38.229900325,-85.709289376,0.313,3/18/2021 12:00:00 AM,0155,3,3,0,1,RAINING,WET,False,1 VEHICLE PARKED POSITION (NOT PARKING LOT/DRIVEWAY),ANGLE,STRAIGHT & LEVEL,DARK-HWY LIGHTED/ON,,,3/18/2021 1:04:23 PM,False,2026,Accepted,
27901087,0568000,LOUISVILLE METRO POLICE DEPT,Accepted,JEFFERSON,,,VILLAGE WEST,DR,,,PLACE ROUGE,,,,,38.250234766,-85.766348032,0.128,3/18/2021 12:00:00 AM,0847,1,1,0,0,RAINING,WET,False,COLLISION WITH FIXED OBJECT IN INTERSECTION - FIRST EVENT COLLISION 09 - 32,SINGLE VEHICLE,STRAIGHT & LEVEL,DAYLIGHT,,,3/18/2021 1:04:58 PM,False,7229,Accepted,
27904697,0568000,LOUISVILLE METRO POLICE DEPT,Accepted,JEFFERSON,US0042,,BROWNSBORO,RD,,,MOCKINGBIRD GARDENS,,,,,38.264186165,-85.672042159,3.536,3/18/2021 12:00:00 AM,0743,2,2,0,0,RAINING,WET,False,ANGLE COLLISION - OTHER,ANGLE,STRAIGHT & LEVEL,DUSK,,,3/19/2021 9:24:25 AM,False,7632,Accepted,
27908769,0563800,NORTHFIELD POLICE DEPARTMENT,Accepted,JEFFERSON,KY0022,,BROWNSBORO,RD,,,,,,,,38.283930044,-85.627960655,0.439,3/18/2021 12:00:00 AM,1630,2,2,0,0,CLOUDY,DRY,False,REAR END IN TRAFFIC LANES BOTH VEHICLES MOVING,REAR END,STRAIGHT & LEVEL,DAYLIGHT,,,3/20/2021 3:07:56 PM,False,1379,Accepted,
27904731,0568000,LOUISVILLE METRO POLICE DEPT,Accepted,JEFFERSON,,,BLUEGRASS,AVE,,KY1865,TAYLOR,,,,,38.179602080,-85.783264227,0.853,3/18/2021 12:00:00 AM,2147,2,2,0,2,RAINING,WET,False,ANGLE COLLISION - OTHER,ANGLE,STRAIGHT & LEVEL,DARK-HWY LIGHTED/ON,,,3/19/2021 9:26:02 AM,False,5284,Accepted,
27914283,0568000,LOUISVILLE METRO POLICE DEPT,Accepted,JEFFERSON,KY0061,,PRESTON,HWY,,,INDIAN,,,,,38.168727885,-85.706545500,6.336,3/18/2021 12:00:00 AM,1428,2,2,0,0,CLOUDY,DRY,True,ANGLE COLLISION - OTHER,ANGLE,STRAIGHT & LEVEL,DAYLIGHT,,,3/22/2021 8:27:13 AM,False,4693,Accepted,
27901082,0568000,LOUISVILLE METRO POLICE DEPT,Accepted,JEFFERSON,US0060A,,BERRY,BLVD,,,GEORGETOWN,,,,,38.196626119,-85.793382980,0.894,3/18/2021 12:00:00 AM,0409,2,2,0,1,RAINING,WET,False,OTHER INTERSECTION COLLISIONS,REAR END,STRAIGHT & LEVEL,DARK-HWY LIGHTED/ON,,,3/18/2021 1:04:37 PM,False,5127,Accepted,
27902509,0560400,SHIVELY POLICE DEPARTMENT,Accepted,JEFFERSON,KY1934,4119,CANE RUN,RD,,,,,,,,38.203741655,-85.831460949,9.641,3/18/2021 12:00:00 AM,1032,2,2,0,0,CLEAR,DRY,False,COLLISION IN PARKING LOT,SIDESWIPE-OPPOSITE DIRECTION,STRAIGHT & GRADE,DAYLIGHT,,,3/18/2021 6:05:43 PM,False,7105,Accepted,
27904700,0568000,LOUISVILLE METRO POLICE DEPT,Accepted,JEFFERSON,,,GRADE,LN,,,CRITTENDEN,,,,,38.153299450,-85.733886590,2.393,3/18/2021 12:00:00 AM,1441,1,1,0,1,CLOUDY,DRY,False,COLLISION WITH FIXED OBJECT IN INTERSECTION - FIRST EVENT COLLISION 09 - 32,SINGLE VEHICLE,STRAIGHT & LEVEL,DAYLIGHT,,,3/19/2021 9:24:29 AM,False,7397,Accepted,
27904707,0568000,LOUISVILLE METRO POLICE DEPT,Accepted,JEFFERSON,US0031E,2440,BARDSTOWN,RD,,,,,WEBER,,WROCKLAGE,38.223682006,-85.687743901,13.304,3/18/2021 12:00:00 AM,1545,2,2,0,0,CLEAR,DRY,False,REAR END IN TRAFFIC LANES BOTH VEHICLES MOVING,REAR END,STRAIGHT & LEVEL,DAYLIGHT,,,3/19/2021 9:24:43 AM,False,2100,Accepted,
27904708,0568000,LOUISVILLE METRO POLICE DEPT,Accepted,JEFFERSON,KY1934,,GREENBELT,HWY,,,,,,,,38.174392438,-85.871576263,6.636,3/18/2021 12:00:00 AM,0732,2,2,0,2,RAINING,WET,False,REAR END IN TRAFFIC LANES BOTH VEHICLES MOVING,REAR END,STRAIGHT & LEVEL,DARK-HWY LIGHTED/OFF,,,3/19/2021 9:24:49 AM,False,7244,Accepted,
27904717,0568000,LOUISVILLE METRO POLICE DEPT,Accepted,JEFFERSON,,,VAUGHN MILL,RD,,,BRISCOE,,,,,38.140998288,-85.627025823,0.280,3/18/2021 12:00:00 AM,1711,3,3,0,2,CLOUDY,DRY,False,ANGLE COLLISION - OTHER,ANGLE,STRAIGHT & LEVEL,DAYLIGHT,,,3/19/2021 9:25:12 AM,False,7755,Accepted,
27904718,0568000,LOUISVILLE METRO POLICE DEPT,Accepted,JEFFERSON,KY0061,,PRESTON,HWY,,KY1747,FERN VALLEY,,,,,38.156745357,-85.697002237,5.358,3/18/2021 12:00:00 AM,1545,3,3,0,0,CLOUDY,DRY,False,OTHER INTERSECTION COLLISIONS,REAR END,STRAIGHT & HILLCREST,DAYLIGHT,,,3/19/2021 9:25:16 AM,False,2324,Accepted,
27904725,0568000,LOUISVILLE METRO POLICE DEPT,Accepted,JEFFERSON,KY1447,1447,WESTPORT,RD,,,,I 0265,I265 S EXIT33 ON RAMP FROM KY1447,I 0265,I265 N EXIT33 OFF RAMP TO KY1447,38.297732118,-85.547807853,6.706,3/18/2021 12:00:00 AM,1755,2,2,0,0,RAINING,WET,False,REAR END IN TRAFFIC LANES BOTH VEHICLES MOVING,REAR END,STRAIGHT & LEVEL,DAYLIGHT,,,3/19/2021 9:25:34 AM,False,7529,Accepted,
27904732,0568000,LOUISVILLE METRO POLICE DEPT,Accepted,JEFFERSON,KY1447,,WESTPORT,RD,,KY0146,LA GRANGE,,,,,38.297211951,-85.506859571,9.199,3/18/2021 12:00:00 AM,0544,2,2,0,1,RAINING,WET,False,ANGLE COLLISION - ONE VEHICLE TURNING RIGHT,ANGLE,STRAIGHT & LEVEL,DARK-HWY LIGHTED/ON,,,3/19/2021 9:26:07 AM,False,5002,Accepted,
27904733,0568000,LOUISVILLE METRO POLICE DEPT,Accepted,JEFFERSON,,,RANGELAND,RD,,,,,,,,38.167337480,-85.680884340,0.042,3/18/2021 12:00:00 AM,2218,2,2,0,2,RAINING,WET,True,HEAD-ON COLLISION,HEAD ON,STRAIGHT & LEVEL,DUSK,,,3/19/2021 9:26:11 AM,False,5352,Accepted,
27954740,0568000,LOUISVILLE METRO POLICE DEPT,Accepted,JEFFERSON,,,RUTLAND,AVE,S,,,,,,,38.180599185,-85.778447445,0.061,3/18/2021 12:00:00 AM,0155,3,3,0,0,CLEAR,DRY,False,VEHICLE BACKING NON INTERSECTION,BACKING,STRAIGHT & LEVEL,DARK (UNKNOWN ROADWAY LIGHTING),,,4/1/2021 9:07:45 AM,False,5163,Accepted,
27904734,0568000,LOUISVILLE METRO POLICE DEPT,Accepted,JEFFERSON,KY0864,,POPLAR LEVEL,RD,,,TAYLOR,,,,,38.199191835,-85.708119085,11.577,3/17/2021 12:00:00 AM,2048,3,3,0,2,RAINING,WET,False,ANGLE COLLISION - OTHER,ANGLE,STRAIGHT & LEVEL,DUSK,,,3/19/2021 9:26:15 AM,False,5352,Accepted,
27901046,0568000,LOUISVILLE METRO POLICE DEPT,Accepted,JEFFERSON,KY1747,,HURSTBOURNE,PKWY,S,,,,,,,38.159151392,-85.628449220,5.952,3/17/2021 12:00:00 AM,1144,2,2,0,2,CLOUDY,DRY,True,1 VEHICLE ENTERING/LEAVING ENTRANCE,ANGLE,STRAIGHT & GRADE,DAYLIGHT,,,3/18/2021 1:02:31 PM,False,4693,Accepted,
27901047,0568000,LOUISVILLE METRO POLICE DEPT,Accepted,JEFFERSON,,,HIKES,LN,,,FURMAN,,,,,38.211965770,-85.639381557,2.303,3/17/2021 12:00:00 AM,0918,2,2,1,0,CLEAR,DRY,False,ANGLE COLLISION - OTHER,ANGLE,STRAIGHT & LEVEL,DAYLIGHT,,,3/18/2021 1:02:40 PM,False,6886,Accepted,
27901055,0568000,LOUISVILLE METRO POLICE DEPT,Accepted,JEFFERSON,US0060A,,EASTERN,PKWY,,KY1703,BAXTER,,,,,38.228923703,-85.715220016,6.445,3/17/2021 12:00:00 AM,1237,2,2,0,0,CLOUDY,DRY,False,OPPOSING LEFT TURN,OPPOSING LEFT TURN,STRAIGHT & LEVEL,DAYLIGHT,,,3/18/2021 1:03:24 PM,False,5020,Accepted,
27901064,0568000,LOUISVILLE METRO POLICE DEPT,Accepted,JEFFERSON,US0031W,,DIXIE,HWY,,,,,,,,38.086675310,-85.879188565,7.033,3/17/2021 12:00:00 AM,1807,2,2,0,0,RAINING,WET,False,REAR END IN TRAFFIC LANES BOTH VEHICLES MOVING,REAR END,STRAIGHT & LEVEL,DAYLIGHT,,,3/18/2021 1:03:54 PM,False,7234,Accepted,
27901065,0568000,LOUISVILLE METRO POLICE DEPT,Accepted,JEFFERSON,KY0146,,LA GRANGE,RD,,,,I 0265,I265 S EXIT30 OFF RAMP KY146 TO,I 0265,I265 S EXIT30 OFF RAMP KY146 TO,38.284715390,-85.514720234,7.224,3/17/2021 12:00:00 AM,1458,2,2,0,1,CLOUDY,DRY,False,SIDESWIPE COLLISION - SAME DIRECTION,SIDESWIPE-SAME DIRECTION,STRAIGHT & LEVEL,DAYLIGHT,,,3/18/2021 1:03:58 PM,False,7751,Accepted,
27901066,0568000,LOUISVILLE METRO POLICE DEPT,Accepted,JEFFERSON,,,OLD HARRODS CREEK,RD,,,,,BOOKER,,COX,38.254723888,-85.546785858,0.712,3/17/2021 12:00:00 AM,1816,1,1,0,0,RAINING,WET,False,COLLISION WITH FIXED OBJECT NON - INTERSECTION - FIRST EVENT COLLISION 09 - 32 EXCLUDING 16,SINGLE VEHICLE,CURVE & LEVEL,DAYLIGHT,,,3/18/2021 1:04:01 PM,False,7316,Accepted,
27901083,0568000,LOUISVILLE METRO POLICE DEPT,Accepted,JEFFERSON,US0031E,,BARDSTOWN,RD,,,,,,,,38.078958944,-85.554155446,0.241,3/17/2021 12:00:00 AM,1927,2,2,0,0,RAINING,WET,False,SIDESWIPE COLLISION - SAME DIRECTION,SIDESWIPE-SAME DIRECTION,CURVE & LEVEL,DARK-HWY NOT LIGHTED,,,3/18/2021 1:04:41 PM,False,5169,Accepted,
27901056,0568000,LOUISVILLE METRO POLICE DEPT,Accepted,JEFFERSON,KY0907,,VALLEY STATION,RD,,,,,,,,38.105437747,-85.860921508,0.352,3/17/2021 12:00:00 AM,1704,2,2,0,1,RAINING,WET,False,HEAD-ON COLLISION,HEAD ON,STRAIGHT & LEVEL,DAYLIGHT,,,3/18/2021 1:03:28 PM,False,7174,Accepted,
27901057,0568000,LOUISVILLE METRO POLICE DEPT,Accepted,JEFFERSON,,,HILL,ST,W,KY1020,2ND,,,,,38.225648430,-85.758597233,0.091,3/17/2021 12:00:00 AM,1708,2,2,0,0,RAINING,WET,False,ANGLE COLLISION - OTHER,ANGLE,STRAIGHT & LEVEL,DAYLIGHT,,,3/18/2021 1:03:32 PM,False,7619,Accepted,
27895910,0568000,LOUISVILLE METRO POLICE DEPT,Accepted,JEFFERSON,,,CHESTNUT,ST,E,,CLAY,,,,,38.247151689,-85.741150021,0.644,3/17/2021 12:00:00 AM,0130,3,3,0,0,CLEAR,DRY,False,COLLISION WITH PARKED VEHICLE,SIDESWIPE-SAME DIRECTION,STRAIGHT & LEVEL,DARK-HWY LIGHTED/ON,,,3/17/2021 9:45:48 AM,False,5135,Accepted,
27904703,0568000,LOUISVILLE METRO POLICE DEPT,Accepted,JEFFERSON,I 0264,,I264 W,,,,,,,,,38.189773098,-85.782350868,9.297,3/17/2021 12:00:00 AM,0900,2,2,0,0,CLEAR,DRY,False,REAR END IN TRAFFIC LANES BOTH VEHICLES MOVING,REAR END,STRAIGHT & LEVEL,DAYLIGHT,,,3/19/2021 9:24:36 AM,False,7298,Accepted,