IncidentID,AgencyORI,AgencyName,IncidentStatusDesc,County,RdwyNumber,Street,RoadwayName,StreetSfx,StreetDir,IntersectionRdwy,IntersectionRdwyName,BetweenStRdwy1,BetweenStRdwyName1,BetweenStRdwy2,BetweenStRdwyName2,Latitude,Longitude,Milepoint,CollisionDate,CollisionTime,UnitsInvolved,MotorVehiclesInvolved,NumberKilled,NumberInjured,Weather,RdwyConditionCode,HitandRun,DirAnalysisCode,MannerofCollision,RdwyCharacter,LightCondition,RampFromRdwyId,RampToRdwyId,AcceptedDate,IsSecondaryCollision,OwnerBadge,IncidentStatus,
27901062,0568000,LOUISVILLE METRO POLICE DEPT,Accepted,JEFFERSON,US0031W,,DIXIE,HWY,,,,,,,,38.127654412,-85.850130217,10.265,3/17/2021 12:00:00 AM,1623,3,3,0,0,RAINING,WET,False,REAR END IN TRAFFIC LANES BOTH VEHICLES MOVING,REAR END,STRAIGHT & LEVEL,DAYLIGHT,,,3/18/2021 1:03:50 PM,False,7234,Accepted,
27901084,0568000,LOUISVILLE METRO POLICE DEPT,Accepted,JEFFERSON,,,7TH,ST,S,,DAVIES,,,,,38.224274725,-85.771031975,0.451,3/17/2021 12:00:00 AM,2044,3,3,0,2,CLEAR,WET,False,OTHER INTERSECTION COLLISIONS,REAR END,STRAIGHT & GRADE,DARK-HWY LIGHTED/ON,,,3/18/2021 1:04:45 PM,False,7435,Accepted,
27901085,0568000,LOUISVILLE METRO POLICE DEPT,Accepted,JEFFERSON,KY2055,,MANSLICK,RD,W,,,,MASON,,STARLET,38.108800984,-85.763189896,1.696,3/17/2021 12:00:00 AM,1348,1,1,0,1,CLOUDY,DRY,False,COLLISION WITH FIXED OBJECT NON - INTERSECTION - FIRST EVENT COLLISION 09 - 32 EXCLUDING 16,SINGLE VEHICLE,STRAIGHT & GRADE,DAYLIGHT,,,3/18/2021 1:04:48 PM,False,2308,Accepted,
27901086,0568000,LOUISVILLE METRO POLICE DEPT,Accepted,JEFFERSON,I 0265,,I265 W,,,,,I 0064,I64 E EXIT19A RAMP TO I265 S,I 0265,I265 W EXIT23 OFF RAMP TO KY155,38.208304143,-85.507275801,24.447,3/17/2021 12:00:00 AM,1459,3,3,0,0,RAINING,WET,False,REAR END IN TRAFFIC LANES BOTH VEHICLES MOVING,REAR END,STRAIGHT & LEVEL,DAYLIGHT,,,3/18/2021 1:04:52 PM,False,2109,Accepted,
27901054,0568000,LOUISVILLE METRO POLICE DEPT,Accepted,JEFFERSON,US0060,,SHELBYVILLE,RD,,,,,WHITTINGTON,,EDEN,38.246715187,-85.580723727,7.652,3/17/2021 12:00:00 AM,1620,4,4,0,2,RAINING,WET,False,REAR END IN TRAFFIC LANES BOTH VEHICLES MOVING,REAR END,STRAIGHT & LEVEL,DAYLIGHT,,,3/18/2021 1:03:18 PM,False,2013,Accepted,
27898736,0561000,JEFFERSONTOWN POLICE DEPT,Accepted,JEFFERSON,I 0064,,,,,,,,,,,38.222358829,-85.579469684,0.449,3/17/2021 12:00:00 AM,1931,2,2,0,1,CLOUDY,WET,False,OTHER RAMP RELATED COLLISIONS NOT LISTED ABOVE,REAR END,STRAIGHT & LEVEL,DARK-HWY LIGHTED/ON,I 0064,KY1747,3/17/2021 10:42:39 PM,False,8316,Accepted,
27901042,0568000,LOUISVILLE METRO POLICE DEPT,Accepted,JEFFERSON,KY1703,2020,NEWBURG,RD,,,,,,,,38.219092700,-85.709158468,4.007,3/17/2021 12:00:00 AM,0713,1,1,0,0,CLOUDY,WET,True,COLLISION IN PARKING LOT,SINGLE VEHICLE,CURVE & GRADE,DAWN,,,3/18/2021 1:01:52 PM,False,2100,Accepted,
27901051,0568000,LOUISVILLE METRO POLICE DEPT,Accepted,JEFFERSON,,,OAK,ST,E,KY0061,PRESTON,,,,,38.234049902,-85.749474206,0.321,3/17/2021 12:00:00 AM,1600,2,2,0,0,RAINING,WET,False,ANGLE COLLISION - OTHER,ANGLE,STRAIGHT & LEVEL,DAYLIGHT,,,3/18/2021 1:03:04 PM,False,5186,Accepted,
27901060,0568000,LOUISVILLE METRO POLICE DEPT,Accepted,JEFFERSON,,,1ST,ST,S,,GRAY,,,,,38.247145806,-85.753131844,0.622,3/17/2021 12:00:00 AM,1447,2,2,0,0,CLOUDY,DRY,False,OPPOSING LEFT TURN,OPPOSING LEFT TURN,STRAIGHT & LEVEL,DAYLIGHT,,,3/18/2021 1:03:41 PM,False,7239,Accepted,
27901061,0568000,LOUISVILLE METRO POLICE DEPT,Accepted,JEFFERSON,US0031W,,DR W J HODGE,ST,,,HALE,,,,,38.238062352,-85.788519018,18.890,3/17/2021 12:00:00 AM,1148,3,3,0,0,CLOUDY,DRY,False,COLLISION WITH PARKED VEHICLE,SIDESWIPE-SAME DIRECTION,STRAIGHT & LEVEL,DAYLIGHT,,,3/18/2021 1:03:45 PM,False,5151,Accepted,
27901075,0568000,LOUISVILLE METRO POLICE DEPT,Accepted,JEFFERSON,,,CHESTNUT,ST,W,,VILLAGE WEST,,,,,38.249889818,-85.766425680,1.894,3/17/2021 12:00:00 AM,0808,2,2,0,0,CLEAR,DRY,False,OTHER INTERSECTION COLLISIONS,REAR END,STRAIGHT & LEVEL,DAYLIGHT,,,3/18/2021 1:04:07 PM,False,2854,Accepted,
27901076,0568000,LOUISVILLE METRO POLICE DEPT,Accepted,JEFFERSON,I 0064,,,,,,,,,,,38.257157492,-85.765419734,0.088,3/17/2021 12:00:00 AM,1113,1,1,0,0,CLEAR,DRY,False,COLLISION WITH FIXED OBJECT NOT IN GORE ,SINGLE VEHICLE,STRAIGHT & HILLCREST,DAYLIGHT,US31W,I 0064,3/18/2021 1:04:12 PM,False,2854,Accepted,
27901045,0568000,LOUISVILLE METRO POLICE DEPT,Accepted,JEFFERSON,KY1747,,HURSTBOURNE,PKWY,S,,VASSEL,,,,,38.159111979,-85.626998473,6.022,3/17/2021 12:00:00 AM,0856,2,2,0,0,CLOUDY,DRY,False,ANGLE COLLISION - OTHER,ANGLE,STRAIGHT & HILLCREST,DAYLIGHT,,,3/18/2021 1:02:19 PM,False,4693,Accepted,
27895912,0568000,LOUISVILLE METRO POLICE DEPT,Accepted,JEFFERSON,US0031W,,DIXIE,HWY,,,KINGSFORD,,,,,38.172952770,-85.824893285,13.689,3/17/2021 12:00:00 AM,0401,1,1,0,0,CLEAR,DRY,False,COLLISION WITH FIXED OBJECT IN INTERSECTION - FIRST EVENT COLLISION 09 - 32,SINGLE VEHICLE,STRAIGHT & LEVEL,DARK-HWY LIGHTED/ON,,,3/17/2021 9:46:05 AM,False,5059,Accepted,
27895914,0568000,LOUISVILLE METRO POLICE DEPT,Accepted,JEFFERSON,I 0065,,,,,,,,,,,38.190891022,-85.731949210,0.452,3/17/2021 12:00:00 AM,0200,2,2,0,0,CLEAR,DRY,False,OTHER RAMP RELATED COLLISIONS NOT LISTED ABOVE,SIDESWIPE-OPPOSITE DIRECTION,CURVE & HILLCREST,DARK-HWY LIGHTED/ON,I 0264,I 0065,3/17/2021 9:46:12 AM,False,5183,Accepted,
27895920,0568000,LOUISVILLE METRO POLICE DEPT,Accepted,JEFFERSON,KY1447,10620,WESTPORT,RD,,,,,,,,38.296110352,-85.553559557,6.371,3/17/2021 12:00:00 AM,0817,2,2,0,0,CLEAR,DRY,False,REAR END IN TRAFFIC LANES BOTH VEHICLES MOVING,REAR END,STRAIGHT & HILLCREST,DAYLIGHT,,,3/17/2021 9:46:28 AM,False,7313,Accepted,
27911304,KSP0400,KY STATE POLICE POST 04,Accepted,JEFFERSON,I 0264,,I264 E,,,,,,,,,38.190163578,-85.754808538,10.700,3/17/2021 12:00:00 AM,0554,2,2,0,0,CLEAR,DRY,True,COLLISION WITH FIXED OBJECT NON - INTERSECTION - FIRST EVENT COLLISION 09 - 32 EXCLUDING 16,REAR END,STRAIGHT & LEVEL,DARK-HWY LIGHTED/ON,,,3/21/2021 12:23:30 PM,False,782,Accepted,
27914279,0568000,LOUISVILLE METRO POLICE DEPT,Accepted,JEFFERSON,US0031E,1212,BARDSTOWN,RD,,,,,,,,38.237172300,-85.718710462,15.273,3/16/2021 12:00:00 AM,1725,2,2,0,1,CLEAR,DRY,False,COLLISION IN PARKING LOT,ANGLE,STRAIGHT & LEVEL,DAYLIGHT,,,3/22/2021 8:26:54 AM,False,5112,Accepted,
27895913,0568000,LOUISVILLE METRO POLICE DEPT,Accepted,JEFFERSON,,3918,MUHAMMAD ALI,BLVD,W,,40TH,,,,,38.257712191,-85.816418213,3.510,3/16/2021 12:00:00 AM,2255,3,3,0,0,CLEAR,DRY,False,COLLISION WITH PARKED VEHICLE,REAR END,STRAIGHT & LEVEL,DARK-HWY LIGHTED/ON,,,3/17/2021 9:46:08 AM,False,5363,Accepted,
27895895,0568000,LOUISVILLE METRO POLICE DEPT,Accepted,JEFFERSON,I 0071,,,,,,,,,,,38.314627631,-85.578727383,0.222,3/16/2021 12:00:00 AM,0243,1,1,0,1,CLOUDY,DRY,False,COLLISION WITH FIXED OBJECT NOT IN GORE ,SINGLE VEHICLE,CURVE & GRADE,DARK-HWY LIGHTED/ON,I 0071,I 0071,3/17/2021 9:44:26 AM,False,5155,Accepted,
27923879,0568000,LOUISVILLE METRO POLICE DEPT,Accepted,JEFFERSON,US0031W,,DIXIE,HWY,,,STONESTREET,,,,,38.121087358,-85.855825716,9.738,3/16/2021 12:00:00 AM,1443,2,2,0,0,CLEAR,DRY,False,HEAD-ON COLLISION,HEAD ON,STRAIGHT & LEVEL,DAYLIGHT,,,3/24/2021 9:53:22 AM,False,7234,Accepted,
27895896,0568000,LOUISVILLE METRO POLICE DEPT,Accepted,JEFFERSON,I 0264,,I264 W,,,,,I 0264,I264 W EXIT14 ON RAMP FROM KY864,I 0065,I264 W EXIT12 OFF RAMP TO,38.192494623,-85.713072100,13.009,3/16/2021 12:00:00 AM,1720,2,2,0,0,CLEAR,DRY,False,REAR END IN TRAFFIC LANES BOTH VEHICLES MOVING,REAR END,STRAIGHT & LEVEL,DAYLIGHT,,,3/17/2021 9:44:29 AM,False,2532,Accepted,
27895904,0568000,LOUISVILLE METRO POLICE DEPT,Accepted,JEFFERSON,,1035,ZORN,AVE,,,,,,,,38.271956850,-85.694801343,1.304,3/16/2021 12:00:00 AM,1900,2,2,0,0,CLEAR,DRY,True,COLLISION IN PARKING LOT,SIDESWIPE-OPPOSITE DIRECTION,,DAYLIGHT,,,3/17/2021 9:45:00 AM,False,7219,Accepted,
27895905,0568000,LOUISVILLE METRO POLICE DEPT,Accepted,JEFFERSON,,,RIVER,RD,,,,,,,,38.263598005,-85.728526105,1.059,3/16/2021 12:00:00 AM,1740,2,2,0,0,CLEAR,DRY,False,SIDESWIPE COLLISION - SAME DIRECTION,SIDESWIPE-SAME DIRECTION,STRAIGHT & LEVEL,DAYLIGHT,,,3/17/2021 9:45:04 AM,False,7862,Accepted,
27895906,0568000,LOUISVILLE METRO POLICE DEPT,Accepted,JEFFERSON,,,CHAMBERLAIN,LN,,,,,,,,38.288346325,-85.527419759,0.920,3/16/2021 12:00:00 AM,0038,2,2,0,0,CLEAR,DRY,False,SIDESWIPE COLLISION - SAME DIRECTION,SIDESWIPE-SAME DIRECTION,STRAIGHT & LEVEL,DARK-HWY LIGHTED/ON,,,3/17/2021 9:45:10 AM,False,5322,Accepted,
27895897,0568000,LOUISVILLE METRO POLICE DEPT,Accepted,JEFFERSON,KY1065,,OUTER,LOOP,,,,,,,,38.136980822,-85.706905957,4.922,3/16/2021 12:00:00 AM,1550,3,3,0,0,CLEAR,DRY,False,1 VEHICLE ENTERING/LEAVING ENTRANCE,ANGLE,STRAIGHT & LEVEL,DAYLIGHT,,,3/17/2021 9:44:32 AM,False,7272,Accepted,
27895898,0568000,LOUISVILLE METRO POLICE DEPT,Accepted,JEFFERSON,I 0065,,,,,,,,,,,38.114147636,-85.701487702,0.183,3/16/2021 12:00:00 AM,1524,3,3,0,0,CLEAR,DRY,False,OTHER RAMP RELATED COLLISIONS NOT LISTED ABOVE,SIDESWIPE-SAME DIRECTION,STRAIGHT & LEVEL,DAYLIGHT,I 0065,KY0481,3/17/2021 9:44:36 AM,False,5371,Accepted,
27895915,0568000,LOUISVILLE METRO POLICE DEPT,Accepted,JEFFERSON,,,ST CATHERINE,ST,E,KY0061,JACKSON,,,,,38.235324536,-85.747175702,0.860,3/16/2021 12:00:00 AM,0541,4,4,0,0,CLEAR,DRY,False,COLLISION WITH PARKED VEHICLE,SIDESWIPE-SAME DIRECTION,STRAIGHT & LEVEL,DARK-HWY LIGHTED/ON,,,3/17/2021 9:46:17 AM,False,5236,Accepted,
27895892,0568000,LOUISVILLE METRO POLICE DEPT,Accepted,JEFFERSON,,,7TH,ST,S,,DAVIES,,,,,38.224282321,-85.771045598,0.452,3/16/2021 12:00:00 AM,0809,2,2,0,0,CLOUDY,DRY,False,ANGLE COLLISION - OTHER,ANGLE,STRAIGHT & LEVEL,DAYLIGHT,,,3/17/2021 9:44:14 AM,False,7422,Accepted,
27895900,0568000,LOUISVILLE METRO POLICE DEPT,Accepted,JEFFERSON,KY0864,,POPLAR LEVEL,RD,,,INDIAN,,,,,38.171434140,-85.684749354,9.229,3/16/2021 12:00:00 AM,1731,2,2,0,1,CLEAR,DRY,False,ANGLE COLLISION - OTHER,ANGLE,STRAIGHT & LEVEL,DAYLIGHT,,,3/17/2021 9:44:47 AM,False,7451,Accepted,
27895907,0568000,LOUISVILLE METRO POLICE DEPT,Accepted,JEFFERSON,US0031W,,DIXIE,HWY,,US0031W,US31W RAMP TO KY1934,,,,,38.093726023,-85.875110909,7.594,3/16/2021 12:00:00 AM,2145,2,2,0,1,CLEAR,DRY,False,OTHER INTERSECTION COLLISIONS,REAR END,STRAIGHT & LEVEL,DARK-HWY NOT LIGHTED,,,3/17/2021 9:45:35 AM,False,5033,Accepted,
27895908,0568000,LOUISVILLE METRO POLICE DEPT,Accepted,JEFFERSON,,,FRANKFORT,AVE,,,,,,,,38.259106710,-85.721587670,0.019,3/16/2021 12:00:00 AM,0134,2,2,0,0,CLEAR,DRY,True,HEAD-ON COLLISION,HEAD ON,STRAIGHT & HILLCREST,DARK-HWY LIGHTED/ON,,,3/17/2021 9:45:39 AM,False,7912,Accepted,
27890286,0568000,LOUISVILLE METRO POLICE DEPT,Accepted,JEFFERSON,KY0061,4307,PRESTON,HWY,,,,,DURRETT,,STANDIFORD,38.185985441,-85.723917936,7.860,3/16/2021 12:00:00 AM,0340,1,1,0,0,CLEAR,DRY,False,COLLISION WITH FIXED OBJECT NON - INTERSECTION - FIRST EVENT COLLISION 09 - 32 EXCLUDING 16,SINGLE VEHICLE,STRAIGHT & LEVEL,DARK-HWY LIGHTED/ON,,,3/16/2021 8:10:53 AM,False,5053,Accepted,
27895885,0568000,LOUISVILLE METRO POLICE DEPT,Accepted,JEFFERSON,KY2055,10621,MANSLICK,RD,W,,,,,,,38.106153888,-85.760060105,1.468,3/16/2021 12:00:00 AM,0450,1,1,0,0,CLEAR,DRY,True,COLLISION WITH FIXED OBJECT NON - INTERSECTION - FIRST EVENT COLLISION 09 - 32 EXCLUDING 16,SINGLE VEHICLE,STRAIGHT & LEVEL,DARK-HWY LIGHTED/ON,,,3/17/2021 9:43:51 AM,False,5209,Accepted,
27895902,0568000,LOUISVILLE METRO POLICE DEPT,Accepted,JEFFERSON,,,6TH,ST,S,US0150,BROADWAY,,,,,38.246333712,-85.761720594,0.741,3/16/2021 12:00:00 AM,1323,2,2,0,0,CLEAR,DRY,False,ANGLE COLLISION - OTHER,ANGLE,STRAIGHT & LEVEL,DAYLIGHT,,,3/17/2021 9:44:52 AM,False,5173,Accepted,
27895917,0568000,LOUISVILLE METRO POLICE DEPT,Accepted,JEFFERSON,I 0071,,I71 S,,,,,,,,,38.262176573,-85.724573218,0.028,3/16/2021 12:00:00 AM,1922,1,1,0,0,CLEAR,DRY,False,COLLISION WITH FIXED OBJECT NON - INTERSECTION - FIRST EVENT COLLISION 09 - 32 EXCLUDING 16,SINGLE VEHICLE,STRAIGHT & LEVEL,DAYLIGHT,,,3/17/2021 9:46:21 AM,False,7325,Accepted,
27904726,0568000,LOUISVILLE METRO POLICE DEPT,Accepted,JEFFERSON,KY1747,,FERN VALLEY,RD,,I 0065,I65 S EXIT128 ON RAMP FROM KY1631 W,,,,,38.157729367,-85.719245252,0.712,3/15/2021 12:00:00 AM,0600,2,2,0,0,CLEAR,DRY,False,OTHER INTERSECTION COLLISIONS,REAR END,STRAIGHT & LEVEL,DARK (UNKNOWN ROADWAY LIGHTING),,,3/19/2021 9:25:38 AM,False,5101,Accepted,
27890277,0568000,LOUISVILLE METRO POLICE DEPT,Accepted,JEFFERSON,KY1703,,NEWBURG,RD,,,INDIAN,,,,,38.184660064,-85.665290468,0.498,3/15/2021 12:00:00 AM,1707,2,2,0,2,CLOUDY,WET,False,HEAD-ON COLLISION,HEAD ON,STRAIGHT & LEVEL,DAYLIGHT,,,3/16/2021 8:09:54 AM,False,7448,Accepted,
27890278,0568000,LOUISVILLE METRO POLICE DEPT,Accepted,JEFFERSON,I 0065,,I65 S,,,,,I 0065,I65 S EXIT135 ON RAMP FROM  E OAK ST,I 0065,I65 S EXIT134 ON RAMP FROM  MAGNOLIA AVE,38.227660128,-85.751609292,133.982,3/15/2021 12:00:00 AM,1610,2,2,0,0,CLOUDY,WET,False,HEAD-ON COLLISION,HEAD ON,CURVE & LEVEL,DAYLIGHT,,,3/16/2021 8:09:58 AM,False,7322,Accepted,
27890284,0568000,LOUISVILLE METRO POLICE DEPT,Accepted,JEFFERSON,,,WILSON,AVE,,KY2054,ALGONQUIN,,,,,38.224383982,-85.809320150,2.178,3/15/2021 12:00:00 AM,2304,2,2,0,0,CLOUDY,DRY,False,ANGLE COLLISION - OTHER,ANGLE,STRAIGHT & LEVEL,DARK-HWY LIGHTED/ON,,,3/16/2021 8:10:41 AM,False,7181,Accepted,
27895899,0568000,LOUISVILLE METRO POLICE DEPT,Accepted,JEFFERSON,I 0065,,I65 N,,,,,I 0065,I65 N EXIT131 OFF RAMP TO  FREEDOM WAY N,I 0065,I65 S EXIT131A RAMP TO I264 E,38.188308821,-85.727432179,130.564,3/15/2021 12:00:00 AM,1324,1,1,0,0,RAINING,WET,False,OTHER ROADWAY OR MID-BLOCK COLLISION,SINGLE VEHICLE,CURVE & GRADE,DAYLIGHT,,,3/17/2021 9:44:43 AM,False,2308,Accepted,
27890287,0568000,LOUISVILLE METRO POLICE DEPT,Accepted,JEFFERSON,US0031W,,DIXIE,HWY,,,,,,,,38.124051115,-85.853572031,9.976,3/15/2021 12:00:00 AM,2138,2,2,0,1,CLEAR,DRY,False,1 VEHICLE ENTERING/LEAVING ENTRANCE,ANGLE,STRAIGHT & LEVEL,DARK-HWY LIGHTED/ON,,,3/16/2021 8:10:59 AM,False,5136,Accepted,
27891839,0561500,UNIV. OF LOUISVILLE POLICE,Accepted,JEFFERSON,,2040,4TH,ST,S,,,,,,,38.217405118,-85.763421959,2.731,3/15/2021 12:00:00 AM,1936,2,2,0,0,CLOUDY,WET,False,SIDESWIPE COLLISION - SAME DIRECTION,SIDESWIPE-SAME DIRECTION,STRAIGHT & LEVEL,DUSK,,,3/16/2021 2:11:14 PM,False,5700,Accepted,
27895890,0568000,LOUISVILLE METRO POLICE DEPT,Accepted,JEFFERSON,,,7TH,ST,S,,HILL,,,,,38.226770126,-85.768996890,0.657,3/15/2021 12:00:00 AM,1204,2,2,0,1,RAINING,WET,True,VEHICLE BACKING IN INTERSECTION,BACKING,STRAIGHT & LEVEL,DAYLIGHT,,,3/17/2021 9:44:10 AM,False,5123,Accepted,
27890270,0568000,LOUISVILLE METRO POLICE DEPT,Accepted,JEFFERSON,KY1865,,TAYLOR,BLVD,,,,,,,,38.181723971,-85.783482311,5.185,3/15/2021 12:00:00 AM,1338,2,2,0,0,RAINING,WET,False,REAR END IN TRAFFIC LANES BOTH VEHICLES MOVING,REAR END,STRAIGHT & LEVEL,DAYLIGHT,,,3/16/2021 8:09:28 AM,False,5258,Accepted,
27890268,0568000,LOUISVILLE METRO POLICE DEPT,Accepted,JEFFERSON,I 0264,,I264 W,,,,,,,,,38.250545629,-85.806722961,1.864,3/15/2021 12:00:00 AM,0814,2,2,0,0,CLOUDY,DRY,True,SIDESWIPE COLLISION - SAME DIRECTION,SIDESWIPE-SAME DIRECTION,STRAIGHT & LEVEL,DAYLIGHT,,,3/16/2021 8:09:16 AM,False,7361,Accepted,
27928206,0568000,LOUISVILLE METRO POLICE DEPT,Accepted,JEFFERSON,I 0065,,I65 N,,,,,I 0065,I65 N EXIT131A OFF RAMP,I 0065,I65 S EXIT131A RAMP TO I264 E,38.183133072,-85.722507274,130.117,3/15/2021 12:00:00 AM,1245,1,1,0,1,RAINING,WET,False,OTHER ROADWAY OR MID-BLOCK COLLISION,SINGLE VEHICLE,STRAIGHT & LEVEL,DAYLIGHT,,,3/25/2021 8:15:50 AM,False,7938,Accepted,
27932006,0568000,LOUISVILLE METRO POLICE DEPT,Accepted,JEFFERSON,I 0264,,I264 E,,,,,I 0264,I264 E EXIT9 ON RAMP FROM KY1865,I 0264,I264 E EXIT10 OFF RAMP TO KY1020,38.189350348,-85.773878570,9.658,3/15/2021 12:00:00 AM,0022,2,2,0,1,CLEAR,DRY,False,SIDESWIPE COLLISION - OPPOSITE DIRECTION,SIDESWIPE-OPPOSITE DIRECTION,STRAIGHT & LEVEL,DARK-HWY LIGHTED/ON,,,3/26/2021 8:04:55 AM,False,5131,Accepted,
27890279,0568000,LOUISVILLE METRO POLICE DEPT,Accepted,JEFFERSON,,,ASHBY,LN,,,,,,,,38.103002790,-85.869702446,0.004,3/15/2021 12:00:00 AM,1501,2,2,0,0,RAINING,WET,False,1 VEHICLE ENTERING/LEAVING ENTRANCE,ANGLE,STRAIGHT & LEVEL,DAYLIGHT,,,3/16/2021 8:10:05 AM,False,7234,Accepted,
27891834,0561500,UNIV. OF LOUISVILLE POLICE,Accepted,JEFFERSON,US0060A,,EASTERN,PKWY,,,,KY1020,3RD,,S BROOK CONNECTOR,38.213683999,-85.761059899,3.491,3/15/2021 12:00:00 AM,0445,1,1,0,0,CLEAR,DRY,False,OTHER COLLISIONS ON SHOULDER,SINGLE VEHICLE,STRAIGHT & GRADE,DARK-HWY LIGHTED/ON,,,3/16/2021 2:10:53 PM,True,5703,Accepted,
27895888,0568000,LOUISVILLE METRO POLICE DEPT,Accepted,JEFFERSON,,,3RD,ST,S,,WOODLAWN,,,,,38.181580774,-85.766229337,1.319,3/15/2021 12:00:00 AM,1745,2,2,0,0,CLEAR,WET,False,ANGLE COLLISION - OTHER,ANGLE,STRAIGHT & LEVEL,DAYLIGHT,,,3/17/2021 9:44:01 AM,False,5252,Accepted,
27890280,0568000,LOUISVILLE METRO POLICE DEPT,Accepted,JEFFERSON,KY0841,,GENE SNYDER,FWY,,,,I 0065,I65 S EXIT125 OFF RAMP TO KY481,KY0841,KY841 CROSSOVER,38.114705751,-85.715116097,9.497,3/15/2021 12:00:00 AM,1618,1,1,0,0,CLOUDY,WET,False,OTHER ROADWAY OR MID-BLOCK COLLISION,SINGLE VEHICLE,STRAIGHT & LEVEL,DAYLIGHT,,,3/16/2021 8:10:12 AM,False,7484,Accepted,
27890281,0568000,LOUISVILLE METRO POLICE DEPT,Accepted,JEFFERSON,KY1447,,WESTPORT,RD,,,WESTPORT,,,,,38.286038602,-85.576630086,4.968,3/15/2021 12:00:00 AM,2012,2,2,0,1,CLEAR,DRY,False,ANGLE COLLISION - OTHER,ANGLE,CURVE & HILLCREST,DUSK,,,3/16/2021 8:10:21 AM,False,5030,Accepted,
27890288,0568000,LOUISVILLE METRO POLICE DEPT,Accepted,JEFFERSON,KY1865,,TAYLOR,BLVD,,,MANITAU,,,,,38.184930751,-85.784025741,5.387,3/15/2021 12:00:00 AM,2217,2,2,0,1,CLEAR,WET,True,OPPOSING LEFT TURN,OPPOSING LEFT TURN,STRAIGHT & LEVEL,DARK-HWY LIGHTED/ON,,,3/16/2021 8:11:12 AM,False,7040,Accepted,
27886330,0568000,LOUISVILLE METRO POLICE DEPT,Accepted,JEFFERSON,I 0264,,I264 W,,,,,,,,,38.218242965,-85.657888769,,3/15/2021 12:00:00 AM,0020,2,2,0,0,RAINING,WET,False,SIDESWIPE COLLISION - SAME DIRECTION,SIDESWIPE-SAME DIRECTION,STRAIGHT & LEVEL,DARK-HWY LIGHTED/OFF,,,3/15/2021 9:21:59 AM,False,2816,Accepted,
27945961,0568000,LOUISVILLE METRO POLICE DEPT,Accepted,JEFFERSON,,900 S BLK,1ST,ST,,,,,,,,38.083600089,-85.663598646,0.340,3/15/2021 12:00:00 AM,0424,1,1,0,1,CLEAR,DRY,False,OTHER ROADWAY OR MID-BLOCK COLLISION,SINGLE VEHICLE,STRAIGHT & LEVEL,OTHER,,,3/30/2021 8:09:58 AM,False,2142,Accepted,
29312657,0568000,LOUISVILLE METRO POLICE DEPT,Accepted,JEFFERSON,,,BLOSSOM,LN,,,GOOSE CREEK,,,,,38.288176528,-85.579242130,0.006,3/15/2021 12:00:00 AM,1400,2,2,0,0,CLOUDY,WET,False,ANGLE COLLISION - OTHER,ANGLE,STRAIGHT & LEVEL,DAYLIGHT,,,11/15/2021 8:21:09 AM,False,5329,Accepted,
27914307,0568000,LOUISVILLE METRO POLICE DEPT,Accepted,JEFFERSON,,,TREVILIAN,WAY,,,,KY1703,NEWBURG,,TYCOON,38.212569229,-85.702846749,1.875,3/14/2021 12:00:00 AM,1445,3,3,0,0,RAINING,WET,False,1 VEHICLE ENTERING/LEAVING ENTRANCE,ANGLE,CURVE & LEVEL,DAYLIGHT,,,3/22/2021 8:28:16 AM,False,7938,Accepted,
27887172,0560000,JEFFERSON COUNTY SHERIFF DEPT.,Accepted,JEFFERSON,US0031E,,BARDSTOWN,RD,,I 0265,I265 W EXIT17 OFF RAMP TO US31E,,,,,38.143471024,-85.584067318,5.081,3/14/2021 12:00:00 AM,1215,2,2,0,0,RAINING,WET,False,SIDESWIPE-SAME DIRECTION,SIDESWIPE-SAME DIRECTION,STRAIGHT & LEVEL,DAYLIGHT,,,3/15/2021 1:27:23 PM,False,3699,Accepted,
27886327,0568000,LOUISVILLE METRO POLICE DEPT,Accepted,JEFFERSON,US0060A,,EASTERN,PKWY,,,BRADLEY,,,,,38.212472204,-85.747080694,4.281,3/14/2021 12:00:00 AM,1911,2,2,0,1,RAINING,WET,False,ANGLE COLLISION - OTHER,ANGLE,STRAIGHT & LEVEL,DUSK,,,3/15/2021 9:21:46 AM,False,5037,Accepted,
27886328,0568000,LOUISVILLE METRO POLICE DEPT,Accepted,JEFFERSON,US0031E,5908,BARDSTOWN,RD,,,,,WIMSATT,,KENTUCKY,38.160673593,-85.592721018,6.339,3/14/2021 12:00:00 AM,2120,1,1,0,0,RAINING,WET,False,COLLISION WITH FIXED OBJECT NON - INTERSECTION - FIRST EVENT COLLISION 09 - 32 EXCLUDING 16,SINGLE VEHICLE,CURVE & HILLCREST,DARK-HWY LIGHTED/ON,,,3/15/2021 9:21:50 AM,False,2775,Accepted,