IncidentID,AgencyORI,AgencyName,IncidentStatusDesc,County,RdwyNumber,Street,RoadwayName,StreetSfx,StreetDir,IntersectionRdwy,IntersectionRdwyName,BetweenStRdwy1,BetweenStRdwyName1,BetweenStRdwy2,BetweenStRdwyName2,Latitude,Longitude,Milepoint,CollisionDate,CollisionTime,UnitsInvolved,MotorVehiclesInvolved,NumberKilled,NumberInjured,Weather,RdwyConditionCode,HitandRun,DirAnalysisCode,MannerofCollision,RdwyCharacter,LightCondition,RampFromRdwyId,RampToRdwyId,AcceptedDate,IsSecondaryCollision,OwnerBadge,IncidentStatus,
27891935,0561900,AUDUBON PARK POLICE DEPARTMENT,Accepted,JEFFERSON,,,HESS,LN,,,,,CHICKADEE,,GREENUP,38.208461001,-85.728572729,0.484,3/14/2021 12:00:00 AM,1645,1,1,0,0,CLOUDY,WET,False,OTHER ROADWAY OR MID-BLOCK COLLISION,SINGLE VEHICLE,STRAIGHT & LEVEL,DAYLIGHT,,,3/16/2021 2:44:26 PM,True,5103,Accepted,
27890271,0568000,LOUISVILLE METRO POLICE DEPT,Accepted,JEFFERSON,,608,KENTUCKY,ST,E,,,,,,,38.237315285,-85.744466404,0.560,3/14/2021 12:00:00 AM,2103,1,1,0,1,CLEAR,DRY,False,COLLISION WITH FIXED OBJECT NON - INTERSECTION - FIRST EVENT COLLISION 09 - 32 EXCLUDING 16,SINGLE VEHICLE,STRAIGHT & LEVEL,DARK-HWY LIGHTED/ON,,,3/16/2021 8:09:32 AM,False,5249,Accepted,
27923887,0568000,LOUISVILLE METRO POLICE DEPT,Accepted,JEFFERSON,US0031W,,DIXIE,HWY,,,PENDLETON,,,,,38.062173255,-85.886568052,5.300,3/14/2021 12:00:00 AM,0021,2,2,0,0,CLEAR,DRY,True,OPPOSITE DIRECTION - BOTH VEHICLES GOING STRAIGHT AHEAD,SIDESWIPE-OPPOSITE DIRECTION,STRAIGHT & LEVEL,DARK-HWY LIGHTED/OFF,,,3/24/2021 9:54:02 AM,False,7277,Accepted,
27886318,0568000,LOUISVILLE METRO POLICE DEPT,Accepted,JEFFERSON,,,CLAY,ST,S,,MARSHALL,,,,,38.250015757,-85.740788451,0.346,3/14/2021 12:00:00 AM,0924,1,1,0,0,CLEAR,DRY,True,COLLISION WITH FIXED OBJECT IN INTERSECTION - FIRST EVENT COLLISION 09 - 32,SINGLE VEHICLE,STRAIGHT & LEVEL,DAYLIGHT,,,3/15/2021 9:21:13 AM,False,7118,Accepted,
27886319,0568000,LOUISVILLE METRO POLICE DEPT,Accepted,JEFFERSON,,,26TH,ST,N,CS1011A,MAIN,,,,,38.260727345,-85.793590086,0.001,3/14/2021 12:00:00 AM,1308,2,2,0,1,RAINING,WET,False,1 VEHICLE ENTERING/LEAVING ENTRANCE,ANGLE,STRAIGHT & GRADE,DAYLIGHT,,,3/15/2021 9:21:17 AM,False,5353,Accepted,
27886320,0568000,LOUISVILLE METRO POLICE DEPT,Accepted,JEFFERSON,KY0155,,TAYLORSVILLE,RD,,,,,OLD TAYLORSVILLE,,POPE LICK,38.190721425,-85.488639945,4.964,3/14/2021 12:00:00 AM,0154,2,2,0,2,RAINING,WET,False,HEAD-ON COLLISION,HEAD ON,STRAIGHT & LEVEL,DAYLIGHT,,,3/15/2021 9:21:20 AM,False,5297,Accepted,
27886313,0568000,LOUISVILLE METRO POLICE DEPT,Accepted,JEFFERSON,,,7TH,ST,S,,DAVIES,,,,,38.224274385,-85.771026825,0.451,3/14/2021 12:00:00 AM,0401,1,1,0,1,CLEAR,DRY,False,COLLISION WITH FIXED OBJECT IN INTERSECTION - FIRST EVENT COLLISION 09 - 32,SINGLE VEHICLE,STRAIGHT & GRADE,DARK-HWY LIGHTED/ON,,,3/15/2021 9:20:53 AM,False,7426,Accepted,
27886321,0568000,LOUISVILLE METRO POLICE DEPT,Accepted,JEFFERSON,I 0264,,,,,,,,,,,38.242444850,-85.814225386,0.194,3/14/2021 12:00:00 AM,1710,2,2,0,0,CLOUDY,WET,False,OTHER RAMP RELATED COLLISIONS NOT LISTED ABOVE,SIDESWIPE-SAME DIRECTION,STRAIGHT & LEVEL,DAYLIGHT,VIRGINIA AVE,I 0264,3/15/2021 9:21:23 AM,False,7937,Accepted,
27886303,0568000,LOUISVILLE METRO POLICE DEPT,Accepted,JEFFERSON,I 0264,,I264 E,,,,,,,,,38.226817547,-85.639058573,17.732,3/14/2021 12:00:00 AM,0049,4,4,0,6,CLEAR,DRY,True,REAR END IN TRAFFIC LANES BOTH VEHICLES MOVING,REAR END,STRAIGHT & LEVEL,DARK-HWY LIGHTED/ON,,,3/15/2021 9:20:32 AM,False,2816,Accepted,
27886322,0568000,LOUISVILLE METRO POLICE DEPT,Accepted,JEFFERSON,,,GHEENS,AVE,,,BUCKNER,,,,,38.168711462,-85.771829132,0.390,3/14/2021 12:00:00 AM,1634,2,2,0,0,CLOUDY,DRY,False,SIDESWIPE-SAME DIRECTION,SIDESWIPE-SAME DIRECTION,STRAIGHT & LEVEL,DAYLIGHT,,,3/15/2021 9:21:27 AM,False,7427,Accepted,
27886323,0568000,LOUISVILLE METRO POLICE DEPT,Accepted,JEFFERSON,,,DAISY,AVE,,,COLUMBIA,,,,,38.150856140,-85.849766565,0.475,3/14/2021 12:00:00 AM,1237,2,2,0,1,CLOUDY,WET,False,ANGLE COLLISION - OTHER,ANGLE,STRAIGHT & LEVEL,DAYLIGHT,,,3/15/2021 9:21:30 AM,False,7234,Accepted,
27886324,0568000,LOUISVILLE METRO POLICE DEPT,Accepted,JEFFERSON,,,SPRINGS STATION,RD,,,ROCK BAY,,,,,38.290993631,-85.506849421,0.193,3/14/2021 12:00:00 AM,1239,2,2,0,0,CLOUDY,DRY,False,HEAD-ON COLLISION,HEAD ON,STRAIGHT & LEVEL,DAYLIGHT,,,3/15/2021 9:21:34 AM,False,2109,Accepted,
27886331,0568000,LOUISVILLE METRO POLICE DEPT,Accepted,JEFFERSON,KY1727,,TERRY,RD,,,GRANDEL,,,,,38.155579706,-85.868382214,2.370,3/14/2021 12:00:00 AM,2000,2,2,0,1,CLOUDY,DRY,False,ANGLE COLLISION - OTHER,ANGLE,STRAIGHT & LEVEL,DUSK,,,3/15/2021 9:22:07 AM,False,2721,Accepted,
27886332,0568000,LOUISVILLE METRO POLICE DEPT,Accepted,JEFFERSON,,800,PHILLIPS,LN,,,,,,,,38.193114431,-85.740349571,0.695,3/14/2021 12:00:00 AM,0156,2,2,0,0,CLEAR,DRY,False,COLLISION IN PARKING LOT,HEAD ON,STRAIGHT & LEVEL,DARK-HWY LIGHTED/ON,,,3/15/2021 9:22:11 AM,False,5163,Accepted,
27890267,0568000,LOUISVILLE METRO POLICE DEPT,Accepted,JEFFERSON,I 0264,,I264 W,,,I 0264,I264 W EXIT4 ON RAMP FROM KY2056,,,,,38.219733350,-85.822268493,4.213,3/14/2021 12:00:00 AM,1837,2,2,0,0,CLOUDY,DRY,False,OTHER INTERSECTION COLLISIONS,REAR TO REAR,STRAIGHT & LEVEL,DAYLIGHT,,,3/16/2021 8:09:11 AM,False,7091,Accepted,
27886301,0568000,LOUISVILLE METRO POLICE DEPT,Accepted,JEFFERSON,,,JEFFERSON,ST,E,US0031E,BAXTER,,,,,38.251340473,-85.732902074,0.009,3/14/2021 12:00:00 AM,0145,1,1,0,1,CLEAR,DRY,False,COLLISION WITH FIXED OBJECT IN INTERSECTION - FIRST EVENT COLLISION 09 - 32,SINGLE VEHICLE,CURVE & LEVEL,DARK-HWY LIGHTED/ON,,,3/15/2021 9:20:25 AM,False,5122,Accepted,
27886325,0568000,LOUISVILLE METRO POLICE DEPT,Accepted,JEFFERSON,,3360,OLD OUTER,LOOP,,,,,,,,38.135954521,-85.697932822,0.217,3/14/2021 12:00:00 AM,1818,1,1,0,0,CLOUDY,WET,False,COLLISION WITH FIXED OBJECT NON - INTERSECTION - FIRST EVENT COLLISION 09 - 32 EXCLUDING 16,SINGLE VEHICLE,CURVE & LEVEL,DAYLIGHT,,,3/15/2021 9:21:37 AM,False,2324,Accepted,
27886333,0568000,LOUISVILLE METRO POLICE DEPT,Accepted,JEFFERSON,,,CHAMBERLAIN,LN,,,,,WINCHESTER ACRES,I 0265,I265 S EXIT33 OFF RAMP TO  CHAMBERLAIN LN,38.288181783,-85.526527547,0.868,3/14/2021 12:00:00 AM,2114,2,2,0,1,CLOUDY,WET,False,OTHER ROADWAY OR MID-BLOCK COLLISION,REAR END,STRAIGHT & LEVEL,DARK-HWY NOT LIGHTED,,,3/15/2021 9:22:22 AM,False,7751,Accepted,
27890275,0568000,LOUISVILLE METRO POLICE DEPT,Accepted,JEFFERSON,,,BROADWAY,,W,US0031W,22ND,,,,,38.249239746,-85.788238475,0.002,3/14/2021 12:00:00 AM,1242,2,2,0,0,RAINING,WET,False,ANGLE COLLISION - OTHER,ANGLE,STRAIGHT & LEVEL,DAYLIGHT,,,3/16/2021 8:09:46 AM,False,5365,Accepted,
27895919,0568000,LOUISVILLE METRO POLICE DEPT,Accepted,JEFFERSON,KY2052,,SHEPHERDSVILLE,RD,,KY1747,FERN VALLEY,,,,,38.155850854,-85.659744216,1.195,3/14/2021 12:00:00 AM,1744,2,2,0,0,CLOUDY,WET,False,OTHER INTERSECTION COLLISIONS,REAR END,STRAIGHT & LEVEL,DAYLIGHT,,,3/17/2021 9:46:24 AM,False,6937,Accepted,
27901080,0568000,LOUISVILLE METRO POLICE DEPT,Accepted,JEFFERSON,,,28TH,ST,S,,CHESTNUT,,,,,38.253365877,-85.797617579,0.533,3/14/2021 12:00:00 AM,1850,2,2,0,1,CLEAR,DRY,False,ANGLE COLLISION - OTHER,ANGLE,STRAIGHT & LEVEL,DAYLIGHT,,,3/18/2021 1:04:32 PM,False,5047,Accepted,
28029560,0568000,LOUISVILLE METRO POLICE DEPT,Accepted,JEFFERSON,US0031E,942,BAXTER,AVE,,,,,,,,38.241876863,-85.725583779,15.769,3/14/2021 12:00:00 AM,0030,1,1,0,0,CLEAR,DRY,True,COLLISION WITH FIXED OBJECT NON - INTERSECTION - FIRST EVENT COLLISION 09 - 32 EXCLUDING 16,SINGLE VEHICLE,STRAIGHT & LEVEL,DARK-HWY LIGHTED/ON,,,4/19/2021 9:02:55 AM,False,7022,Accepted,
27973500,0568000,LOUISVILLE METRO POLICE DEPT,Accepted,JEFFERSON,,,3RD,ST,N,I 0064,I64 W EXIT5 OFF RAMP TO  N  3RD ST,,,,,38.258617003,-85.754414039,0.140,3/14/2021 12:00:00 AM,1715,2,1,0,0,RAINING,WET,False,SIDESWIPE-SAME DIRECTION,SIDESWIPE-SAME DIRECTION,STRAIGHT & GRADE,DAYLIGHT,,,4/5/2021 2:02:22 PM,False,2661,Accepted,
28029559,0568000,LOUISVILLE METRO POLICE DEPT,Accepted,JEFFERSON,,,CHRISTY,AVE,,,,,,,,38.241706921,-85.726774202,0.061,3/13/2021 12:00:00 AM,2200,4,4,0,0,CLEAR,DRY,False,1 VEHICLE ENTERING/LEAVING ENTRANCE,ANGLE,STRAIGHT & LEVEL,DARK-HWY LIGHTED/ON,,,4/19/2021 9:02:49 AM,False,7022,Accepted,
28010853,0561900,AUDUBON PARK POLICE DEPARTMENT,Accepted,JEFFERSON,KY0061,3320,PRESTON,HWY,,,,,KFEC GATE6 DR,,UNION,38.199772876,-85.733008161,8.886,3/13/2021 12:00:00 AM,0352,2,2,0,1,CLOUDY,DRY,True,REAR END IN TRAFFIC LANES BOTH VEHICLES MOVING,REAR END,STRAIGHT & LEVEL,DARK-HWY LIGHTED/ON,,,4/14/2021 1:49:11 PM,False,5099,Accepted,
27895893,0568000,LOUISVILLE METRO POLICE DEPT,Accepted,JEFFERSON,,3817,INDIAN,TRL,E,,,KY0864,POPLAR LEVEL,,LODEMA,38.171300244,-85.685654608,1.160,3/13/2021 12:00:00 AM,1215,2,2,0,0,CLEAR,DRY,False,REAR END IN TRAFFIC LANES BOTH VEHICLES MOVING,REAR END,STRAIGHT & LEVEL,DAYLIGHT,,,3/17/2021 9:44:18 AM,False,7938,Accepted,
27886309,0568000,LOUISVILLE METRO POLICE DEPT,Accepted,JEFFERSON,KY1450,,BLUE LICK,RD,,,MAYNARD,,,,,38.111490076,-85.690220463,1.835,3/13/2021 12:00:00 AM,1917,2,2,0,1,CLEAR,DRY,False,ANGLE COLLISION - OTHER,ANGLE,STRAIGHT & LEVEL,DUSK,,,3/15/2021 9:20:42 AM,False,7474,Accepted,
27886283,0568000,LOUISVILLE METRO POLICE DEPT,Accepted,JEFFERSON,,,PORTLAND,AVE,,US0150,22ND,,,,,38.268363613,-85.782486180,0.693,3/13/2021 12:00:00 AM,1130,2,2,0,0,CLOUDY,DRY,False,OTHER INTERSECTION COLLISIONS,REAR END,STRAIGHT & LEVEL,DAYLIGHT,,,3/15/2021 9:18:49 AM,False,5353,Accepted,
27886276,0568000,LOUISVILLE METRO POLICE DEPT,Accepted,JEFFERSON,US0031E,,BARDSTOWN,RD,,,,,FERN CREEK,,NEWBRIDGE,38.157317888,-85.590881778,6.089,3/13/2021 12:00:00 AM,0815,2,2,0,0,CLOUDY,DRY,True,REAR END IN TRAFFIC LANES BOTH VEHICLES MOVING,REAR END,STRAIGHT & LEVEL,DAYLIGHT,,,3/15/2021 9:18:27 AM,False,7755,Accepted,
27886284,0568000,LOUISVILLE METRO POLICE DEPT,Accepted,JEFFERSON,KY0061,,PRESTON,HWY,,,,,RACHEL,,MCCAWLEY,38.144535198,-85.690111840,4.355,3/13/2021 12:00:00 AM,1602,2,2,0,1,CLEAR,DRY,False,HEAD-ON COLLISION,HEAD ON,STRAIGHT & LEVEL,DAYLIGHT,,,3/15/2021 9:18:53 AM,False,2547,Accepted,
27886281,0568000,LOUISVILLE METRO POLICE DEPT,Accepted,JEFFERSON,,,PRESTON,ST,N,US0031E,MAIN,,,,,38.255455065,-85.745889370,0.002,3/13/2021 12:00:00 AM,1520,2,1,0,1,CLEAR,DRY,False,COLLISION WITH BICYCLE IN INTERSECTION,SINGLE VEHICLE,STRAIGHT & LEVEL,DAYLIGHT,,,3/15/2021 9:18:42 AM,False,7058,Accepted,
27886291,0568000,LOUISVILLE METRO POLICE DEPT,Accepted,JEFFERSON,KY1865,,TAYLOR,BLVD,,,WALTER,,,,,38.175946269,-85.782649824,4.756,3/13/2021 12:00:00 AM,1327,2,2,0,0,CLEAR,DRY,False,ANGLE COLLISION - OTHER,ANGLE,STRAIGHT & LEVEL,DAYLIGHT,,,3/15/2021 9:19:44 AM,False,5221,Accepted,
27886298,0568000,LOUISVILLE METRO POLICE DEPT,Accepted,JEFFERSON,,,3RD,ST,S,,IROQUOIS,,,,,38.170680025,-85.768134569,1.943,3/13/2021 12:00:00 AM,2311,2,2,0,0,CLEAR,DRY,True,OTHER INTERSECTION COLLISIONS,REAR END,STRAIGHT & LEVEL,DARK-HWY LIGHTED/ON,,,3/15/2021 9:20:08 AM,False,5139,Accepted,
27886299,0568000,LOUISVILLE METRO POLICE DEPT,Accepted,JEFFERSON,,,BROADWAY,,W,US0031W,22ND,,,,,38.249278487,-85.788217569,0.004,3/13/2021 12:00:00 AM,2250,2,2,0,2,CLEAR,DRY,False,ANGLE COLLISION - OTHER,ANGLE,STRAIGHT & LEVEL,DARK-HWY LIGHTED/ON,,,3/15/2021 9:20:18 AM,False,5047,Accepted,
27886300,0568000,LOUISVILLE METRO POLICE DEPT,Accepted,JEFFERSON,US0042,,BROWNSBORO,RD,,,HILLCREST,,,,,38.260602870,-85.685760491,2.747,3/13/2021 12:00:00 AM,1912,2,2,0,0,CLEAR,DRY,False,OPPOSING LEFT TURN,OPPOSING LEFT TURN,STRAIGHT & LEVEL,DARK-HWY LIGHTED/ON,,,3/15/2021 9:20:22 AM,False,5029,Accepted,
27886314,0568000,LOUISVILLE METRO POLICE DEPT,Accepted,JEFFERSON,,650,29TH,ST,S,,,,,,,38.252410868,-85.799448531,0.412,3/13/2021 12:00:00 AM,1731,2,2,0,0,CLEAR,DRY,False,VEHICLE BACKING NON INTERSECTION,BACKING,STRAIGHT & LEVEL,DAYLIGHT,,,3/15/2021 9:20:57 AM,False,7969,Accepted,
27886316,0568000,LOUISVILLE METRO POLICE DEPT,Accepted,JEFFERSON,,,3RD,ST,S,KY2801,SOUTHERN HEIGHTS,,,,,38.189178225,-85.764889087,0.788,3/13/2021 12:00:00 AM,1720,2,2,0,0,CLEAR,DRY,False,HEAD-ON COLLISION,HEAD ON,STRAIGHT & LEVEL,DAYLIGHT,,,3/15/2021 9:21:05 AM,False,5337,Accepted,
27941485,0568000,LOUISVILLE METRO POLICE DEPT,Accepted,JEFFERSON,,,DIXIE,HWY,,KY2054,ALGONQUIN,,,,,38.223162526,-85.792527933,1.867,3/13/2021 12:00:00 AM,0200,2,2,0,1,CLEAR,DRY,False,OPPOSING LEFT TURN,OPPOSING LEFT TURN,STRAIGHT & LEVEL,DARK-HWY LIGHTED/ON,,,3/29/2021 8:49:46 AM,False,5325,Accepted,
27904694,0568000,LOUISVILLE METRO POLICE DEPT,Accepted,JEFFERSON,KY1065,,OUTER,LOOP,,,,,WOODCREST,,LAMBERT,38.138086251,-85.679101927,6.478,3/13/2021 12:00:00 AM,1140,2,2,0,2,CLOUDY,DRY,False,SIDESWIPE COLLISION - SAME DIRECTION,SIDESWIPE-SAME DIRECTION,STRAIGHT & LEVEL,DAYLIGHT,,,3/19/2021 9:24:02 AM,False,2583,Accepted,
27904695,0568000,LOUISVILLE METRO POLICE DEPT,Accepted,JEFFERSON,KY1020,,SOUTHSIDE,DR,,,STRAWBERRY,,,,,38.158103143,-85.764676089,6.089,3/13/2021 12:00:00 AM,1638,2,2,0,2,CLOUDY,DRY,False,ANGLE COLLISION - OTHER,ANGLE,STRAIGHT & LEVEL,DAYLIGHT,,,3/19/2021 9:24:07 AM,False,7768,Accepted,
27886296,0568000,LOUISVILLE METRO POLICE DEPT,Accepted,JEFFERSON,,,9TH,ST,S,,,,,,,38.240388634,-85.768012278,0.450,3/13/2021 12:00:00 AM,1942,2,2,0,1,CLEAR,DRY,True,1 VEHICLE ENTERING/LEAVING ENTRANCE,ANGLE,STRAIGHT & LEVEL,DARK-HWY LIGHTED/ON,,,3/15/2021 9:20:01 AM,False,5216,Accepted,
27918689,0568000,LOUISVILLE METRO POLICE DEPT,Accepted,JEFFERSON,,,BEECH,ST,,,,,,,,38.228534705,-85.805537260,0.687,3/13/2021 12:00:00 AM,0400,1,1,0,0,CLEAR,GRAVEL,False,OTHER ROADWAY OR MID-BLOCK COLLISION,SINGLE VEHICLE,STRAIGHT & LEVEL,DARK-HWY LIGHTED/ON,,,3/23/2021 8:20:34 AM,False,7154,Accepted,
27886271,0568000,LOUISVILLE METRO POLICE DEPT,Accepted,JEFFERSON,I 0065,,I65 S,,,,,,,,,38.251456806,-85.749082502,135.731,3/13/2021 12:00:00 AM,0643,2,2,0,1,CLEAR,DRY,True,SIDESWIPE COLLISION - SAME DIRECTION,SIDESWIPE-SAME DIRECTION,CURVE & LEVEL,DAYLIGHT,,,3/15/2021 9:17:51 AM,False,7386,Accepted,
27886280,0568000,LOUISVILLE METRO POLICE DEPT,Accepted,JEFFERSON,I 0264,,I264 E,,,,,I 0264,I264 E EXIT20 TRANSIT,I 0264,I264 E EXIT20 OFF RAMP TO US60,38.241988401,-85.621849225,19.210,3/13/2021 12:00:00 AM,1250,2,2,0,0,CLOUDY,DRY,False,REAR END IN TRAFFIC LANES BOTH VEHICLES MOVING,REAR END,STRAIGHT & LEVEL,DAYLIGHT,,,3/15/2021 9:18:39 AM,False,2013,Accepted,
27886312,0568000,LOUISVILLE METRO POLICE DEPT,Accepted,JEFFERSON,KY1934,4415,CANE RUN,RD,,,KRISTIN,,,,,38.197486498,-85.839659269,9.010,3/13/2021 12:00:00 AM,2006,2,2,0,0,CLEAR,DRY,False,OTHER INTERSECTION COLLISIONS,REAR END,STRAIGHT & LEVEL,DARK-HWY LIGHTED/ON,,,3/15/2021 9:20:49 AM,False,5363,Accepted,
27886270,0568000,LOUISVILLE METRO POLICE DEPT,Accepted,JEFFERSON,,1326,WALTER,AVE,,,,,LONSDALE,KY1865,TAYLOR,38.175871094,-85.783762570,0.352,3/13/2021 12:00:00 AM,0440,3,3,0,1,CLEAR,DRY,False,1 VEHICLE PARKED POSITION (NOT PARKING LOT/DRIVEWAY),SIDESWIPE-SAME DIRECTION,STRAIGHT & LEVEL,DARK-HWY LIGHTED/ON,,,3/15/2021 9:17:43 AM,False,5245,Accepted,
27886288,0568000,LOUISVILLE METRO POLICE DEPT,Accepted,JEFFERSON,I 0264,,I264 E,,,,,,,,,38.218848011,-85.656343021,16.641,3/13/2021 12:00:00 AM,1215,2,2,0,1,CLOUDY,DRY,False,REAR END IN TRAFFIC LANES BOTH VEHICLES MOVING,REAR END,STRAIGHT & LEVEL,DAYLIGHT,,,3/15/2021 9:19:21 AM,False,6813,Accepted,
27924199,0568000,LOUISVILLE METRO POLICE DEPT,Accepted,JEFFERSON,,,MUHAMMAD ALI,BLVD,W,,17TH,,,,,38.253609418,-85.779061495,1.447,3/13/2021 12:00:00 AM,1847,2,2,0,1,CLOUDY,DRY,False,ANGLE COLLISION - OTHER,ANGLE,STRAIGHT & GRADE,DUSK,,,3/24/2021 11:05:19 AM,False,2661,Accepted,
27886294,0568000,LOUISVILLE METRO POLICE DEPT,Accepted,JEFFERSON,,,BROOK,ST,S,,CHESTNUT,,,,,38.248316071,-85.751840270,3.038,3/12/2021 12:00:00 AM,0715,2,2,0,2,RAINING,WET,False,ANGLE COLLISION - OTHER,ANGLE,STRAIGHT & LEVEL,DAYLIGHT,,,3/15/2021 9:19:54 AM,False,5135,Accepted,
27886268,0568000,LOUISVILLE METRO POLICE DEPT,Accepted,JEFFERSON,,,GARLAND,AVE,,,32ND,,,,,38.245665106,-85.806612278,2.133,3/12/2021 12:00:00 AM,2014,2,2,0,1,CLEAR,DRY,True,HEAD-ON COLLISION,HEAD ON,STRAIGHT & LEVEL,DARK-HWY LIGHTED/ON,,,3/15/2021 9:17:31 AM,False,5132,Accepted,
27886269,0568000,LOUISVILLE METRO POLICE DEPT,Accepted,JEFFERSON,,,LANDING,DR,,,,,,,,38.183261743,-85.643391498,0.024,3/12/2021 12:00:00 AM,2311,1,1,0,0,CLEAR,DRY,True,COLLISION WITH FIXED OBJECT NON - INTERSECTION - FIRST EVENT COLLISION 09 - 32 EXCLUDING 16,SINGLE VEHICLE,CURVE & LEVEL,DARK-HWY LIGHTED/ON,,,3/15/2021 9:17:36 AM,False,5153,Accepted,
27886311,0568000,LOUISVILLE METRO POLICE DEPT,Accepted,JEFFERSON,KY2051,,ROCKFORD,LN,,,,,,,,38.180613702,-85.852738182,1.708,3/12/2021 12:00:00 AM,2231,2,2,0,0,CLEAR,DRY,True,SIDESWIPE COLLISION - OPPOSITE DIRECTION,SIDESWIPE-OPPOSITE DIRECTION,CURVE & LEVEL,DARK-HWY NOT LIGHTED,,,3/15/2021 9:20:46 AM,False,5170,Accepted,
27886244,0568000,LOUISVILLE METRO POLICE DEPT,Accepted,JEFFERSON,I 0065,,,,,,,,,,,38.227073991,-85.751334115,0.034,3/12/2021 12:00:00 AM,0818,2,2,0,0,RAINING,WET,True,OTHER RAMP RELATED COLLISIONS NOT LISTED ABOVE,SIDESWIPE-SAME DIRECTION,CURVE & LEVEL,DAYLIGHT,I 0065,KY0061,3/15/2021 9:15:56 AM,False,5120,Accepted,
27886251,0568000,LOUISVILLE METRO POLICE DEPT,Accepted,JEFFERSON,I 0065,,I65 N,,,,,,,,,38.169952433,-85.720501796,129.161,3/12/2021 12:00:00 AM,0942,2,2,0,0,CLOUDY,WET,True,REAR END IN TRAFFIC LANES BOTH VEHICLES MOVING,REAR END,STRAIGHT & LEVEL,DAYLIGHT,,,3/15/2021 9:16:16 AM,False,4693,Accepted,
27886253,0568000,LOUISVILLE METRO POLICE DEPT,Accepted,JEFFERSON,KY2052,,SHEPHERDSVILLE,RD,,,,,,,,38.158141565,-85.659890888,1.349,3/12/2021 12:00:00 AM,1355,2,2,0,1,CLEAR,DRY,False,1 VEHICLE ENTERING/LEAVING ENTRANCE,ANGLE,STRAIGHT & LEVEL,DAYLIGHT,,,3/15/2021 9:16:19 AM,False,4693,Accepted,
27886260,0568000,LOUISVILLE METRO POLICE DEPT,Accepted,JEFFERSON,I 0264,,I264 E,,,,,,,,,38.226789899,-85.639055412,17.731,3/12/2021 12:00:00 AM,1543,3,3,0,3,CLEAR,DRY,True,REAR END IN TRAFFIC LANES BOTH VEHICLES MOVING,REAR END,STRAIGHT & LEVEL,DAYLIGHT,,,3/15/2021 9:16:44 AM,False,6813,Accepted,
27886261,0568000,LOUISVILLE METRO POLICE DEPT,Accepted,JEFFERSON,KY1865,,NEW CUT,RD,,KY1142,PALATKA,,,,,38.150785235,-85.776349871,3.010,3/12/2021 12:00:00 AM,1151,2,2,0,0,CLOUDY,DRY,False,ANGLE COLLISION - OTHER,ANGLE,STRAIGHT & LEVEL,DAYLIGHT,,,3/15/2021 9:16:48 AM,False,7768,Accepted,
27886279,0568000,LOUISVILLE METRO POLICE DEPT,Accepted,JEFFERSON,KY0907,,3RD ST,RD,,,,,,,,38.117487143,-85.806682526,3.686,3/12/2021 12:00:00 AM,1053,1,1,0,0,RAINING,WET,False,COLLISION WITH FIXED OBJECT NON - INTERSECTION - FIRST EVENT COLLISION 09 - 32 EXCLUDING 16,SINGLE VEHICLE,STRAIGHT & LEVEL,DAYLIGHT,,,3/15/2021 9:18:36 AM,False,7174,Accepted,
27888661,0560600,WEST BUECHEL POLICE DEPT.,Accepted,JEFFERSON,,3616,BUECHEL BYPASS,,,,,,,,,38.191204169,-85.652098126,0.013,3/12/2021 12:00:00 AM,1130,1,1,0,0,CLOUDY,WET,True,COLLISION IN PARKING LOT,SINGLE VEHICLE,STRAIGHT & LEVEL,DAYLIGHT,,,3/15/2021 8:09:46 PM,False,1264,Accepted,
27901052,0568000,LOUISVILLE METRO POLICE DEPT,Accepted,JEFFERSON,,,ST CATHERINE,ST,W,,1ST,,,,,38.236886165,-85.754930023,0.001,3/12/2021 12:00:00 AM,1739,2,2,0,0,CLEAR,DRY,False,ANGLE COLLISION - OTHER,ANGLE,STRAIGHT & LEVEL,DAYLIGHT,,,3/18/2021 1:03:09 PM,False,5186,Accepted,
27886241,0568000,LOUISVILLE METRO POLICE DEPT,Accepted,JEFFERSON,I 0065,,I65 N,,,,,,,,,38.190312472,-85.729181648,130.733,3/12/2021 12:00:00 AM,0859,2,2,0,0,RAINING,WATER (STANDING OR MOVING),False,SIDESWIPE COLLISION - SAME DIRECTION,SIDESWIPE-SAME DIRECTION,STRAIGHT & LEVEL,DAYLIGHT,,,3/15/2021 9:15:49 AM,False,2499,Accepted,
27886247,0568000,LOUISVILLE METRO POLICE DEPT,Accepted,JEFFERSON,KY1747,,FERN VALLEY,RD,,KY0864,POPLAR LEVEL,,,,,38.157837128,-85.645949038,4.781,3/12/2021 12:00:00 AM,1310,2,2,0,0,CLEAR,DRY,False,ANGLE COLLISION - ONE VEHICLE TURNING LEFT,ANGLE,STRAIGHT & LEVEL,DAYLIGHT,,,3/15/2021 9:16:03 AM,False,2959,Accepted,