IncidentID,AgencyORI,AgencyName,IncidentStatusDesc,County,RdwyNumber,Street,RoadwayName,StreetSfx,StreetDir,IntersectionRdwy,IntersectionRdwyName,BetweenStRdwy1,BetweenStRdwyName1,BetweenStRdwy2,BetweenStRdwyName2,Latitude,Longitude,Milepoint,CollisionDate,CollisionTime,UnitsInvolved,MotorVehiclesInvolved,NumberKilled,NumberInjured,Weather,RdwyConditionCode,HitandRun,DirAnalysisCode,MannerofCollision,RdwyCharacter,LightCondition,RampFromRdwyId,RampToRdwyId,AcceptedDate,IsSecondaryCollision,OwnerBadge,IncidentStatus,
27886248,0568000,LOUISVILLE METRO POLICE DEPT,Accepted,JEFFERSON,KY1747,3301,FERN VALLEY,RD,,,,,,,,38.156937348,-85.700438373,1.743,3/12/2021 12:00:00 AM,0942,2,2,0,1,CLOUDY,WET,False,SIDESWIPE COLLISION - SAME DIRECTION,SIDESWIPE-SAME DIRECTION,STRAIGHT & LEVEL,DAYLIGHT,,,3/15/2021 9:16:06 AM,False,2324,Accepted,
27886256,0568000,LOUISVILLE METRO POLICE DEPT,Accepted,JEFFERSON,KY1065,,OUTER,LOOP,,KY2052,SHEPHERDSVILLE,,,,,38.138963613,-85.656985162,7.689,3/12/2021 12:00:00 AM,1529,2,2,0,0,CLEAR,DRY,False,ANGLE COLLISION - OTHER,ANGLE,STRAIGHT & LEVEL,DAYLIGHT,,,3/15/2021 9:16:31 AM,False,2547,Accepted,
27886257,0568000,LOUISVILLE METRO POLICE DEPT,Accepted,JEFFERSON,US0031W,,DIXIE,HWY,,,JOHNSONTOWN,,,,,38.121153838,-85.855632952,9.744,3/12/2021 12:00:00 AM,1522,2,2,0,1,CLEAR,DRY,False,ANGLE COLLISION - OTHER,ANGLE,STRAIGHT & LEVEL,DAYLIGHT,,,3/15/2021 9:16:34 AM,False,2021,Accepted,
27886264,0568000,LOUISVILLE METRO POLICE DEPT,Accepted,JEFFERSON,US0031W,,DIXIE,HWY,,,,,TEXTILE,,WELLS,38.146994791,-85.838091840,11.865,3/12/2021 12:00:00 AM,1229,2,2,0,0,CLEAR,DRY,False,OTHER ROADWAY OR MID-BLOCK COLLISION,REAR END,STRAIGHT & LEVEL,DAYLIGHT,,,3/15/2021 9:17:00 AM,False,5312,Accepted,
27886265,0568000,LOUISVILLE METRO POLICE DEPT,Accepted,JEFFERSON,,,16TH,ST,S,,MADISON,,,,,38.252255568,-85.777585418,0.408,3/12/2021 12:00:00 AM,1715,2,2,0,0,CLEAR,DRY,False,ANGLE COLLISION - OTHER,ANGLE,STRAIGHT & LEVEL,DAYLIGHT,,,3/15/2021 9:17:04 AM,False,7361,Accepted,
27886266,0568000,LOUISVILLE METRO POLICE DEPT,Accepted,JEFFERSON,KY1934,,GREENBELT,HWY,,,RAGGARD,,,,,38.174571371,-85.871150505,6.618,3/12/2021 12:00:00 AM,1743,2,2,0,0,CLEAR,DRY,False,SIDESWIPE-SAME DIRECTION,SIDESWIPE-SAME DIRECTION,STRAIGHT & LEVEL,DAYLIGHT,,,3/15/2021 9:17:10 AM,False,5321,Accepted,
27886273,0568000,LOUISVILLE METRO POLICE DEPT,Accepted,JEFFERSON,US0031E,,BARDSTOWN,RD,,,FERNDALE,,,,,38.155820146,-85.590258062,5.937,3/12/2021 12:00:00 AM,1658,2,2,0,0,CLEAR,DRY,True,COLLISION IN PARKING LOT,ANGLE,STRAIGHT & LEVEL,DAYLIGHT,,,3/15/2021 9:18:03 AM,False,7755,Accepted,
27876607,0568000,LOUISVILLE METRO POLICE DEPT,Accepted,JEFFERSON,KY0022,,BROWNSBORO,RD,,,,,,,,38.308944986,-85.572736111,4.081,3/12/2021 12:00:00 AM,0516,2,2,0,0,RAINING,WET,False,1 VEHICLE ENTERING/LEAVING ENTRANCE,ANGLE,STRAIGHT & LEVEL,DUSK,,,3/12/2021 9:18:57 AM,False,2346,Accepted,
27886242,0568000,LOUISVILLE METRO POLICE DEPT,Accepted,JEFFERSON,US0031W,,22ND,ST,S,,ST LOUIS,,,,,38.233692268,-85.790886591,18.511,3/12/2021 12:00:00 AM,0930,2,2,0,0,CLOUDY,WET,False,ANGLE COLLISION - OTHER,ANGLE,STRAIGHT & LEVEL,DAYLIGHT,,,3/15/2021 9:15:53 AM,False,5369,Accepted,
27886250,0568000,LOUISVILLE METRO POLICE DEPT,Accepted,JEFFERSON,KY1065,,LOVERS,LN,,,,,,,,38.151553413,-85.576208008,12.487,3/12/2021 12:00:00 AM,0640,2,2,0,0,RAINING,WET,True,SIDESWIPE COLLISION - OPPOSITE DIRECTION,SIDESWIPE-OPPOSITE DIRECTION,STRAIGHT & LEVEL,DARK (UNKNOWN ROADWAY LIGHTING),,,3/15/2021 9:16:13 AM,False,4693,Accepted,
27886258,0568000,LOUISVILLE METRO POLICE DEPT,Accepted,JEFFERSON,US0150,,BROADWAY,,W,,12TH ST CONN,,,,,38.247501163,-85.771590505,1.656,3/12/2021 12:00:00 AM,1630,2,2,0,1,CLEAR,DRY,False,ANGLE COLLISION - OTHER,ANGLE,STRAIGHT & LEVEL,DAYLIGHT,,,3/15/2021 9:16:38 AM,False,7937,Accepted,
27886259,0568000,LOUISVILLE METRO POLICE DEPT,Accepted,JEFFERSON,,1510,SCHUFF,LN,,,,,,,,38.205717260,-85.693846175,0.031,3/12/2021 12:00:00 AM,1600,2,2,0,0,CLEAR,DRY,False,COLLISION IN PARKING LOT,BACKING,STRAIGHT & GRADE,DAYLIGHT,,,3/15/2021 9:16:41 AM,False,2928,Accepted,
27886267,0568000,LOUISVILLE METRO POLICE DEPT,Accepted,JEFFERSON,,,DIXIE,HWY,,,HILL,,,,,38.228388051,-85.790427830,1.490,3/12/2021 12:00:00 AM,0929,2,2,0,0,RAINING,WET,False,ANGLE COLLISION - ONE VEHICLE TURNING RIGHT,ANGLE,STRAIGHT & LEVEL,DAYLIGHT,,,3/15/2021 9:17:18 AM,False,7091,Accepted,
27904715,0568000,LOUISVILLE METRO POLICE DEPT,Accepted,JEFFERSON,I 0265,,I265 S,,,,,,,,,38.248932477,-85.503192363,27.258,3/12/2021 12:00:00 AM,1240,2,2,0,1,CLEAR,DRY,True,SIDESWIPE COLLISION - SAME DIRECTION,SIDESWIPE-SAME DIRECTION,STRAIGHT & LEVEL,DAYLIGHT,,,3/19/2021 9:25:06 AM,False,7615,Accepted,
27878667,0561000,JEFFERSONTOWN POLICE DEPT,Accepted,JEFFERSON,I 0064,,I64 E,,,,,I 0064,I64 E EXIT15 ON RAMP FROM KY1747,I 0064,I64 E EXIT17 OFF RAMP TO KY913,38.222677471,-85.574527109,15.271,3/12/2021 12:00:00 AM,1822,2,2,0,2,CLEAR,DRY,False,SIDESWIPE COLLISION - SAME DIRECTION,SIDESWIPE-SAME DIRECTION,STRAIGHT & LEVEL,DAWN,,,3/12/2021 9:54:50 PM,False,8315,Accepted,
27886246,0568000,LOUISVILLE METRO POLICE DEPT,Accepted,JEFFERSON,,,BRECKINRIDGE,ST,W,,9TH,,,,,38.243105083,-85.767585077,0.716,3/12/2021 12:00:00 AM,1200,2,2,0,0,CLOUDY,WET,False,OTHER INTERSECTION COLLISIONS,REAR END,STRAIGHT & LEVEL,DAYLIGHT,,,3/15/2021 9:16:00 AM,False,2927,Accepted,
27886254,0568000,LOUISVILLE METRO POLICE DEPT,Accepted,JEFFERSON,,925,CECIL,AVE,,,,,GARLAND,,GREENWOOD,38.245226559,-85.820914905,1.024,3/12/2021 12:00:00 AM,1418,2,2,0,2,CLEAR,DRY,False,SIDESWIPE COLLISION - SAME DIRECTION,SIDESWIPE-SAME DIRECTION,STRAIGHT & LEVEL,DAYLIGHT,,,3/15/2021 9:16:24 AM,False,7328,Accepted,
27886263,0568000,LOUISVILLE METRO POLICE DEPT,Accepted,JEFFERSON,I 0264,,I264 E,,,,,,,,,38.190058811,-85.759830572,10.382,3/12/2021 12:00:00 AM,1600,4,4,0,0,CLEAR,DRY,False,OTHER ROADWAY OR MID-BLOCK COLLISION,REAR END,STRAIGHT & GRADE,DAYLIGHT,,,3/15/2021 9:16:56 AM,False,7116,Accepted,
27876608,0568000,LOUISVILLE METRO POLICE DEPT,Accepted,JEFFERSON,I 0265,,I265 E,,,,,,,,,38.114739091,-85.662103979,12.505,3/12/2021 12:00:00 AM,0433,1,1,0,0,RAINING,WET,False,OTHER ROADWAY OR MID-BLOCK COLLISION,SINGLE VEHICLE,STRAIGHT & LEVEL,DARK-HWY LIGHTED/OFF,,,3/12/2021 9:19:01 AM,False,5138,Accepted,
27876609,0568000,LOUISVILLE METRO POLICE DEPT,Accepted,JEFFERSON,US0150,,BROADWAY,,W,,,,1ST,KY1020,2ND,38.245769345,-85.753587830,2.643,3/12/2021 12:00:00 AM,0554,2,2,0,1,RAINING,WET,False,OTHER ROADWAY OR MID-BLOCK COLLISION,OPPOSING LEFT TURN,STRAIGHT & LEVEL,DARK-HWY LIGHTED/ON,,,3/12/2021 9:19:04 AM,False,5271,Accepted,
27876610,0568000,LOUISVILLE METRO POLICE DEPT,Accepted,JEFFERSON,,,5TH,ST,S,,LONGFIELD,,,,,38.198552748,-85.768435743,1.587,3/12/2021 12:00:00 AM,0634,1,1,0,0,RAINING,WET,False,COLLISION WITH FIXED OBJECT IN INTERSECTION - FIRST EVENT COLLISION 09 - 32,SINGLE VEHICLE,STRAIGHT & LEVEL,DAWN,,,3/12/2021 9:19:10 AM,False,7010,Accepted,
28014536,0568000,LOUISVILLE METRO POLICE DEPT,Accepted,JEFFERSON,,,PHILLIPS,LN,,,FREEDOM,,,,,38.193812847,-85.739171840,0.769,3/12/2021 12:00:00 AM,2214,2,1,0,1,CLEAR,DRY,False,COLLISION WITH BICYCLE IN INTERSECTION,SINGLE VEHICLE,STRAIGHT & LEVEL,DARK-HWY LIGHTED/ON,,,4/15/2021 8:54:15 AM,False,5300,Accepted,
27874912,0561000,JEFFERSONTOWN POLICE DEPT,Accepted,JEFFERSON,KY1819,,BILLTOWN,RD,,,FAIRGROUND,,,,,38.173294808,-85.572943089,7.663,3/11/2021 12:00:00 AM,1842,2,2,0,1,CLEAR,DRY,False,ANGLE COLLISION - OTHER,ANGLE,STRAIGHT & LEVEL,DUSK,,,3/11/2021 9:12:51 PM,False,8267,Accepted,
27876602,0568000,LOUISVILLE METRO POLICE DEPT,Accepted,JEFFERSON,KY1020,,3RD,ST,S,,ST CATHERINE,,,,,38.237303761,-85.758289232,11.484,3/11/2021 12:00:00 AM,1406,2,2,0,0,CLOUDY,DRY,False,SIDESWIPE-SAME DIRECTION,SIDESWIPE-SAME DIRECTION,STRAIGHT & LEVEL,DAYLIGHT,,,3/12/2021 9:18:43 AM,False,5111,Accepted,
27876603,0568000,LOUISVILLE METRO POLICE DEPT,Accepted,JEFFERSON,KY1020,,3RD,ST,S,,ORMSBY,,,,,38.232710612,-85.759043008,11.171,3/11/2021 12:00:00 AM,1118,1,1,0,0,CLOUDY,DRY,False,OTHER INTERSECTION COLLISIONS,SINGLE VEHICLE,STRAIGHT & LEVEL,DAYLIGHT,,,3/12/2021 9:18:46 AM,False,5175,Accepted,
27886290,0568000,LOUISVILLE METRO POLICE DEPT,Accepted,JEFFERSON,US0031E,,MARKET,ST,W,US0031W,2ND,,,,,38.254927174,-85.753633948,17.782,3/11/2021 12:00:00 AM,1000,2,2,0,0,CLOUDY,DRY,False,OTHER INTERSECTION COLLISIONS,REAR END,STRAIGHT & GRADE,DAYLIGHT,,,3/15/2021 9:19:41 AM,False,2661,Accepted,
27886317,0568000,LOUISVILLE METRO POLICE DEPT,Accepted,JEFFERSON,US0150,,BROADWAY,,E,,HANCOCK,,,,,38.244983091,-85.743568176,3.189,3/11/2021 12:00:00 AM,1810,2,2,0,0,CLEAR,DRY,False,ANGLE COLLISION - OTHER,ANGLE,STRAIGHT & LEVEL,DUSK,,,3/15/2021 9:21:10 AM,False,7118,Accepted,
27876597,0568000,LOUISVILLE METRO POLICE DEPT,Accepted,JEFFERSON,,1800B,COLUMBIA,ST,,,,,,,,38.261345949,-85.779641230,0.200,3/11/2021 12:00:00 AM,1557,2,2,0,0,CLOUDY,DRY,True,1 VEHICLE PARKED POSITION (NOT PARKING LOT/DRIVEWAY),REAR END,STRAIGHT & LEVEL,DAYLIGHT,,,3/12/2021 9:18:32 AM,False,7937,Accepted,
27876598,0568000,LOUISVILLE METRO POLICE DEPT,Accepted,JEFFERSON,US0031E,,BARDSTOWN,RD,,,,,,,,38.168921817,-85.604954135,7.239,3/11/2021 12:00:00 AM,1720,2,2,0,1,CLOUDY,DRY,False,REAR END IN TRAFFIC LANES BOTH VEHICLES MOVING,REAR END,STRAIGHT & LEVEL,DAYLIGHT,,,3/12/2021 9:18:35 AM,False,7698,Accepted,
27876606,0568000,LOUISVILLE METRO POLICE DEPT,Accepted,JEFFERSON,US0150,,BROADWAY,,E,,CLAY,,,,,38.244831357,-85.741512446,3.303,3/11/2021 12:00:00 AM,2145,2,2,0,0,RAINING,WET,False,ANGLE COLLISION - OTHER,ANGLE,STRAIGHT & LEVEL,DARK-HWY LIGHTED/ON,,,3/12/2021 9:18:53 AM,False,5135,Accepted,
27873216,0568000,LOUISVILLE METRO POLICE DEPT,Accepted,JEFFERSON,,1803,PARK,RD,S,,,,,,,38.117265547,-85.733937567,3.317,3/11/2021 12:00:00 AM,0800,1,1,0,0,CLEAR,DRY,True,OTHER ROADWAY OR MID-BLOCK COLLISION,SINGLE VEHICLE,STRAIGHT & HILLCREST,DAYLIGHT,,,3/11/2021 1:31:37 PM,False,7669,Accepted,
27886282,0568000,LOUISVILLE METRO POLICE DEPT,Accepted,JEFFERSON,KY0907,,3RD ST,RD,,,,,ARNOLDTOWN,KY2055,MANSLICK,38.122947635,-85.800115506,4.219,3/11/2021 12:00:00 AM,1500,1,1,0,1,CLEAR,DRY,False,RAN OFF ROADWAY (1 VEHICLE WITH/EARTH EMBANKMENT/DITCH),SINGLE VEHICLE,CURVE & LEVEL,DAYLIGHT,,,3/15/2021 9:18:46 AM,False,2142,Accepted,
27873018,0561000,JEFFERSONTOWN POLICE DEPT,Accepted,JEFFERSON,I 0064,,I64 E,,,,,I 0064,I64 E EXIT15 OFF RAMP TO KY1747,I 0064,I64 E EXIT15B OFF RAMP TO KY1747,38.223610204,-85.579586239,14.992,3/11/2021 12:00:00 AM,0950,2,2,0,0,CLOUDY,DRY,False,REAR END IN TRAFFIC LANES BOTH VEHICLES MOVING,REAR END,STRAIGHT & LEVEL,DAYLIGHT,,,3/11/2021 12:55:26 PM,False,8253,Accepted,
27895911,0568000,LOUISVILLE METRO POLICE DEPT,Accepted,JEFFERSON,I 0065,,I65 S,,,KY2803,ARTHUR,,,,,38.215997023,-85.752615071,133.166,3/11/2021 12:00:00 AM,1929,2,2,0,1,RAINING,WET,False,OTHER INTERSECTION COLLISIONS,REAR END,STRAIGHT & LEVEL,DARK-HWY LIGHTED/ON,,,3/17/2021 9:45:57 AM,False,5196,Accepted,
27914290,0568000,LOUISVILLE METRO POLICE DEPT,Accepted,JEFFERSON,,,2ND,ST,S,,DENNY CRUM OVERPASS,,,,,38.204522999,-85.763195891,2.408,3/11/2021 12:00:00 AM,2057,2,2,0,3,RAINING,WET,False,ANGLE COLLISION - OTHER,ANGLE,STRAIGHT & HILLCREST,DUSK,,,3/22/2021 8:27:35 AM,False,7291,Accepted,
27890266,0568000,LOUISVILLE METRO POLICE DEPT,Accepted,JEFFERSON,I 0264,,I264 W,,,,,I 0264,I264 W EXIT14 OFF RAMP TO KY864,I 0264,I264 W EXIT15 ON RAMP FROM KY1703,38.199687346,-85.700840392,13.842,3/10/2021 12:00:00 AM,1730,3,3,0,2,CLEAR,DRY,False,REAR END IN TRAFFIC LANES BOTH VEHICLES MOVING,REAR END,STRAIGHT & LEVEL,DAYLIGHT,,,3/16/2021 8:09:04 AM,False,7938,Accepted,
27928204,0568000,LOUISVILLE METRO POLICE DEPT,Accepted,JEFFERSON,,1221,RIVER,RD,,,,,,,,38.262426666,-85.734486976,0.724,3/10/2021 12:00:00 AM,1629,3,1,0,1,CLEAR,DRY,True,COLLISION IN PARKING LOT,SINGLE VEHICLE,STRAIGHT & LEVEL,DAYLIGHT,,,3/25/2021 8:15:39 AM,False,7823,Accepted,
27886295,0568000,LOUISVILLE METRO POLICE DEPT,Accepted,JEFFERSON,KY1865,5851,NEW CUT,RD,,,CANDLELIGHT,,,,,38.130421817,-85.773350098,1.584,3/10/2021 12:00:00 AM,0435,1,1,0,1,CLEAR,DRY,False,OTHER INTERSECTION COLLISIONS,SINGLE VEHICLE,STRAIGHT & HILLCREST,DARK-HWY LIGHTED/ON,,,3/15/2021 9:19:58 AM,False,7115,Accepted,
27886285,0568000,LOUISVILLE METRO POLICE DEPT,Accepted,JEFFERSON,KY0864,,POPLAR LEVEL,RD,,,TILE FACTORY,,,,,38.184639176,-85.699980456,10.464,3/10/2021 12:00:00 AM,2102,2,2,0,1,CLEAR,DRY,False,ANGLE COLLISION - ONE VEHICLE TURNING RIGHT,ANGLE,STRAIGHT & LEVEL,DARK-HWY LIGHTED/ON,,,3/15/2021 9:18:58 AM,False,5053,Accepted,
27886249,0568000,LOUISVILLE METRO POLICE DEPT,Accepted,JEFFERSON,US0060A,,3RD,ST,S,,,,,,,38.212471759,-85.762664903,3.319,3/10/2021 12:00:00 AM,1400,2,2,0,0,CLEAR,DRY,False,REAR END IN TRAFFIC LANES BOTH VEHICLES MOVING,REAR END,STRAIGHT & LEVEL,DAYLIGHT,,,3/15/2021 9:16:10 AM,False,5258,Accepted,
27868831,0568000,LOUISVILLE METRO POLICE DEPT,Accepted,JEFFERSON,US0031W,,22ND,ST,S,,WILSON,,,,,38.234918166,-85.790662692,18.585,3/10/2021 12:00:00 AM,0720,2,2,0,1,CLEAR,DRY,False,ANGLE COLLISION - OTHER,ANGLE,STRAIGHT & LEVEL,DAYLIGHT,,,3/10/2021 2:25:39 PM,False,5132,Accepted,
27868837,0568000,LOUISVILLE METRO POLICE DEPT,Accepted,JEFFERSON,KY1934,,CANE RUN,RD,,,,,SHANKS,,COVENTRY,38.195123963,-85.843016371,8.755,3/10/2021 12:00:00 AM,1200,2,2,0,0,CLEAR,DRY,False,SIDESWIPE COLLISION - SAME DIRECTION,SIDESWIPE-SAME DIRECTION,STRAIGHT & LEVEL,DAYLIGHT,,,3/10/2021 2:25:59 PM,False,5272,Accepted,
27870452,0561000,JEFFERSONTOWN POLICE DEPT,Accepted,JEFFERSON,KY1819,,BILLTOWN,RD,,,FAIRGROUND,,,,,38.173267752,-85.573008193,7.664,3/10/2021 12:00:00 AM,1925,2,2,0,1,CLEAR,DRY,False,ANGLE COLLISION - OTHER,ANGLE,STRAIGHT & LEVEL,DARK-HWY LIGHTED/ON,,,3/10/2021 9:05:29 PM,False,8316,Accepted,
27868836,0568000,LOUISVILLE METRO POLICE DEPT,Accepted,JEFFERSON,KY1703,,BAXTER,AVE,,,,,,,,38.239312114,-85.723873185,5.621,3/10/2021 12:00:00 AM,1143,2,2,0,0,CLOUDY,DRY,False,COLLISION IN PARKING LOT,REAR END,STRAIGHT & LEVEL,DAYLIGHT,,,3/10/2021 2:25:56 PM,False,7673,Accepted,
27873203,0568000,LOUISVILLE METRO POLICE DEPT,Accepted,JEFFERSON,US0031W,,DIXIE,HWY,,,UPPER HUNTERS,,,,,38.168540539,-85.828640726,13.268,3/10/2021 12:00:00 AM,1445,2,1,0,1,CLEAR,DRY,False,COLLISION WITH PEDESTRIAN IN INTERSECTION,SINGLE VEHICLE,STRAIGHT & LEVEL,DAYLIGHT,,,3/11/2021 1:29:58 PM,False,5296,Accepted,
27873204,0568000,LOUISVILLE METRO POLICE DEPT,Accepted,JEFFERSON,KY0841,,GENE SNYDER,FWY,,,,,,,,38.111789149,-85.801001270,4.610,3/10/2021 12:00:00 AM,1500,2,2,0,2,CLEAR,DRY,True,REAR END IN TRAFFIC LANES BOTH VEHICLES MOVING,REAR END,STRAIGHT & LEVEL,DAYLIGHT,,,3/11/2021 1:30:02 PM,False,5321,Accepted,
27873212,0568000,LOUISVILLE METRO POLICE DEPT,Accepted,JEFFERSON,,1100,MARKET,ST,E,,,,,,,38.252485866,-85.731377974,0.050,3/10/2021 12:00:00 AM,2254,2,2,0,1,CLEAR,DRY,False,COLLISION WITH FIXED OBJECT NON - INTERSECTION - FIRST EVENT COLLISION 09 - 32 EXCLUDING 16,HEAD ON,CURVE & LEVEL,DARK-HWY LIGHTED/ON,,,3/11/2021 1:31:12 PM,False,5271,Accepted,
27873213,0568000,LOUISVILLE METRO POLICE DEPT,Accepted,JEFFERSON,KY0061,,PRESTON,HWY,,,SPRINGVIEW,,,,,38.119716006,-85.677735450,2.570,3/10/2021 12:00:00 AM,1923,2,2,0,4,CLEAR,DRY,False,OPPOSING LEFT TURN,OPPOSING LEFT TURN,STRAIGHT & LEVEL,DARK (UNKNOWN ROADWAY LIGHTING),,,3/11/2021 1:31:20 PM,False,5182,Accepted,
27882832,0560400,SHIVELY POLICE DEPARTMENT,Accepted,JEFFERSON,US0031W,,DIXIE,HWY,,,MILLERS,,,,,38.214762359,-85.795999804,17.083,3/10/2021 12:00:00 AM,0155,2,2,0,0,CLEAR,DRY,False,ANGLE COLLISION - OTHER,ANGLE,STRAIGHT & LEVEL,DARK-HWY LIGHTED/ON,,,3/14/2021 7:14:01 AM,False,7129,Accepted,
27868833,0568000,LOUISVILLE METRO POLICE DEPT,Accepted,JEFFERSON,I 0071,,I71 N,,,,,,,,,38.318936388,-85.567372577,9.942,3/10/2021 12:00:00 AM,0655,2,2,0,0,CLEAR,DRY,False,SIDESWIPE COLLISION - SAME DIRECTION,SIDESWIPE-SAME DIRECTION,STRAIGHT & LEVEL,DAYLIGHT,,,3/10/2021 2:25:45 PM,False,4903,Accepted,
27868835,0568000,LOUISVILLE METRO POLICE DEPT,Accepted,JEFFERSON,I 0065,,I65 N,,,,,,,,,38.101632947,-85.700892917,124.237,3/10/2021 12:00:00 AM,1144,2,2,0,0,CLEAR,DRY,True,SIDESWIPE COLLISION - SAME DIRECTION,SIDESWIPE-SAME DIRECTION,STRAIGHT & LEVEL,DAYLIGHT,,,3/10/2021 2:25:53 PM,False,4903,Accepted,
27873197,0568000,LOUISVILLE METRO POLICE DEPT,Accepted,JEFFERSON,,,VAUGHN MILL,RD,,,PEPPERMILL,,,,,38.142999211,-85.627376449,0.142,3/10/2021 12:00:00 AM,0924,2,2,0,0,CLOUDY,DRY,False,ANGLE COLLISION - OTHER,ANGLE,STRAIGHT & LEVEL,DAYLIGHT,,,3/11/2021 1:29:39 PM,False,4693,Accepted,
27873198,0568000,LOUISVILLE METRO POLICE DEPT,Accepted,JEFFERSON,,,NOLTEMEYER WYNDE,,,,,,,,,38.138989980,-85.680416442,0.059,3/10/2021 12:00:00 AM,1202,2,2,0,0,CLOUDY,DRY,False,1 VEHICLE ENTERING/LEAVING ENTRANCE,ANGLE,STRAIGHT & LEVEL,DAYLIGHT,,,3/11/2021 1:29:42 PM,False,4693,Accepted,
27873215,0568000,LOUISVILLE METRO POLICE DEPT,Accepted,JEFFERSON,KY1865,,NEW CUT,RD,,KY0907,3RD ST,,,,,38.144474286,-85.774958682,2.575,3/10/2021 12:00:00 AM,1805,2,2,0,1,CLEAR,DRY,False,HEAD-ON COLLISION,HEAD ON,STRAIGHT & LEVEL,DAYLIGHT,,,3/11/2021 1:31:32 PM,False,7139,Accepted,
27873200,0568000,LOUISVILLE METRO POLICE DEPT,Accepted,JEFFERSON,,727,ORMSBY,AVE,E,,,,,,,38.230305166,-85.743335050,0.626,3/10/2021 12:00:00 AM,1613,2,2,0,0,CLOUDY,DRY,False,1 VEHICLE ENTERING/LEAVING ENTRANCE,ANGLE,STRAIGHT & LEVEL,DAYLIGHT,,,3/11/2021 1:29:50 PM,False,7689,Accepted,
27873208,0568000,LOUISVILLE METRO POLICE DEPT,Accepted,JEFFERSON,KY0061,8325,PRESTON,HWY,,,,,,,,38.130132053,-85.682075764,3.311,3/10/2021 12:00:00 AM,1849,2,2,0,0,CLEAR,DRY,False,OTHER ROADWAY OR MID-BLOCK COLLISION,REAR END,STRAIGHT & LEVEL,DUSK,,,3/11/2021 1:30:53 PM,False,5336,Accepted,
27873209,0568000,LOUISVILLE METRO POLICE DEPT,Accepted,JEFFERSON,KY1020,,SOUTHSIDE,DR,,,GHEENS,,,,,38.167900311,-85.764764799,6.703,3/10/2021 12:00:00 AM,2112,2,2,0,0,CLEAR,DRY,False,OPPOSITE DIRECTION - BOTH VEHICLES GOING STRAIGHT AHEAD,SIDESWIPE-OPPOSITE DIRECTION,STRAIGHT & LEVEL,DARK-HWY LIGHTED/ON,,,3/11/2021 1:30:57 PM,False,5212,Accepted,
27873210,0568000,LOUISVILLE METRO POLICE DEPT,Accepted,JEFFERSON,US0150,,BROADWAY,,E,,BROOK,,,,,38.245621137,-85.751676821,2.728,3/10/2021 12:00:00 AM,2013,2,2,0,0,CLEAR,DRY,False,ANGLE COLLISION - ONE VEHICLE TURNING RIGHT,ANGLE,STRAIGHT & LEVEL,DARK-HWY LIGHTED/ON,,,3/11/2021 1:31:02 PM,False,5135,Accepted,
27876611,0568000,LOUISVILLE METRO POLICE DEPT,Accepted,JEFFERSON,I 0065,,I65 S,,,,,,,,,38.225220724,-85.751447713,133.812,3/10/2021 12:00:00 AM,1907,2,2,0,0,CLEAR,DRY,False,SIDESWIPE COLLISION - SAME DIRECTION,SIDESWIPE-SAME DIRECTION,STRAIGHT & LEVEL,DARK-HWY NOT LIGHTED,,,3/12/2021 9:19:14 AM,False,5301,Accepted,
27904741,0568000,LOUISVILLE METRO POLICE DEPT,Accepted,JEFFERSON,US0031W,,DIXIE,HWY,,,,,ELEENA,KY0044,KY44 TURN LANE,38.020865795,-85.918581089,1.857,3/10/2021 12:00:00 AM,1727,1,1,0,1,CLEAR,DRY,False,COLLISION WITH FIXED OBJECT NON - INTERSECTION - FIRST EVENT COLLISION 09 - 32 EXCLUDING 16,SINGLE VEHICLE,STRAIGHT & LEVEL,DAYLIGHT,,,3/19/2021 9:26:43 AM,False,2098,Accepted,
27873218,0568000,LOUISVILLE METRO POLICE DEPT,Accepted,JEFFERSON,KY0061,,PRESTON,HWY,,,COOPER CHAPEL,,,,,38.103519123,-85.672514197,1.400,3/10/2021 12:00:00 AM,1327,3,3,0,3,CLOUDY,DRY,False,ANGLE COLLISION - OTHER,ANGLE,STRAIGHT & LEVEL,DAYLIGHT,,,3/11/2021 1:31:49 PM,False,4693,Accepted,
27873418,0568000,LOUISVILLE METRO POLICE DEPT,Accepted,JEFFERSON,KY1065,,OUTER,LOOP,,,SHEPHERDSVILLE,,,,,38.138976286,-85.657641596,7.657,3/10/2021 12:00:00 AM,1716,2,1,0,0,CLEAR,DRY,False,SIDESWIPE-SAME DIRECTION,SIDESWIPE-SAME DIRECTION,STRAIGHT & LEVEL,DAYLIGHT,,,3/11/2021 1:30:07 PM,False,7379,Accepted,
28216288,0560400,SHIVELY POLICE DEPARTMENT,Accepted,JEFFERSON,US0031W,2300B,DIXIE,HWY,,,,,,,,38.216356275,-85.795328137,17.151,3/10/2021 12:00:00 AM,0617,3,3,0,2,CLEAR,DRY,False,1 VEHICLE ENTERING/LEAVING ENTRANCE,ANGLE,STRAIGHT & LEVEL,DARK-HWY LIGHTED/ON,,,6/4/2021 2:42:42 PM,False,7131,Accepted,